Builder,Pedal,Type
Amptweaker,Bass BluesFuzz,Fuzz
Amptweaker,Bass BluesFuzz Jr,Fuzz
Amptweaker,Bass TightDrive,Overdrive
Amptweaker,Bass TightDrive Jr,Overdrive
Amptweaker,Bass TightFuzz,Fuzz
Amptweaker,Bass TightFuzz Jr,Fuzz
Amptweaker,Bass TightMetal Jr,Distortion
Amptweaker,Bass TightRock Jr,Distortion
Amptweaker,Bass TightRock Jr,Overdrive
Amptweaker,Big Rock Pro,Distortion
Amptweaker,Big Rock Pro,Overdrive
Amptweaker,Big Rock Pro II,Distortion
Amptweaker,Big Rock Pro II,Overdrive
Amptweaker,BluesFuzz,Fuzz
Amptweaker,BluesFuzz Jr,Fuzz
Amptweaker,Fat Metal,Distortion
Amptweaker,Fat Metal Pro,Distortion
Amptweaker,Fat Metal Pro II,Distortion
Amptweaker,Fat Rock,Distortion
Amptweaker,FatRock Distortion,Distortion
Amptweaker,Tight Drive,Overdrive
Amptweaker,Tight Drive Jr,Overdrive
Amptweaker,Tight Drive Pro,Overdrive
Amptweaker,Tight Metal,Distortion
Amptweaker,Tight Metal Jr,Distortion
Amptweaker,Tight Metal Pro,Distortion
Amptweaker,Tight Metal Pro II,Distortion
Amptweaker,Tight Rock,Distortion
Amptweaker,Tight Rock,Overdrive
Amptweaker,Tight Rock Jr,Distortion
Amptweaker,Tight Rock Jr,Overdrive
Amptweaker,TightBoost,Overdrive
Amptweaker,TightFuzz,Fuzz
Amptweaker,TightFuzz Jr,Fuzz
Amptweaker,TightFuzz Pro,Fuzz
Analog Alien,Alien Bass Station,Distortion
Analog Alien,Alien Bass Station,Fuzz
Analog Alien,Alien Bass Station,Overdrive
Analog Alien,Alien Tone Dragon,Fuzz
Analog Alien,Alien Tone Dragon,Overdrive
Analog Alien,Alien Twister,Distortion
Analog Alien,Alien Twister,Fuzz
Analog Alien,Alien Twister,Overdrive
Analog Alien,Bucket Seat,Overdrive
Analog Alien,FuzzBubble-45,Distortion
Analog Alien,FuzzBubble-45,Fuzz
Analog Alien,FuzzBubble-45,Overdrive
Analog Alien,Joe Walsh Double Classic,Overdrive
Analog Alien,Rumble Seat,Overdrive
Analog Man,Astro Tone,Fuzz
Analog Man,King Of Tone,Distortion
Analog Man,King Of Tone,Overdrive
Analog Man,Peppermint Fuzz,Fuzz
Analog Man,Prince Of Tone,Distortion
Analog Man,Prince Of Tone,Overdrive
Analog Man,Sun Face,Fuzz
Analog Man,Sun Lion,Fuzz
Animal Factory Amplification,Baron Samedi,Fuzz
Animal Factory Amplification,Chemical Burn,Fuzz
Animal Factory Amplification,Dirty Mirror,Fuzz
Animal Factory Amplification,Godeater,Distortion
Animal Factory Amplification,Godeater+,Distortion
Animal Factory Amplification,Godeater,Fuzz
Animal Factory Amplification,Ozymandias,Distortion
Animal Factory Amplification,Ozymandias,Overdrive
Animal Factory Amplification,Pit Viper,Distortion
Animal Factory Amplification,Pit Viper,Overdrive
Audiolithe,Chaosculpt Bass,Fuzz
Audiolithe,Doomer Fuzz,Fuzz
Audiolithe,Extinction Drive,Fuzz
Audiolithe,Extinction Drive,Overdrive
Audiolithe,La Montagne,Fuzz
Audiolithe,The Empress Bass,Overdrive
Barbarossa,CHIMAERA,Overdrive
Barbarossa,CRONUS,Distortion
Barbarossa,CRONUS,Overdrive
Barbarossa,GARGOYLE,Distortion
Barbarossa,GARGOYLE,Overdrive
Barbarossa,URANUS,Overdrive
Barber Electronics,1/2 Gainer,Overdrive
Barber Electronics,B-Custom Cool,Overdrive
Barber Electronics,B-Custom Dual Discrete,Overdrive
Barber Electronics,B-Custom Super Sport,Overdrive
Barber Electronics,Burn Unit,Distortion
Barber Electronics,Burn Unit,Overdrive
Barber Electronics,Burn Unit lineage,Distortion
Barber Electronics,Deep Fryer,Overdrive
Barber Electronics,Direct Drive Compact / Direct Drive v4,Distortion
Barber Electronics,Direct Drive Compact / Direct Drive v4,Overdrive
Barber Electronics,Dirty Bomb,Distortion
Barber Electronics,Exacta,Fuzz
Barber Electronics,FWW BUSS,Distortion
Barber Electronics,FWW BUSS,Overdrive
Barber Electronics,FWW BUSS HG,Distortion
Barber Electronics,FWW BUSS HG,Overdrive
Barber Electronics,FWW Plus,Distortion
Barber Electronics,FWW Plus,Overdrive
Barber Electronics,Gain Changer lineage,Distortion
Barber Electronics,Gain Changer SR,Distortion
Barber Electronics,Gain Changer SR,Overdrive
Barber Electronics,LTD SR,Distortion
Barber Electronics,LTD SR,Overdrive
Barber Electronics,LTD v2,Distortion
Barber Electronics,LTD v2,Overdrive
Barber Electronics,Midnight Standard,Distortion
Barber Electronics,Midnight Standard,Overdrive
Barber Electronics,Pepsiman,Distortion
Barber Electronics,Pepsiman,Overdrive
Barber Electronics,Small Fry,Distortion
Barber Electronics,Small Fry,Overdrive
Barber Electronics,Small Fry Burn Unit,Overdrive
Barber Electronics,Trifecta,Fuzz
Barber Electronics,UnLimiTeD,Distortion
Barber Electronics,UnLimiTeD,Overdrive
Basic Audio,Alter-Destiny,Fuzz
Basic Audio,Blender,Fuzz
Basic Audio,Bye-Bias,Fuzz
Basic Audio,Bye-Bias (Germanium),Fuzz
Basic Audio,DOT,Fuzz
Basic Audio,Eve fuzz,Fuzz
Basic Audio,Face,Fuzz
Basic Audio,Foxey Lady,Fuzz
Basic Audio,Foxton,Fuzz
Basic Audio,Futureman,Distortion
Basic Audio,Futureman,Fuzz
Basic Audio,Futureman,Overdrive
Basic Audio,Fuzz Mutant,Fuzz
Basic Audio,Fuzz Right,Fuzz
Basic Audio,Gnarly,Fuzz
Basic Audio,Gypsy fuzz,Fuzz
Basic Audio,Kay Fuzz,Fuzz
Basic Audio,Knight fuzz,Fuzz
Basic Audio,Low Volt,Fuzz
Basic Audio,Marq Won,Fuzz
Basic Audio,Nonts,Fuzz
Basic Audio,Orpheum,Fuzz
Basic Audio,Oscix,Fuzz
Basic Audio,Overtdrive,Overdrive
Basic Audio,Pirk,Fuzz
Basic Audio,Scarab Deluxe,Fuzz
Basic Audio,Sharp Tooth,Fuzz
Basic Audio,Solar Myth,Fuzz
Basic Audio,Spooky Tooth,Fuzz
Basic Audio,Supa,Fuzz
Basic Audio,Supa MKI,Fuzz
Basic Audio,Supa Tweak,Fuzz
Basic Audio,Super Fuzz,Fuzz
Basic Audio,Tri-Ram Muff,Fuzz
Basic Audio,Zippy,Fuzz
Basic Audio,Zonk,Fuzz
Beetronics FX,Abelha Tropical Fuzz,Fuzz
Beetronics FX,Fatbee,Overdrive
Beetronics FX,Nectar Tone Sweetener,Fuzz
Beetronics FX,Nectar Tone Sweetener,Overdrive
Beetronics FX,Octahive V2,Fuzz
Beetronics FX,Overhive,Overdrive
Beetronics FX,Royal Jelly,Fuzz
Beetronics FX,Royal Jelly,Overdrive
Beetronics FX,Swarm Fuzz Harmonizer,Fuzz
Beetronics FX,Tuna Fuzz,Fuzz
Beetronics FX,Vezzpa Octave Stinger,Fuzz
Benson Amps,Deep Sea Diver Fuzz-Echo,Fuzz
Benson Amps,Germanium Fuzz,Fuzz
Benson Amps,Germanium Fuzz,Overdrive
Benson Amps,Germanium Preamp Pedal,Fuzz
Benson Amps,Germanium Preamp Pedal,Overdrive
Benson Amps,Portable Distortion 424 MKII,Distortion
Benson Amps,Preamp Pedal,Fuzz
Benson Amps,Preamp Pedal,Overdrive
Benson Amps,Störkn B0kš,Fuzz
Benson Amps,Stonk Box,Fuzz
Big John Effects,Dirty Sandwich,Overdrive
Big John Effects,Granny Puker,Distortion
Big John Effects,Granny Puker,Overdrive
Big John Effects,Hairy Balls,Distortion
Big John Effects,Hairy Balls,Fuzz
Big John Effects,Hairy Balls,Overdrive
Big John Effects,Lil' John series,Fuzz
Big John Effects,Obama Wah,Distortion
Big John Effects,Pocket Rocket,Overdrive
Big Knob Pedals,Appetite for Distortion,Distortion
Big Knob Pedals,Black Metallic,Distortion
Big Knob Pedals,Blues Buster,Overdrive
Big Knob Pedals,Bushy Bison,Fuzz
Big Knob Pedals,Civil Warp,Fuzz
Big Knob Pedals,Colour Jumbo,Fuzz
Big Knob Pedals,Creamy Pi,Fuzz
Big Knob Pedals,D OverDrive 250,Overdrive
Big Knob Pedals,Fuzz Barn,Fuzz
Big Knob Pedals,Fuzz Space,Fuzz
Big Knob Pedals,Game of Tones,Overdrive
Big Knob Pedals,Green Russian,Fuzz
Big Knob Pedals,Guv'nator,Distortion
Big Knob Pedals,I.C.B.M,Fuzz
Big Knob Pedals,Legend TB,Fuzz
Big Knob Pedals,Mad Donkey,Overdrive
Big Knob Pedals,NYC Version 6,Fuzz
Big Knob Pedals,Octavius,Fuzz
Big Knob Pedals,Pig Stomp,Fuzz
Big Knob Pedals,Pink Freud,Fuzz
Big Knob Pedals,Pink Freud,Overdrive
Big Knob Pedals,Range Blaster,Overdrive
Big Knob Pedals,Rat Pak,Distortion
Big Knob Pedals,Rock-Ola,Distortion
Big Knob Pedals,Tone Blender,Fuzz
Big Knob Pedals,Tone Boner,Overdrive
Big Knob Pedals,Tone-Nation,Distortion
Big Knob Pedals,Tube 808,Overdrive
Big Knob Pedals,Zed Drive,Overdrive
BIXONIC,AXENTRIX A1,Distortion
BIXONIC,AXENTRIX A1,Fuzz
BIXONIC,AXENTRIX A1,Overdrive
BIXONIC,AXENTRIX II,Distortion
BIXONIC,AXENTRIX II,Fuzz
BIXONIC,EXP2000DR,Distortion
BIXONIC,EXP2000DR,Fuzz
BJFE / BJF Electronics,Arctic Light Fuzz,Fuzz
BJFE / BJF Electronics,Arctic White Fuzz (AWF),Fuzz
BJFE / BJF Electronics,Big Purple Fuzz,Fuzz
BJFE / BJF Electronics,BlueBerry Bass Overdrive (3BOD),Overdrive
BJFE / BJF Electronics,Candy Apple Fuzz (CAF),Fuzz
BJFE / BJF Electronics,Concreto Distortion,Distortion
BJFE / BJF Electronics,Cranberry Over Drive,Overdrive
BJFE / BJF Electronics,Dyna Blue Distortion,Distortion
BJFE / BJF Electronics,Dyna Red Distortion (DRD),Distortion
BJFE / BJF Electronics,Emerald Green Distortion Machine (EGDM),Distortion
BJFE / BJF Electronics,Folk Fuzz,Fuzz
BJFE / BJF Electronics,Honey Bee Overdrive (HBOD),Overdrive
BJFE / BJF Electronics,Lingonberry Over Drive,Overdrive
BJFE / BJF Electronics,Little Green Wonder (LGW),Overdrive
BJFE / BJF Electronics,Mighty Blue Overdrive,Overdrive
BJFE / BJF Electronics,Mighty Red Distortion (MRD),Distortion
BJFE / BJF Electronics,Model R,Distortion
BJFE / BJF Electronics,Pink Purple Fuzz (PPF),Fuzz
BJFE / BJF Electronics,Smokey Orange Fuzz,Fuzz
BJFE / BJF Electronics,Sparkling Yellow Overdrive (SYOD),Overdrive
BJFE / BJF Electronics,Sparkling Yellow Overdrive Version 2 (SYOD V.2),Overdrive
Black Arts Toneworks,BAT,Distortion
Black Arts Toneworks,BAT,Overdrive
Black Arts Toneworks,Black Forest,Distortion
Black Arts Toneworks,Black Forest,Fuzz
Black Arts Toneworks,Black Forest,Overdrive
Black Arts Toneworks,Black Sheep,Distortion
Black Arts Toneworks,Black Sheep,Fuzz
Black Arts Toneworks,Coven,Distortion
Black Arts Toneworks,Coven,Fuzz
Black Arts Toneworks,Coven,Overdrive
Black Arts Toneworks,Crown of Horns,Distortion
Black Arts Toneworks,Crown of Horns,Fuzz
Black Arts Toneworks,Destroyer,Distortion
Black Arts Toneworks,Destroyer,Fuzz
Black Arts Toneworks,FNORD,Distortion
Black Arts Toneworks,FNORD,Fuzz
Black Arts Toneworks,LSTR,Distortion
Black Arts Toneworks,LSTR,Fuzz
Black Arts Toneworks,Pharaoh,Distortion
Black Arts Toneworks,Pharaoh,Fuzz
Black Arts Toneworks,Pharaoh Supreme,Distortion
Black Arts Toneworks,Pharaoh Supreme,Fuzz
Black Arts Toneworks,Priestess,Distortion
Black Arts Toneworks,Priestess,Fuzz
Black Arts Toneworks,Quantum Mystic,Distortion
Black Arts Toneworks,Quantum Mystic,Overdrive
Black Arts Toneworks,Rabid Mammal,Distortion
Black Arts Toneworks,Rabid Mammal,Fuzz
Black Arts Toneworks,Raw Heart OD,Distortion
Black Arts Toneworks,Raw Heart OD,Overdrive
Black Arts Toneworks,Revelation,Distortion
Black Arts Toneworks,Revelation,Overdrive
Black Arts Toneworks,Sarcophagus,Distortion
Black Arts Toneworks,Sarcophagus,Fuzz
Black Arts Toneworks,Skyboost,Distortion
Black Arts Toneworks,Skyboost,Fuzz
Black Arts Toneworks,Son of Pharaoh,Distortion
Black Arts Toneworks,Son of Pharaoh,Fuzz
Black Arts Toneworks,Tres Diablos Ruidosos,Distortion
Black Arts Toneworks,Tres Diablos Ruidosos,Fuzz
Black Arts Toneworks,Tres Diablos Ruidosos,Overdrive
Black Arts Toneworks,Witch Burner MkII,Overdrive
Blackhawk Amplifiers,Asgard Bass Fuzz,Fuzz
Blackhawk Amplifiers,Balrog Distortion MKII,Distortion
Blackhawk Amplifiers,Balrog Distortion MKII,Overdrive
Blackhawk Amplifiers,Basilisk Fuzz,Fuzz
Blackhawk Amplifiers,Fellbeast Fuzz,Fuzz
Blackhawk Amplifiers,Gandalf Fuzz,Fuzz
Blackhawk Amplifiers,Green / Black Russian Pi π Fuzz,Fuzz
Blackhawk Amplifiers,Heimdall-2 MKII,Distortion
Blackhawk Amplifiers,Heimdall-2 MKII,Overdrive
Blackhawk Amplifiers,Heimdall-3 MKII Distortion,Distortion
Blackhawk Amplifiers,Mithrandir Octave Fuzz,Fuzz
Blackhawk Amplifiers,Morgul Drive MKII,Overdrive
Blackhawk Amplifiers,Nazgûl MKII {Parallel} Distortion and Fuzz,Distortion
Blackhawk Amplifiers,Nazgûl MKII {Parallel} Distortion and Fuzz,Fuzz
Blackhawk Amplifiers,Pi π Bass Fuzz,Fuzz
Blackhawk Amplifiers,Pi π Fuzz,Fuzz
Blackhawk Amplifiers,Ramshead Fuzz,Fuzz
Blackhawk Amplifiers,Svarog Fuzz,Fuzz
Blackhawk Amplifiers,Triangle Fuzz,Fuzz
Blackhawk Amplifiers,Uruk-Hai MKII {Parallel} Drive & Fuzz,Distortion
Blackhawk Amplifiers,Uruk-Hai MKII {Parallel} Drive & Fuzz,Fuzz
Blackhawk Amplifiers,Uruk-Hai MKII {Parallel} Drive & Fuzz,Overdrive
Blackhawk Amplifiers,Valhalla Fuzz,Fuzz
Blackhawk Amplifiers,Valkyrie Drive,Overdrive
Blackhawk Amplifiers,Windhand LBM Fuzz,Distortion
Blackhawk Amplifiers,Windhand LBM Fuzz,Fuzz
BlackOutEffectors,A Seriously Special Twosome,Fuzz
BlackOutEffectors,A Very Special Twosome,Fuzz
BlackOutEffectors,Blunderbuss Fuzz,Fuzz
BlackOutEffectors,Blunderbuss Musket,Fuzz
BlackOutEffectors,Crystal Dagger,Fuzz
BlackOutEffectors,Dual Gain Mantra,Overdrive
BlackOutEffectors,Fix'd Fuzz,Fuzz
BlackOutEffectors,Fix'd Fuzz,Overdrive
BlackOutEffectors,Fix'd Fuzz Deluxe,Fuzz
BlackOutEffectors,Fix'd Fuzz Deluxe,Overdrive
BlackOutEffectors,FUBÄR,Fuzz
BlackOutEffectors,Fuzz Bear,Fuzz
BlackOutEffectors,Mantra Overdrive,Overdrive
BlackOutEffectors,Musket Fuzz,Fuzz
BlackOutEffectors,None promoted as a standalone manufacturer-supported identity in this block,Distortion
BlackOutEffectors,Special Twosome Deluxe,Fuzz
BlackOutEffectors,Twosome Dual Fuzz,Fuzz
BlackOutEffectors,Twosome Dual Fuzz,Overdrive
Blackstar Amplification,Dept. 10 Dual Distortion,Distortion
Blackstar Amplification,Dept. 10 Dual Distortion,Overdrive
Blackstar Amplification,Dept. 10 Dual Drive,Distortion
Blackstar Amplification,Dept. 10 Dual Drive,Overdrive
Blackstar Amplification,HT-DIST,Distortion
Blackstar Amplification,HT-DISTX,Distortion
Blackstar Amplification,HT-DRIVE,Overdrive
Blackstar Amplification,HT-DUAL,Distortion
Blackstar Amplification,HT-DUAL,Overdrive
Blackstar Amplification,HT-METAL,Distortion
Blackstar Amplification,HT-METAL,Overdrive
Blackstar Amplification,LT-DIST,Distortion
Blackstar Amplification,LT-DRIVE,Overdrive
Blackstar Amplification,LT-DUAL,Distortion
Blackstar Amplification,LT-DUAL,Overdrive
Blackstar Amplification,LT-METAL,Distortion
Blackstar Amplification,none identified,Fuzz
Bogner Amplification,Burnley,Distortion
Bogner Amplification,Ecstasy Blue,Overdrive
Bogner Amplification,Ecstasy Red,Distortion
Bogner Amplification,Ecstasy Red,Overdrive
Bogner Amplification,La Grange,Overdrive
Bogner Amplification,Oxford,Fuzz
Bogner Amplification,production status not established from reviewed current manufacturer material,Distortion
Bogner Amplification,production status not established from reviewed current manufacturer material,Fuzz
Bogner Amplification,production status not established from reviewed current manufacturer material,Overdrive
Bogner Amplification,Uberschall,Distortion
Bogner Amplification,Wessex,Overdrive
BOSS,BD-2 Blues Driver,Overdrive
BOSS,BD-2W Blues Driver,Overdrive
BOSS,DS-1 Distortion,Distortion
BOSS,DS-1W Distortion,Distortion
BOSS,DS-1X Distortion,Distortion
BOSS,DS-2 TURBO Distortion,Distortion
BOSS,FZ-1W Fuzz,Fuzz
BOSS,FZ-5 Fuzz,Fuzz
BOSS,HM-2W Heavy Metal,Distortion
BOSS,JB-2 Angry Driver,Overdrive
BOSS,MD-2 Mega Distortion,Distortion
BOSS,ML-2 Metal Core,Distortion
BOSS,MT-2 Metal Zone,Distortion
BOSS,MT-2W Metal Zone,Distortion
BOSS,OD-1X OverDrive,Overdrive
BOSS,OD-200 Hybrid Drive,Overdrive
BOSS,OD-3 OverDrive,Overdrive
BOSS,OS-2 OverDrive/Distortion,Overdrive
BOSS,SD-1 SUPER OverDrive,Overdrive
BOSS,SD-1W SUPER OverDrive,Overdrive
BOSS,ST-2 Power Stack,Distortion
Caroline Guitar Company,Aaron Graves Overdrive,Distortion
Caroline Guitar Company,Aaron Graves Overdrive,Fuzz
Caroline Guitar Company,Aaron Graves Overdrive,Overdrive
Caroline Guitar Company,CROM,Distortion
Caroline Guitar Company,CROM,Fuzz
Caroline Guitar Company,CROM,Overdrive
Caroline Guitar Company,Hawaiian Pizza,Distortion
Caroline Guitar Company,Hawaiian Pizza,Fuzz
Caroline Guitar Company,Hawaiian Pizza,Overdrive
Caroline Guitar Company,Icarus V2,Distortion
Caroline Guitar Company,Icarus V2,Fuzz
Caroline Guitar Company,Icarus V2,Overdrive
Caroline Guitar Company,Olympia,Distortion
Caroline Guitar Company,Olympia,Fuzz
Caroline Guitar Company,Olympia,Overdrive
Caroline Guitar Company,Shigeharu,Distortion
Caroline Guitar Company,Shigeharu,Fuzz
Caroline Guitar Company,Shigeharu,Overdrive
Caroline Guitar Company,The Blues,Distortion
Caroline Guitar Company,The Blues,Fuzz
Caroline Guitar Company,The Blues,Overdrive
Caroline Guitar Company,Wave Cannon MKII,Distortion
Caroline Guitar Company,Wave Cannon MKII,Fuzz
Caroline Guitar Company,Wave Cannon MKII,Overdrive
Caroline Guitar Company,Wave Cannon Zero,Distortion
Caroline Guitar Company,Wave Cannon Zero,Fuzz
Caroline Guitar Company,Wave Cannon Zero,Overdrive
Catalinbread Effects,Airstrip Console Pre,Overdrive
Catalinbread Effects,Antichthon,Fuzz
Catalinbread Effects,Carbide Distortion,Distortion
Catalinbread Effects,Clean Little Secret,Distortion
Catalinbread Effects,Clean Little Secret,Overdrive
Catalinbread Effects,Crooner Preamp,Distortion
Catalinbread Effects,Crooner Preamp,Fuzz
Catalinbread Effects,Crooner Preamp,Overdrive
Catalinbread Effects,Dirty Little Secret,Distortion
Catalinbread Effects,Dirty Little Secret,Overdrive
Catalinbread Effects,Dirty Little Secret Deluxe,Distortion
Catalinbread Effects,Dirty Little Secret Deluxe,Overdrive
Catalinbread Effects,Formula 51,Distortion
Catalinbread Effects,Formula 51,Overdrive
Catalinbread Effects,Formula 55,Distortion
Catalinbread Effects,Formula 55,Overdrive
Catalinbread Effects,Formula 5F6,Distortion
Catalinbread Effects,Formula 5F6,Overdrive
Catalinbread Effects,Formula No. 5,Distortion
Catalinbread Effects,Formula No. 5,Overdrive
Catalinbread Effects,Fuzzrite,Fuzz
Catalinbread Effects,Fuzzrite Germanium,Fuzz
Catalinbread Effects,Fuzzrite Germanium White,Fuzz
Catalinbread Effects,Fuzzrite Mini,Fuzz
Catalinbread Effects,Galileo,Distortion
Catalinbread Effects,Galileo,Overdrive
Catalinbread Effects,Galileo 4K,Distortion
Catalinbread Effects,Galileo 4K,Overdrive
Catalinbread Effects,Galileo Red Special,Distortion
Catalinbread Effects,Galileo Red Special,Overdrive
Catalinbread Effects,Giygas 2K Fuzz,Fuzz
Catalinbread Effects,Karma Suture GE,Fuzz
Catalinbread Effects,Karma Suture SI,Fuzz
Catalinbread Effects,Katzenkönig,Distortion
Catalinbread Effects,Katzenkönig,Fuzz
Catalinbread Effects,Knight School Fuzz,Fuzz
Catalinbread Effects,Knight School Overdrive,Distortion
Catalinbread Effects,Knight School Overdrive,Overdrive
Catalinbread Effects,Knightdrive,Distortion
Catalinbread Effects,Knightdrive,Overdrive
Catalinbread Effects,Little Secret,Distortion
Catalinbread Effects,Little Secret,Overdrive
Catalinbread Effects,Manx Loaghtan Fuzz,Fuzz
Catalinbread Effects,Maxon 40th Anniversary Catalinbread Modified Overdrive (OD808-40C),Overdrive
Catalinbread Effects,Merkin Fuzz,Fuzz
Catalinbread Effects,Misnomer,Distortion
Catalinbread Effects,Misnomer,Overdrive
Catalinbread Effects,Misnomer (Cabinet Series),Overdrive
Catalinbread Effects,Naga Viper,Overdrive
Catalinbread Effects,Octapussy,Fuzz
Catalinbread Effects,Perseus DIO,Fuzz
Catalinbread Effects,Perseus DIO (dry distortion section only; octave-down function excluded from census categorying),Distortion
Catalinbread Effects,RAH,Distortion
Catalinbread Effects,RAH,Overdrive
Catalinbread Effects,Sabbra Cadabra,Distortion
Catalinbread Effects,Sabbra Cadabra,Overdrive
Catalinbread Effects,SFT,Distortion
Catalinbread Effects,SFT,Fuzz
Catalinbread Effects,SFT,Overdrive
Catalinbread Effects,SideArm Overdrive,Distortion
Catalinbread Effects,SideArm Overdrive,Overdrive
Catalinbread Effects,Silver Kiss Overdrive,Overdrive
Catalinbread Effects,Silver Kiss Overdrive (2007 Reissue),Overdrive
Catalinbread Effects,StarCrash Fuzz,Fuzz
Chase Bliss,Brothers AM,Distortion
Chase Bliss,Brothers AM,Overdrive
Crazy Tube Circuits,Blackface Stardust V2,Distortion
Crazy Tube Circuits,Blackface Stardust V2,Fuzz
Crazy Tube Circuits,Blackface Stardust V2,Overdrive
Crazy Tube Circuits,Constellation,Fuzz
Crazy Tube Circuits,Constellation OC41,Distortion
Crazy Tube Circuits,Constellation OC41,Fuzz
Crazy Tube Circuits,Constellation OC41,Overdrive
Crazy Tube Circuits,Constellation OC45,Distortion
Crazy Tube Circuits,Constellation OC45,Fuzz
Crazy Tube Circuits,Constellation OC45,Overdrive
Crazy Tube Circuits,Crossfire,Distortion
Crazy Tube Circuits,Crossfire,Fuzz
Crazy Tube Circuits,Crossfire,Overdrive
Crazy Tube Circuits,Falcon,Distortion
Crazy Tube Circuits,Falcon,Fuzz
Crazy Tube Circuits,Falcon,Overdrive
Crazy Tube Circuits,Heatseeker,Distortion
Crazy Tube Circuits,Heatseeker,Fuzz
Crazy Tube Circuits,Heatseeker,Overdrive
Crazy Tube Circuits,Hi-Power,Distortion
Crazy Tube Circuits,Hi-Power,Fuzz
Crazy Tube Circuits,Hi-Power,Overdrive
Crazy Tube Circuits,Killer V,Distortion
Crazy Tube Circuits,Killer V,Fuzz
Crazy Tube Circuits,Killer V,Overdrive
Crazy Tube Circuits,Limelight,Distortion
Crazy Tube Circuits,Limelight,Fuzz
Crazy Tube Circuits,Motherload,Distortion
Crazy Tube Circuits,Motherload,Fuzz
Crazy Tube Circuits,Motherload,Overdrive
Crazy Tube Circuits,Orama,Distortion
Crazy Tube Circuits,Orama,Fuzz
Crazy Tube Circuits,Orama,Overdrive
Crazy Tube Circuits,Sidekick,Distortion
Crazy Tube Circuits,Sidekick,Fuzz
Crazy Tube Circuits,Sidekick,Overdrive
Crazy Tube Circuits,Space Charged V2,Distortion
Crazy Tube Circuits,Space Charged V2,Fuzz
Crazy Tube Circuits,Space Charged V2,Overdrive
Crazy Tube Circuits,Stardust v3,Distortion
Crazy Tube Circuits,Stardust v3,Fuzz
Crazy Tube Circuits,Stardust v3,Overdrive
Crazy Tube Circuits,Stardust V3,Overdrive
Crazy Tube Circuits,Starlight,Distortion
Crazy Tube Circuits,Starlight,Fuzz
Crazy Tube Circuits,Starlight,Overdrive
Crazy Tube Circuits,Triptychon,Fuzz
Crazy Tube Circuits,Triptychon,Overdrive
Crazy Tube Circuits,Unobtanium,Distortion
Crazy Tube Circuits,Unobtanium,Fuzz
Crazy Tube Circuits,Unobtanium,Overdrive
Crazy Tube Circuits,Unobtanium Raw,Distortion
Crazy Tube Circuits,Unobtanium Raw,Fuzz
Crazy Tube Circuits,Unobtanium Raw,Overdrive
Crazy Tube Circuits,Unobtanium RAW,Overdrive
Crazy Tube Circuits,Venus,Distortion
Crazy Tube Circuits,Venus,Fuzz
Crazy Tube Circuits,Venus,Overdrive
Crazy Tube Circuits,White Whale,Distortion
Crazy Tube Circuits,White Whale,Fuzz
Crazy Tube Circuits,White Whale,Overdrive
Crazy Tube Circuits,White Whale v2,Distortion
Crazy Tube Circuits,White Whale v2,Fuzz
Crazy Tube Circuits,White Whale v2,Overdrive
Crazy Tube Circuits,Ziggy v2,Distortion
Crazy Tube Circuits,Ziggy V2,Distortion
Crazy Tube Circuits,Ziggy v2,Fuzz
Crazy Tube Circuits,Ziggy V2,Overdrive
Crazy Tube Circuits,Ziggy v2,Overdrive
Danelectro,3699 fUZZ,Fuzz
Danelectro,Black Coffee Metal Distortion,Distortion
Danelectro,Black Paisley Liquid Metal,Distortion
Danelectro,Blue Paisley PureDrive,Overdrive
Danelectro,Cash Cow Overdrive,Overdrive
Danelectro,Cool Cat Distortion,Distortion
Danelectro,Cool Cat Drive,Overdrive
Danelectro,Cool Cat Fuzz,Fuzz
Danelectro,Cool Cat Metal,Distortion
Danelectro,Cool Cat Metal II,Distortion
Danelectro,Cool Cat Transparent Overdrive,Overdrive
Danelectro,Daddy O,Overdrive
Danelectro,Eisenhower Fuzz,Fuzz
Danelectro,FAB Distortion,Distortion
Danelectro,FAB Fuzz,Fuzz
Danelectro,FAB Metal,Distortion
Danelectro,FAB Overdrive,Overdrive
Danelectro,Fab Tone / FAB Tone Distortion,Distortion
Danelectro,French Toast,Fuzz
Danelectro,French Toast Octave Distortion,Distortion
Danelectro,Grilled Cheese Distortion,Distortion
Danelectro,Nichols 1966,Distortion
Danelectro,Nichols 1966,Fuzz
Danelectro,Pastrami Overdrive,Overdrive
Danelectro,Pride of Texas Overdrive,Overdrive
Danelectro,Roebuck,Distortion
Danelectro,T-Bone Distortion,Distortion
Danelectro,The Breakdown,Overdrive
Danelectro,Wasabi Distortion,Distortion
Danelectro,Wasabi Overdrive,Overdrive
Daredevil Pedals,Almighty Bass,Fuzz
Daredevil Pedals,British Black Belt,Distortion
Daredevil Pedals,Chicago Way,Fuzz
Daredevil Pedals,Chicago Way,Overdrive
Daredevil Pedals,COCKED & FEARLESS,Distortion
Daredevil Pedals,DAISHO,Fuzz
Daredevil Pedals,"Daredevil Cry Baby Fuzz Wah — collaboration product with a fuzz circuit, retained because Daredevil lists it among its products and it contains a dirt/fuzz function",Fuzz
Daredevil Pedals,Deep Dish-tortion,Distortion
Daredevil Pedals,DRIVE-Bi,Distortion
Daredevil Pedals,Fearless Distortion,Distortion
Daredevil Pedals,L.S.D,Fuzz
Daredevil Pedals,Logan Square Destroyer,Fuzz
Daredevil Pedals,Northern Creeper,Fuzz
Daredevil Pedals,Nova,Fuzz
Daredevil Pedals,OP Amp Fuzz V5,Fuzz
Daredevil Pedals,Premium Overdrive,Overdrive
Daredevil Pedals,Real Cool Fuzz,Fuzz
Daredevil Pedals,REAL COOL FUZZ,Fuzz
Daredevil Pedals,Red Light District,Distortion
Daredevil Pedals,Ron Asheton Real Cool Fuzz,Fuzz
Daredevil Pedals,Shrineburner Fuzz,Fuzz
Daredevil Pedals,Supernova Fuzz,Fuzz
Daredevil Pedals,Ten Tone Anniversary Fuzz,Fuzz
Daredevil Pedals,the Chicago Rat — selectable high-gain distortion mode,Distortion
Daredevil Pedals,the Chicago Rat — selectable over-clipped fuzz mode,Fuzz
Daredevil Pedals,"The Chicago Way is retained as one builder identity, not split into separate fake pedals for its internal circuits",Overdrive
Daredevil Pedals,Wolf Deluxe Fuzz,Fuzz
Death By Audio,Absolute Destruction,Distortion
Death By Audio,Absolute Destruction,Fuzz
Death By Audio,Absolute Destruction,Overdrive
Death By Audio,Apocalypse,Distortion
Death By Audio,Apocalypse,Fuzz
Death By Audio,Apocalypse,Overdrive
Death By Audio,Bass War,Distortion
Death By Audio,Bass War,Fuzz
Death By Audio,Bass War,Overdrive
Death By Audio,Crossover Fuzz,Fuzz
Death By Audio,Echo Dream 2 (fuzz function),Distortion
Death By Audio,Echo Dream 2 (fuzz function),Fuzz
Death By Audio,Echo Dream 2 (fuzz function),Overdrive
Death By Audio,Fuzz Gun,Fuzz
Death By Audio,Fuzz War,Distortion
Death By Audio,Fuzz War,Fuzz
Death By Audio,Fuzz War,Overdrive
Death By Audio,"Fuzz War (overdrive range explicitly described, but retained primarily as Fuzz; see overlap notes)",Overdrive
Death By Audio,Germanium Filter,Distortion
Death By Audio,Germanium Filter,Fuzz
Death By Audio,Germanium Filter,Overdrive
Death By Audio,"Germanium Filter (overdrive range explicitly described, but retained primarily as Distortion/Fuzz; see overlap notes)",Overdrive
Death By Audio,Harmonic Transformer,Distortion
Death By Audio,Interstellar Overdriver,Distortion
Death By Audio,Interstellar Overdriver,Fuzz
Death By Audio,Interstellar Overdriver,Overdrive
Death By Audio,Interstellar Overdriver Deluxe,Overdrive
Death By Audio,Octave Clang,Distortion
Death By Audio,Octave Clang,Fuzz
Death By Audio,Octave Clang,Overdrive
Death By Audio,Octave Clang V2,Fuzz
Death By Audio,Reverberation Machine (fuzz content not treated as a standalone category; reverb excluded),Fuzz
Death By Audio,Sonic Incinerator,Distortion
Death By Audio,Supersonic Fuzz Gun,Fuzz
Death By Audio,Thee Treble Overload,Distortion
Death By Audio,Thee Treble Overload,Fuzz
Death By Audio,Thee Treble Overload,Overdrive
DigiTech,DigiTech Death Metal,Distortion
DigiTech,DigiTech Grunge,Distortion
DigiTech,Hot Head Distortion,Distortion
DigiTech,none explicitly surfaced as a current DigiTech-branded standalone dirt pedal in the reviewed current shop/catalog,Distortion
DigiTech,none explicitly surfaced as a current DigiTech-branded standalone dirt pedal in the reviewed current shop/catalog,Overdrive
DigiTech,none explicitly surfaced as a current DigiTech-branded standalone fuzz pedal in the reviewed current shop/catalog,Fuzz
DigiTech,none promoted as a DigiTech-branded standalone Fuzz identity in the reviewed material,Fuzz
DigiTech,Redline Modified Overdrive,Overdrive
DigiTech,Screamin' Blues Overdrive / Distortion,Distortion
DigiTech,Screamin' Blues Overdrive / Distortion,Overdrive
DigiTech,X-Series Bass Driver,Distortion
DigiTech,X-Series Bass Driver,Overdrive
DigiTech,X-Series Distortion Factory DF-7,Distortion
DigiTech,X-Series Hot Rod Distortion,Distortion
DigiTech,X-Series Metal Master,Distortion
DigiTech,X-Series Tone Driver,Overdrive
Dirty Boy,AFRO FUZZ,Fuzz
Dirty Boy,JUNIOR DB Fuzz / Dirty Boy Jr. Fuzz,Fuzz
Dirty Boy,JUNIOR DB Overdrive / Dirty Boy Jr. Overdrive,Overdrive
Dirty Boy,None promoted in this block,Distortion
Dirty Boy,PREAMP,Overdrive
Dirty Boy,The Magical MYSTERY FUZZ,Fuzz
DOD Electronics,Badder Monkey,Overdrive
DOD Electronics,Bass Overdrive (FX91),Overdrive
DOD Electronics,Boneshaker,Distortion
DOD Electronics,Carcosa Fuzz,Fuzz
DOD Electronics,Chthonic Fuzz,Fuzz
DOD Electronics,D&S / D&S II Distortion & Sustainer,Distortion
DOD Electronics,Death Metal Distortion (FX86),Distortion
DOD Electronics,Flashback Fuzz (FX66),Fuzz
DOD Electronics,FX100 Even Harmonic Overdrive,Overdrive
DOD Electronics,FX101 Grind Rectifying Overdrive,Overdrive
DOD Electronics,FX102 Mystic Blues Overdrive,Overdrive
DOD Electronics,FX33 Buzz Box,Distortion
DOD Electronics,FX33 Buzz Box,Fuzz
DOD Electronics,FX50-B Overdrive Plus,Overdrive
DOD Electronics,FX51 Juice Box Overdrive,Overdrive
DOD Electronics,FX52 Classic Fuzz,Fuzz
DOD Electronics,FX55C Supra Distortion,Distortion
DOD Electronics,FX56 American Metal,Distortion
DOD Electronics,FX57 Hard Rock Distortion,Distortion
DOD Electronics,FX58 Metal Maniac,Distortion
DOD Electronics,FX59 Thrash Master,Distortion
DOD Electronics,FX66 Flashback Fuzz,Fuzz
DOD Electronics,FX69B Grunge,Distortion
DOD Electronics,FX70 Metal X,Distortion
DOD Electronics,FX76 Punkifier,Distortion
DOD Electronics,FX86 Death Metal Distortion,Distortion
DOD Electronics,FX91 Bass Overdrive,Overdrive
DOD Electronics,Gonkulator,Distortion
DOD Electronics,Grind (FX101),Distortion
DOD Electronics,Grunge (FX69B),Distortion
DOD Electronics,Gunslinger,Distortion
DOD Electronics,Gunslinger,Overdrive
DOD Electronics,Juice Box Overdrive (FX51),Overdrive
DOD Electronics,Looking Glass,Overdrive
DOD Electronics,Metal X (FX70),Distortion
DOD Electronics,Mystic Blues Overdrive (FX102),Overdrive
DOD Electronics,Overdrive Preamp 250,Distortion
DOD Electronics,Overdrive Preamp 250,Overdrive
DOD Electronics,Overdrive Preamp 250-X,Overdrive
DOD Electronics,Performer 555 Distortion,Distortion
DOD Electronics,Supra Distortion (FX55C),Distortion
DOD Electronics,YJM 308 Overdrive Preamp,Overdrive
Dr. Scientist — Ryan Clarke / Tanya Clarke / Neil Graham,Dungeon Crawler,Distortion
Dr. Scientist — Ryan Clarke / Tanya Clarke / Neil Graham,Frazz Dazzler,Fuzz
Dr. Scientist — Ryan Clarke / Tanya Clarke / Neil Graham,The Elements,Distortion
Dr. Scientist — Ryan Clarke / Tanya Clarke / Neil Graham,The Elements,Overdrive
Dr. Scientist Sounds,BitQuest,Fuzz
Dr. Scientist Sounds,Dungeon Crawler,Distortion
Dr. Scientist Sounds,Frazz Dazzler,Fuzz
Dr. Scientist Sounds,The Elements,Distortion
Dr. Scientist Sounds,The Elements,Overdrive
Dwarfcraft Devices,Abaddon,Distortion
Dwarfcraft Devices,Baby Thundaa / Baby Thunder,Distortion
Dwarfcraft Devices,Baby Thundaa / Baby Thunder,Fuzz
Dwarfcraft Devices,Bit Mangler,Fuzz
Dwarfcraft Devices,Dream Mangler,Fuzz
Dwarfcraft Devices,Eau Claire Thunder,Distortion
Dwarfcraft Devices,Eau Claire Thunder,Fuzz
Dwarfcraft Devices,Gears,Overdrive
Dwarfcraft Devices,Hair of the Dog,Fuzz
Dwarfcraft Devices,HAX,Fuzz
Dwarfcraft Devices,Necromancer,Fuzz
Dwarfcraft Devices,Reese Lightning,Fuzz
Dwarfcraft Devices,Robot Devil,Fuzz
Dwarfcraft Devices,Robot Devil,Overdrive
Dwarfcraft Devices,Rot Yr Brain,Fuzz
Dwarfcraft Devices,SheFuzz / formerly Shiva,Fuzz
Dwarfcraft Devices,Silver Rose v2,Fuzz
Dwarfcraft Devices,Spectacular Aenima,Fuzz
Dwarfcraft Devices,Spectacular Aenima,Overdrive
Dwarfcraft Devices,Surrender Dorothy,Fuzz
Dwarfcraft Devices,The Great Destroyer,Distortion
Dwarfcraft Devices,The Great Destroyer,Fuzz
Dwarfcraft Devices,The Internet,Distortion
Dwarfcraft Devices,The Internet,Overdrive
Dwarfcraft Devices,The Secret Destroyer,Fuzz
Dwarfcraft Devices,Zhago,Fuzz
EarthQuaker Devices,Acapulco Gold,Distortion
EarthQuaker Devices,Acapulco Gold — Power Amp Distortion,Distortion
EarthQuaker Devices,Acapulco Gold — Power Amp Distortion,Overdrive
EarthQuaker Devices,Barrows,Fuzz
EarthQuaker Devices,Barrows — Fuzz Attacker,Fuzz
EarthQuaker Devices,Bellows,Fuzz
EarthQuaker Devices,Bellows — Fuzz Driver,Fuzz
EarthQuaker Devices,Black Ash,Fuzz
EarthQuaker Devices,Black Ash — Endangered Fuzz,Fuzz
EarthQuaker Devices,Blumes,Overdrive
EarthQuaker Devices,Blumes — Low Signal Shredder / overdrive,Distortion
EarthQuaker Devices,Blumes — Low Signal Shredder / overdrive,Overdrive
EarthQuaker Devices,Chelsea,Fuzz
EarthQuaker Devices,Chelsea — Low End Fuzz Driver,Fuzz
EarthQuaker Devices,Cloven Hoof,Fuzz
EarthQuaker Devices,Cloven Hoof — Fuzz Grinder,Fuzz
EarthQuaker Devices,Dirt Transmitter,Fuzz
EarthQuaker Devices,Dirt Transmitter — Fuzz Driver,Fuzz
EarthQuaker Devices,Dirt Transmitter Legacy Reissue — consolidated with Dirt Transmitter,Fuzz
EarthQuaker Devices,Dirt Transmitter Legacy Reissue — Fuzz Driver,Fuzz
EarthQuaker Devices,Dunes,Overdrive
EarthQuaker Devices,Dunes — Mini Mega Ultimate Overdrive,Distortion
EarthQuaker Devices,Dunes — Mini Mega Ultimate Overdrive,Overdrive
EarthQuaker Devices,Erupter,Fuzz
EarthQuaker Devices,Erupter — Ultimate Fuzz Tone,Fuzz
EarthQuaker Devices,Fuzz Master General,Fuzz
EarthQuaker Devices,Fuzz Master General Legacy Reissue — consolidated with Fuzz Master General,Fuzz
EarthQuaker Devices,Fuzz Master General Legacy Reissue — Limited Edition Octave Fuzz Blaster,Fuzz
EarthQuaker Devices,Fuzz Master General — Octave Fuzz Blaster,Fuzz
EarthQuaker Devices,Gary,Distortion
EarthQuaker Devices,Gary,Fuzz
EarthQuaker Devices,Gary,Overdrive
EarthQuaker Devices,Gary — Automatic Pulse Width Modulation Fuzz and Dynamic Natural Overdrive,Fuzz
EarthQuaker Devices,Gary — Dynamic Natural Overdrive section within a dual-function fuzz/overdrive pedal,Distortion
EarthQuaker Devices,Gary — Dynamic Natural Overdrive section within a dual-function fuzz/overdrive pedal,Overdrive
EarthQuaker Devices,Gray Channel,Overdrive
EarthQuaker Devices,Gray Channel — Dynamic Dirt Doubler,Distortion
EarthQuaker Devices,Gray Channel — Dynamic Dirt Doubler,Overdrive
EarthQuaker Devices,Hizumitas,Fuzz
EarthQuaker Devices,Hizumitas — Fuzz Sustainar,Fuzz
EarthQuaker Devices,Hoof,Fuzz
EarthQuaker Devices,Hoof — Hybrid Fuzz,Fuzz
EarthQuaker Devices,Hoof Reaper,Fuzz
EarthQuaker Devices,Hoof Reaper — Double Fuzz with Octave Up,Fuzz
EarthQuaker Devices,Monarch,Overdrive
EarthQuaker Devices,Palisades,Overdrive
EarthQuaker Devices,Palisades — Mega Ultimate Overdrive,Distortion
EarthQuaker Devices,Palisades — Mega Ultimate Overdrive,Overdrive
EarthQuaker Devices,Park Fuzz Sound,Fuzz
EarthQuaker Devices,Park Fuzz Sound — Vintage Germanium Fuzz Tone,Fuzz
EarthQuaker Devices,Plumes,Overdrive
EarthQuaker Devices,Plumes — Small Signal Shredder / overdrive,Distortion
EarthQuaker Devices,Plumes — Small Signal Shredder / overdrive,Overdrive
EarthQuaker Devices,Rancho de la Luna Dirt Transmitter,Fuzz
EarthQuaker Devices,Rancho de la Luna Dirt Transmitter — Fuzz Driver,Fuzz
EarthQuaker Devices,Sound Shank,Fuzz
EarthQuaker Devices,Sound Shank — Germanium Fuzz,Fuzz
EarthQuaker Devices,Speaker Cranker,Overdrive
EarthQuaker Devices,Speaker Cranker — Overdrive,Distortion
EarthQuaker Devices,Special Cranker,Overdrive
EarthQuaker Devices,Special Cranker — Overdrive,Distortion
EarthQuaker Devices,Spires,Fuzz
EarthQuaker Devices,Spires — Fuzz Doubler,Fuzz
EarthQuaker Devices,Sunn O))) HalfLife,Distortion
EarthQuaker Devices,Sunn O))) HalfLife — Octave Distortion + Booster,Distortion
EarthQuaker Devices,Sunn O))) HalfLife — Octave Distortion + Booster,Overdrive
EarthQuaker Devices,Sunn O))) Life Pedal / Life Pedal V2 — consolidated identity,Distortion
EarthQuaker Devices,Sunn O))) Life Pedal — Octave Distortion + Booster,Distortion
EarthQuaker Devices,Sunn O))) Life Pedal — Octave Distortion + Booster,Overdrive
EarthQuaker Devices,Sunn O))) Life Pedal - Octave Distortion + Booster; retained as Distortion with the boost component outside scope,Distortion
EarthQuaker Devices,Sunn O))) Life Pedal V2,Distortion
EarthQuaker Devices,Sunn O))) Life Pedal V2 — Octave Distortion + Booster,Distortion
EarthQuaker Devices,Sunn O))) Life Pedal V2 — Octave Distortion + Booster,Overdrive
EarthQuaker Devices,Talons,Overdrive
EarthQuaker Devices,Talons — High Gain Overdrive,Distortion
EarthQuaker Devices,Talons — High Gain Overdrive,Overdrive
EarthQuaker Devices,Terminal,Fuzz
EarthQuaker Devices,Terminal — Destructive Fuzz Device,Fuzz
EarthQuaker Devices,Tone Reaper,Fuzz
EarthQuaker Devices,Westwood — Translucent Drive Manipulator,Distortion
EarthQuaker Devices,Westwood — Translucent Drive Manipulator,Overdrive
EarthQuaker Devices,White Light,Overdrive
EarthQuaker Devices,White Light Legacy Reissue — Overdrive,Distortion
EarthQuaker Devices,White Light Legacy Reissue — Overdrive,Overdrive
EarthQuaker Devices,Zoar,Distortion
EarthQuaker Devices,Zoar — Dynamic Audio Grinder / distortion,Distortion
EarthQuaker Devices,Zoar — Dynamic Audio Grinder / distortion,Overdrive
Electro-Harmonix,Bass Big Muff Pi,Fuzz
Electro-Harmonix,Bass Big Muff Pi 2,Fuzz
Electro-Harmonix,Bass Soul Food,Overdrive
Electro-Harmonix,Bender Royale,Fuzz
Electro-Harmonix,Big Muff Pi,Fuzz
Electro-Harmonix,Big Muff Pi 2,Fuzz
Electro-Harmonix,Big Muff Pi 2 with Tone Wicker,Fuzz
Electro-Harmonix,Big Muff Pi with Tone Wicker,Fuzz
Electro-Harmonix,Crayon Full-Range Overdrive,Overdrive
Electro-Harmonix,Deluxe Bass Big Muff Pi,Fuzz
Electro-Harmonix,Deluxe Bass Big Muff Pi 2,Fuzz
Electro-Harmonix,Deluxe Big Muff 2,Fuzz
Electro-Harmonix,Deluxe Big Muff Pi,Fuzz
Electro-Harmonix,Double Muff,Overdrive
Electro-Harmonix,East River Drive,Overdrive
Electro-Harmonix,EHX Percolator,Fuzz
Electro-Harmonix,English Muff'n,Overdrive
Electro-Harmonix,Flatiron Fuzz,Fuzz
Electro-Harmonix,Germanium 4 Big Muff Pi,Fuzz
Electro-Harmonix,Germanium 4 Big Muff Pi,Overdrive
Electro-Harmonix,Germanium OD,Overdrive
Electro-Harmonix,Green Russian Big Muff Pi,Fuzz
Electro-Harmonix,Hell Melter,Distortion
Electro-Harmonix,Hot Tubes Nano,Overdrive
Electro-Harmonix,Hot Wax Dual Overdrive,Overdrive
Electro-Harmonix,J Mascis Ram's Head Big Muff Pi,Fuzz
Electro-Harmonix,Little Big Muff Pi,Distortion
Electro-Harmonix,Little Big Muff Pi,Fuzz
Electro-Harmonix,Lizard King Bass Octave & Fuzz,Fuzz
Electro-Harmonix,Mainframe,Distortion
Electro-Harmonix,Metal Muff with Top Boost,Distortion
Electro-Harmonix,Micro Metal Muff,Distortion
Electro-Harmonix,Muff Overdrive,Overdrive
Electro-Harmonix,Nano Bass Big Muff Pi,Fuzz
Electro-Harmonix,Nano Battalion Bass Preamp & Overdrive,Overdrive
Electro-Harmonix,Nano Big Muff Pi,Fuzz
Electro-Harmonix,Nano Metal Muff,Distortion
Electro-Harmonix,Nano Operation Overlord,Overdrive
Electro-Harmonix,OD Glove MOSFET Overdrive / Distortion,Overdrive
Electro-Harmonix,Op-Amp Big Muff Pi,Fuzz
Electro-Harmonix,"Pico Triboro Bridge Overdrive, Distortion & Fuzz",Fuzz
Electro-Harmonix,Pocket Metal Muff,Distortion
Electro-Harmonix,Ram's Head Big Muff Pi,Fuzz
Electro-Harmonix,Ripped Speaker Fuzz,Fuzz
Electro-Harmonix,Satisfaction Plus,Fuzz
Electro-Harmonix,Soul Food,Overdrive
Electro-Harmonix,Soul POG Overdrive / Octave Multi-Effect,Overdrive
Electro-Harmonix,Sovtek Deluxe Big Muff Pi,Fuzz
Electro-Harmonix,Spruce Goose,Overdrive
Electro-Harmonix,Triangle Big Muff Pi,Fuzz
Electro-Harmonix,Tube Zipper,Overdrive
Electronic Audio Experiments,Citadel,Overdrive
Electronic Audio Experiments,Glaive,Fuzz
Electronic Audio Experiments,Greathammer,Overdrive
Electronic Audio Experiments,Halberd,Overdrive
Electronic Audio Experiments,Limelight,Overdrive
Electronic Audio Experiments,Longsword,Distortion
Electronic Audio Experiments,Model feT,Overdrive
Electronic Audio Experiments,Surveyor,Distortion
Electronic Audio Experiments,The Bard,Overdrive
Empress Effects,Distortion,Distortion
Empress Effects,Drive,Overdrive
Empress Effects,Fuzz,Fuzz
Empress Effects,Germ Drive,Overdrive
Empress Effects,Heavy,Distortion
Empress Effects,Heavy Menace,Distortion
Empress Effects,Multidrive,Distortion
Empress Effects,Multidrive,Fuzz
Empress Effects,Multidrive,Overdrive
Fairfield Circuitry,20% More,Distortion
Fairfield Circuitry,~900,Fuzz
Fairfield Circuitry,Barbershop — consolidated across V1 / Millennium Edition,Overdrive
Fairfield Circuitry,Modèle B,Overdrive
Fairfield Circuitry,The Unpleasant Surprise,Fuzz
Fender,Compugilist Compressor/Distortion,Distortion
Fender,Fender Blender,Distortion
Fender,Fender Distortion Pedal,Distortion
Fender,Fender Drive Pedal,Overdrive
Fender,Fender Fuzz Wah Pedal,Fuzz
Fender,Fender Shields Blender,Fuzz
Fender,Full Moon Distortion,Distortion
Fender,Hammertone Distortion,Distortion
Fender,Hammertone Fuzz,Fuzz
Fender,Hammertone Metal,Distortion
Fender,Hammertone Overdrive,Overdrive
Fender,MTG:LA Tube Distortion,Distortion
Fender,MTG Tube Distortion Pedal,Distortion
Fender,Pugilist Distortion,Distortion
Fender,Santa Ana Overdrive,Overdrive
Fender,Smolder Acoustic Overdrive,Overdrive
Fender,The Pelt Fuzz,Fuzz
Fender,The Trapper Dual Fuzz,Fuzz
Fender,Yngwie Malmsteen Overdrive Pedal,Overdrive
Fjord Fuzz,Berserk — consolidated identity across V1/V2/V3,Fuzz
Fjord Fuzz,Bjørn,Fuzz
Fjord Fuzz,Bufo,Fuzz
Fjord Fuzz,Dovre,Fuzz
Fjord Fuzz,Fjord-Fuzz Super-Fuzz,Fuzz
Fjord Fuzz,Gjallarhorn,Fuzz
Fjord Fuzz,Hedda,Fuzz
Fjord Fuzz,Måne,Fuzz
Fjord Fuzz,Midgard,Fuzz
Fjord Fuzz,Midnattsol,Fuzz
Fjord Fuzz,Mjølner,Fuzz
Fjord Fuzz,Odin,Fuzz
Fjord Fuzz,SOL,Fuzz
Fjord Fuzz,Thor,Fuzz
Foxgear,Bass Muffin,Distortion
Foxgear,Cream,Overdrive
Foxgear,Fenix,Distortion
Foxgear,Fenix,Overdrive
Foxgear,Manic,Fuzz
Foxgear,Muffin,Distortion
Foxgear,Rats,Distortion
Foxgear,Ryder,Distortion
Foxgear,Sinister,Distortion
Friedman Amplification,BE-OD,Distortion
Friedman Amplification,BE-OD,Overdrive
Friedman Amplification,BE-OD Deluxe,Distortion
Friedman Amplification,BE-OD Deluxe,Overdrive
Friedman Amplification,Dirty Shirley Pedal,Distortion
Friedman Amplification,Dirty Shirley Pedal,Overdrive
Friedman Amplification,Fuzz Fiend,Fuzz
Friedman Amplification,Golden Pearl,Distortion
Friedman Amplification,Golden Pearl,Overdrive
Friedman Amplification,Motor City Drive,Distortion
Friedman Amplification,Motor City Drive,Overdrive
Friedman Amplification,Smallbox Overdrive Pedal,Distortion
Friedman Amplification,Smallbox Overdrive Pedal,Overdrive
Fulltone,69 Pedal mkII,Fuzz
Fulltone,70 Pedal-BC,Fuzz
Fulltone,Full-Drive,Overdrive
Fulltone,Full-Drive1,Distortion
Fulltone,Full-Drive1,Overdrive
Fulltone,Full-Drive2,Overdrive
Fulltone,Full-Drive2 v2,Distortion
Fulltone,Full-Drive2 v2,Overdrive
Fulltone,Full-Drive3,Distortion
Fulltone,Full-Drive3,Overdrive
Fulltone,Hi-Mu,Distortion
Fulltone,Hi-Mu,Overdrive
Fulltone,Limited Edition OCD,Distortion
Fulltone,Limited Edition OCD,Overdrive
Fulltone,Mas Malo,Distortion
Fulltone,Mas Malo,Fuzz
Fulltone,Mas Malo,Overdrive
Fulltone,OCD,Distortion
Fulltone,OCD-Germanium,Distortion
Fulltone,OCD-Germanium,Overdrive
Fulltone,OCDv2,Distortion
Fulltone,OCDv2,Overdrive
Fulltone,Octafuzz 2,Fuzz
Fulltone,PlimSoul mkII,Distortion
Fulltone,PlimSoul mkII,Overdrive
Fulltone,Queen Bee,Fuzz
Fulltone,Soul-Bender v2,Fuzz
Fulltone,Ultimate Octave,Fuzz
Greer Amps,390 Vintage OD/Preamp,Overdrive
Greer Amps,Batch O' Ass,Distortion
Greer Amps,Batch O' Ass,Fuzz
Greer Amps,Black Fuzz,Distortion
Greer Amps,Black Fuzz,Fuzz
Greer Amps,Black Mountain Crunch Drive,Overdrive
Greer Amps,Brown Bomber,Distortion
Greer Amps,Brown Bomber,Fuzz
Greer Amps,Brown Bomber,Overdrive
Greer Amps,Burning Goat,Overdrive
Greer Amps,Fuzzy Wooly Bear,Fuzz
Greer Amps,Fuzzy Wooly Bear,Overdrive
Greer Amps,Ghetto Driver,Distortion
Greer Amps,Ghetto Driver,Fuzz
Greer Amps,Ghetto Stomp,Distortion
Greer Amps,Ghetto Stomp,Fuzz
Greer Amps,Ghetto Stomp,Overdrive
Greer Amps,Gorilla Warfare MKII,Distortion
Greer Amps,Green Giant,Distortion
Greer Amps,Green Giant,Fuzz
Greer Amps,Hammer,Distortion
Greer Amps,Lightspeed Organic Overdrive,Overdrive
Greer Amps,Little Samson,Distortion
Greer Amps,Little Samson,Overdrive
Greer Amps,Mizuki Blue,Overdrive
Greer Amps,Mori Drive,Overdrive
Greer Amps,No.9 Drive and Distortion,Distortion
Greer Amps,No.9 Drive and Distortion,Fuzz
Greer Amps,No.9 Drive and Distortion,Overdrive
Greer Amps,Peacemaker,Distortion
Greer Amps,Peacemaker,Overdrive
Greer Amps,Razor Burn,Distortion
Greer Amps,Razor Burn,Fuzz
Greer Amps,Reactor #4,Distortion
Greer Amps,Reactor #4,Fuzz
Greer Amps,Relic Drive,Overdrive
Greer Amps,Royal Velvet,Overdrive
Greer Amps,SOMA 63 Vintage Preamp,Overdrive
Greer Amps,SOUL THRUST FUZZ UNIT,Distortion
Greer Amps,SOUL THRUST FUZZ UNIT,Fuzz
Greer Amps,Southland Harmonic Overdrive,Overdrive
Greer Amps,Sucker Punch Distortion,Distortion
Greer Amps,Sucker Punch Distortion,Fuzz
Greer Amps,Supa Cobra Overdrive,Overdrive
Greer Amps,Super Hornet,Fuzz
Greer Amps,Sweetback Driver,Distortion
Greer Amps,Tarpit,Fuzz
Greer Amps,Texas Voodoo,Distortion
Greer Amps,Texas Voodoo,Fuzz
Greer Amps,Tomahawk Deluxe Drive,Overdrive
Greer Amps,Tone Smuggler,Distortion
Greer Amps,Tone Smuggler,Fuzz
Greer Amps,Tone Smuggler,Overdrive
HardWire,CM-2 Tube Overdrive,Overdrive
HardWire,none identified,Distortion
HardWire,none identified,Fuzz
HardWire,none identified,Overdrive
HardWire,SC-2 Valve Distortion,Distortion
HardWire,TL-2 Metal Distortion,Distortion
Himmelstrutz Elektro Art,FETTO 9.0,Distortion
Himmelstrutz Elektro Art,FETTO Apache,Overdrive
Himmelstrutz Elektro Art,FETTO C-Luxe,Overdrive
Himmelstrutz Elektro Art,FETTO Custom,Distortion
Himmelstrutz Elektro Art,FETTO Jr,Overdrive
Himmelstrutz Elektro Art,FETTO Maximus,Overdrive
Himmelstrutz Elektro Art,FETTO Nord+,Overdrive
Himmelstrutz Elektro Art,FETTO Nord 70+,Overdrive
Himmelstrutz Elektro Art,FETTO SC,Overdrive
Himmelstrutz Elektro Art,FETTO Standard,Distortion
Himmelstrutz Elektro Art,FETTO Standard,Overdrive
Himmelstrutz Elektro Art,FITZO+,Overdrive
Himmelstrutz Elektro Art,FUGAZI,Distortion
Himmelstrutz Elektro Art,FUGAZI Jr,Distortion
Himmelstrutz Elektro Art,GRAMPS,Distortion
Himmelstrutz Elektro Art,GRAMPS+,Distortion
Himmelstrutz Elektro Art,GRAMPS,Fuzz
Himmelstrutz Elektro Art,GRAMPS+,Fuzz
Himmelstrutz Elektro Art,TÔNKer,Overdrive
Hudson Electronics,Broadcast,Distortion
Hudson Electronics,Broadcast,Fuzz
Hudson Electronics,Broadcast,Overdrive
Hudson Electronics,Broadcast-AP,Overdrive
Hudson Electronics,Buzzoid,Fuzz
Hudson Electronics,Motorcycle — limited collaboration with Joe's Pedals,Overdrive
Hudson Electronics,Overdrive Eight Fifty,Fuzz
Hudson Electronics,Shapes Of Things,Fuzz
Hudson Electronics,Sidecar,Distortion
Hudson Electronics,Sidecar,Fuzz
Hudson Electronics,Sidecar,Overdrive
Hudson Electronics,Standard Machine,Fuzz
Hudson Electronics,Stroll On Jnr,Fuzz
IdiotBox Effects,Black Fortress Bass Distortion,Distortion
IdiotBox Effects,Black Fortress Bass Distortion,Fuzz
IdiotBox Effects,Blackout,Fuzz
IdiotBox Effects,Blasteroid Fuzz,Fuzz
IdiotBox Effects,Blower Box Bass Distortion,Distortion
IdiotBox Effects,Blower Box Deluxe,Distortion
IdiotBox Effects,Cool Buzz Bass Fuzz,Fuzz
IdiotBox Effects,-D4 Distortion Reissue,Distortion
IdiotBox Effects,-D4 Distortion Reissue,Overdrive
IdiotBox Effects,Death Master,Distortion
IdiotBox Effects,DeathRay,Fuzz
IdiotBox Effects,Dungeon Master,Distortion
IdiotBox Effects,Dungeon Master,Fuzz
IdiotBox Effects,Han-Taun Overdrive,Overdrive
IdiotBox Effects,Heavy Weapon,Distortion
IdiotBox Effects,Heavy Weapon,Fuzz
IdiotBox Effects,Hobo Santa Fuzz,Fuzz
IdiotBox Effects,Holy Trooper Fuzz (retired),Fuzz
IdiotBox Effects,Landphil Bass Distortion,Distortion
IdiotBox Effects,Lazer Fuzz (retired),Fuzz
IdiotBox Effects,Lazer Phazer (retired),Fuzz
IdiotBox Effects,Lost Ark,Fuzz
IdiotBox Effects,Monster Fuzz,Fuzz
IdiotBox Effects,Necrofier Echo Drive,Overdrive
IdiotBox Effects,Nihilizer,Distortion
IdiotBox Effects,No Moon,Distortion
IdiotBox Effects,No Moon,Fuzz
IdiotBox Effects,No Moon,Overdrive
IdiotBox Effects,No Moon 2,Distortion
IdiotBox Effects,No Moon 2,Fuzz
IdiotBox Effects,No Moon 2,Overdrive
IdiotBox Effects,No Moon 2 — coming soon,Distortion
IdiotBox Effects,No Moon 2 — coming soon,Fuzz
IdiotBox Effects,No Moon 2 — coming soon,Overdrive
IdiotBox Effects,Power Drive,Overdrive
IdiotBox Effects,PowerBoost (retired),Overdrive
IdiotBox Effects,REDRUM V2,Distortion
IdiotBox Effects,repo man,Overdrive
IdiotBox Effects,Ron Fucking Swanson Super Fuzz,Fuzz
IdiotBox Effects,Static Fuzz,Fuzz
IdiotBox Effects,Tractor Beam,Fuzz
IdiotBox Effects,Trash Compactor,Distortion
IdiotBox Effects,Trench Cannon,Overdrive
IdiotBox Effects,WHORES. Fuzz Freq V.2,Fuzz
IdiotBox Effects,Wild Kyle,Distortion
J. Rockett Audio Designs,45 Caliber OD,Overdrive
J. Rockett Audio Designs,Archer Ikon OD,Overdrive
J. Rockett Audio Designs,Archer OD,Overdrive
J. Rockett Audio Designs,Blue Note Select,Overdrive
J. Rockett Audio Designs,Dude ODS V2,Overdrive
J. Rockett Audio Designs,HRM V2,Overdrive
Jackson Audio,Classic Vintage Fuzz,Fuzz
Jackson Audio,Goat Head,Fuzz
Jackson Audio,Modern Fuzz,Fuzz
Jackson Audio,Modern Fuzz Deluxe,Fuzz
Jackson Audio,Page MK II,Fuzz
JAM Pedals,Black Fuzz Phrase LTD,Fuzz
JAM Pedals,Double Dreamer,Distortion
JAM Pedals,Double Dreamer,Overdrive
JAM Pedals,Eureka!,Fuzz
JAM Pedals,Fuzz Phrase ltd,Fuzz
JAM Pedals,Fuzz Phrase Si,Fuzz
JAM Pedals,Lucydreamer,Distortion
JAM Pedals,Lucydreamer,Overdrive
JAM Pedals,Octaurus,Fuzz
JAM Pedals,Octaurus NOS,Fuzz
JAM Pedals,Rattler,Distortion
JAM Pedals,Rattler,Overdrive
JAM Pedals,Rattler Bass / Rattler Bass MKII,Distortion
JAM Pedals,Rattler Bass / Rattler Bass MKII,Overdrive
JAM Pedals,Rattler ltd,Distortion
JAM Pedals,Rattler ltd,Overdrive
JAM Pedals,Rattler MKII,Distortion
JAM Pedals,Rattler MKII,Overdrive
JAM Pedals,Red Muck,Distortion
JAM Pedals,Red Muck,Overdrive
JAM Pedals,Red Muck Bass,Distortion
JAM Pedals,Red Muck Bass,Overdrive
JAM Pedals,Red Muck mk.2,Distortion
JAM Pedals,Red Muck mk.2,Overdrive
JAM Pedals,Tiny Pond?,Distortion
JAM Pedals,Tiny Pond?,Overdrive
JAM Pedals,TubeDreamer,Distortion
JAM Pedals,TubeDreamer,Overdrive
JHS Pedals,3 Series Distortion,Distortion
JHS Pedals,3 Series Distortion,Fuzz
JHS Pedals,3 Series Distortion is explicitly identified by JHS as a distortion pedal that can also reach overdrive and fuzz tones,Distortion
JHS Pedals,3 Series Distortion is explicitly identified by JHS as a distortion pedal that can also reach overdrive and fuzz tones,Fuzz
JHS Pedals,3 Series Fuzz,Distortion
JHS Pedals,3 Series Fuzz,Fuzz
JHS Pedals,3 Series Overdrive,Overdrive
JHS Pedals,3 Series Screamer,Overdrive
JHS Pedals,4 Wheeler,Fuzz
JHS Pedals,424 Gain Stage,Distortion
JHS Pedals,424 Gain Stage,Overdrive
JHS Pedals,73 Rams Head,Fuzz
JHS Pedals,Angry Charlie V3,Overdrive
JHS Pedals,AT+,Overdrive
JHS Pedals,AT Mini,Overdrive
JHS Pedals,Bender,Fuzz
JHS Pedals,Bonsai,Overdrive
JHS Pedals,Bun Runner,Fuzz
JHS Pedals,Charlie Brown,Overdrive
JHS Pedals,Charlie Brown V4,Overdrive
JHS Pedals,Cheese Ball,Distortion
JHS Pedals,Cheese Ball,Fuzz
JHS Pedals,Colour Box V2,Distortion
JHS Pedals,Colour Box V2,Fuzz
JHS Pedals,Colour Box V2 — preamp with dirt-oriented use and placement in the JHS fuzz/distortion collection,Overdrive
JHS Pedals,Coyote,Distortion
JHS Pedals,Coyote,Fuzz
JHS Pedals,Crayon,Distortion
JHS Pedals,Crayon,Fuzz
JHS Pedals,Crimson,Fuzz
JHS Pedals,Double Barrel,Overdrive
JHS Pedals,Double Dragon,Distortion
JHS Pedals,Double Dragon,Fuzz
JHS Pedals,Double Dragon — octave-up distortion section within an octave device,Overdrive
JHS Pedals,EHX by JHS — Big Muff 2,Distortion
JHS Pedals,EHX by JHS Big Muff 2,Fuzz
JHS Pedals,EHX by JHS — Big Muff 2,Fuzz
JHS Pedals,Firefly,Fuzz
JHS Pedals,Hard Drive,Distortion
JHS Pedals,Hard Drive,Fuzz
JHS Pedals,"JHS's own collection places products into broad categories; where an individual product page gives a more precise function, that wording is preferred",Distortion
JHS Pedals,"JHS's own collection places products into broad categories; where an individual product page gives a more precise function, that wording is preferred",Fuzz
JHS Pedals,Kilt 10,Distortion
JHS Pedals,Kilt 10,Fuzz
JHS Pedals,Kilt 10,Overdrive
JHS Pedals,Kilt V2,Overdrive
JHS Pedals,Mini Foot Fuzz,Fuzz
JHS Pedals,Moonshine,Overdrive
JHS Pedals,Moonshine V2,Overdrive
JHS Pedals,Morning Glory,Overdrive
JHS Pedals,Morning Glory Clean,Overdrive
JHS Pedals,Morning Glory V4,Overdrive
JHS Pedals,Muffuletta,Distortion
JHS Pedals,Muffuletta,Fuzz
JHS Pedals,Notadümb̈le V2,Overdrive
JHS Pedals,Notadümbळë V2,Overdrive
JHS Pedals,Notadümblo V2,Overdrive
JHS Pedals,Notaklön,Overdrive
JHS Pedals,Notaklön Splatter,Overdrive
JHS Pedals,PackRat,Distortion
JHS Pedals,PackRat,Fuzz
JHS Pedals,PackRat White,Distortion
JHS Pedals,PackRat White,Fuzz
JHS Pedals,PG-14,Overdrive
JHS Pedals,Pollinator,Fuzz
JHS Pedals,Smiley,Fuzz
JHS Pedals,State Line,Overdrive
JHS Pedals,Steak and Eggs Overdrive/Compressor,Overdrive
JHS Pedals,SuperBolt,Overdrive
JHS Pedals,Supreme,Fuzz
JHS Pedals,The Violet,Distortion
JHS Pedals,The Violet,Overdrive
JHS Pedals,The Violet / Violet,Distortion
JHS Pedals,The Violet / Violet,Fuzz
JHS Pedals,The Violet / Violet,Overdrive
JHS Pedals,Twin Twelve,Overdrive
JHS Pedals,Violet,Distortion
Keeley Electronics,1962 British Overdrive,Overdrive
Keeley Electronics,1962 Overdrive,Distortion
Keeley Electronics,1962 Overdrive,Overdrive
Keeley Electronics,1962X 2-Mode Limited British Overdrive,Overdrive
Keeley Electronics,Angry Orange Distortion and Fuzz,Distortion
Keeley Electronics,Angry Orange Distortion and Fuzz,Fuzz
Keeley Electronics,Aria Compressor Drive,Overdrive
Keeley Electronics,Aria Compressor/Overdrive,Distortion
Keeley Electronics,Aria Compressor/Overdrive,Overdrive
Keeley Electronics,Blues Disorder Overdrive and Distortion,Distortion
Keeley Electronics,Blues Disorder Overdrive and Distortion,Overdrive
Keeley Electronics,D&M Drive,Distortion
Keeley Electronics,D&M Drive,Overdrive
Keeley Electronics,Dark Side,Fuzz
Keeley Electronics,Dark Side Fuzz/Phaser,Fuzz
Keeley Electronics,DCR Drive Chorus Rotary,Overdrive
Keeley Electronics,DDR — Drive Delay Reverb,Overdrive
Keeley Electronics,Drive For a Cure,Overdrive
Keeley Electronics,El Rey Dorado,Overdrive
Keeley Electronics,Filaments High Gain Distortion,Distortion
Keeley Electronics,Filaments High Gain Distortion,Overdrive
Keeley Electronics,Fuzz Bender,Fuzz
Keeley Electronics,Fuzz Head,Fuzz
Keeley Electronics,Germanium Super Phat Mod,Fuzz
Keeley Electronics,Katana Blues Drive,Distortion
Keeley Electronics,Katana Blues Drive,Overdrive
Keeley Electronics,Keeley Oxblood Overdrive,Overdrive
Keeley Electronics,Loomer,Fuzz
Keeley Electronics,Loomer Fuzz/Reverb,Fuzz
Keeley Electronics,Manis Overdrive,Overdrive
Keeley Electronics,Mk3 Driver — Andy Timmons Full Range Overdrive,Fuzz
Keeley Electronics,Mk3 Driver — Andy Timmons Full Range Overdrive,Overdrive
Keeley Electronics,Monterey Rotary Fuzz Vibe,Fuzz
Keeley Electronics,Moon Op Amp Fuzz,Fuzz
Keeley Electronics,Noble Screamer Overdrive and Boost,Distortion
Keeley Electronics,Noble Screamer Overdrive and Boost,Overdrive
Keeley Electronics,OCTA PSI Transfigurating Fuzz,Distortion
Keeley Electronics,OCTA PSI Transfigurating Fuzz,Fuzz
Keeley Electronics,Oxblood Germanium Overdrive,Distortion
Keeley Electronics,Oxblood Germanium Overdrive,Overdrive
Keeley Electronics,Oxblood Overdrive,Distortion
Keeley Electronics,Oxblood Overdrive,Overdrive
Keeley Electronics,Red Dirt Germanium Overdrive,Overdrive
Keeley Electronics,Red Dirt Mini,Distortion
Keeley Electronics,Red Dirt Mini,Overdrive
Keeley Electronics,Red Dirt Overdrive,Distortion
Keeley Electronics,Red Dirt Overdrive,Overdrive
Keeley Electronics,Red Nectar Compressor and Overdrive,Overdrive
Keeley Electronics,SUNS Ultravoid Fuzz,Fuzz
Keeley Electronics,SUPER BASS Overdrive and Distortion,Distortion
Keeley Electronics,SUPER BASS Overdrive and Distortion,Overdrive
Keeley Electronics,Super Phat Mod,Distortion
Keeley Electronics,Super Phat Mod,Overdrive
Keeley Electronics,Super Phat Mod Mini,Distortion
Keeley Electronics,Super Phat Mod Mini,Overdrive
Keeley Electronics,Super Rodent Overdrive and Distortion,Distortion
Keeley Electronics,Super Rodent Overdrive and Distortion,Overdrive
Keeley Electronics,Sweet Spot Johnny Hiland Super Drive Overdrive,Overdrive
Keeley Electronics,Synth-1 Reverse Attack Fuzz Wave Generator,Distortion
Keeley Electronics,Synth-1 Reverse Attack Fuzz Wave Generator,Fuzz
Keeley Electronics,Tone Workstation,Distortion
Keeley Electronics,Tone Workstation,Overdrive
Keeley Electronics,Tube Drive Twin Triode Dual Overdrive,Overdrive
KHDK Electronics,Abyss — bass overdrive,Distortion
KHDK Electronics,Abyss — bass overdrive,Overdrive
KHDK Electronics,Ascendancy — dual dirt pedal with overdrive sections,Fuzz
KHDK Electronics,Dark Blood — distortion,Distortion
KHDK Electronics,Dark Blood — distortion,Overdrive
KHDK Electronics,Deathscream — Kreator signature dirt product,Distortion
KHDK Electronics,Deathscream — Kreator signature dirt product,Overdrive
KHDK Electronics,Fallout Bass Overdrive — bass overdrive,Distortion
KHDK Electronics,Fallout Bass Overdrive — bass overdrive,Overdrive
KHDK Electronics,Ghoul JR — overdrive,Distortion
KHDK Electronics,Ghoul JR — overdrive,Overdrive
KHDK Electronics,Ghoul Screamer — overdrive,Distortion
KHDK Electronics,Ghoul Screamer — overdrive,Overdrive
KHDK Electronics,Gojira Drive — harmonic overdrive,Distortion
KHDK Electronics,Gojira Drive — harmonic overdrive,Overdrive
KHDK Electronics,In Waves — Trivium metal tone shaper / dirt product,Distortion
KHDK Electronics,In Waves — Trivium metal tone shaper / dirt product,Overdrive
KHDK Electronics,LCFR — Nergal signature dirt product,Distortion
KHDK Electronics,LCFR — Nergal signature dirt product,Overdrive
KHDK Electronics,Mad Monarch — high-gain dirt product,Distortion
KHDK Electronics,Mad Monarch — high-gain dirt product,Overdrive
KHDK Electronics,Night of the Living Shred — high-gain preamp / dirt product,Distortion
KHDK Electronics,Night of the Living Shred — high-gain preamp / dirt product,Overdrive
KHDK Electronics,No.1 — tube-like overdrive,Distortion
KHDK Electronics,No.1 — tube-like overdrive,Overdrive
KHDK Electronics,Paranormal II — parametric EQ overdrive,Distortion
KHDK Electronics,Paranormal II — parametric EQ overdrive,Overdrive
KHDK Electronics,Paranormal — parametric EQ overdrive,Distortion
KHDK Electronics,Paranormal — parametric EQ overdrive,Overdrive
KHDK Electronics,Scuzz Box — germanium-voiced fuzz,Fuzz
KHDK Electronics,Shred II — high-gain dirt product,Distortion
KHDK Electronics,Shred II — high-gain dirt product,Overdrive
KHDK Electronics,Totality — dual-path overdrive for guitar and bass,Distortion
KHDK Electronics,Totality — dual-path overdrive for guitar and bass,Overdrive
KHDK Electronics,Unicorn Blood II — octave fuzz,Fuzz
KHDK Electronics,Unicorn Blood — octave fuzz,Fuzz
Lichtlaerm Audio,Gehenna — metal distortion / preamp,Distortion
Lichtlaerm Audio,Gehenna — metal distortion / preamp,Fuzz
Lichtlaerm Audio,Gehenna — metal distortion / preamp,Overdrive
Lichtlaerm Audio,Medusa — grinding death metal distortion,Distortion
Lichtlaerm Audio,Medusa — grinding death metal distortion,Fuzz
Lichtlaerm Audio,Medusa — grinding death metal distortion,Overdrive
Lichtlaerm Audio,Ragnarøk — apocalyptic tube distortion / preamp,Distortion
Lichtlaerm Audio,Ragnarøk — apocalyptic tube distortion / preamp,Fuzz
Lichtlaerm Audio,Ragnarøk — apocalyptic tube distortion / preamp,Overdrive
Lichtlaerm Audio,Ritual. — post-metal distortion,Distortion
Lichtlaerm Audio,Ritual. — post-metal distortion,Fuzz
Lichtlaerm Audio,Ritual. — post-metal distortion,Overdrive
Lichtlaerm Audio,The King in Yellow — parallel blending overdrive,Distortion
Lichtlaerm Audio,The King in Yellow — parallel blending overdrive,Fuzz
Lichtlaerm Audio,The King in Yellow — parallel blending overdrive,Overdrive
Lichtlaerm Audio,Thorn — signature distortion,Distortion
Lichtlaerm Audio,Thorn — signature distortion,Fuzz
Lichtlaerm Audio,Thorn — signature distortion,Overdrive
Lichtlaerm Audio,Total Distortion Worship MKII — extreme metal distortion with built-in overdrive,Distortion
Lichtlaerm Audio,Total Distortion Worship MKII — extreme metal distortion with built-in overdrive,Fuzz
Lichtlaerm Audio,Total Distortion Worship MKII — extreme metal distortion with built-in overdrive,Overdrive
Lovepedal,200lbs of Gold,Fuzz
Lovepedal,200lbs of Gold,Overdrive
Lovepedal,5E3 Deluxe,Overdrive
Lovepedal,Amp 50,Overdrive
Lovepedal,Amp Eleven,Overdrive
Lovepedal,COT 50 Boost / Overdrive,Overdrive
Lovepedal,COT 50 / Church of Tone 50,Overdrive
Lovepedal,Dover Drive,Overdrive
Lovepedal,Eternity,Overdrive
Lovepedal,Eternity Burst,Overdrive
Lovepedal,FAB 50,Fuzz
Lovepedal,FAB 50,Overdrive
Lovepedal,Kalamazoo,Overdrive
Lovepedal,Mosferatu,Overdrive
Lovepedal,Purple Plexi,Overdrive
Lovepedal,Super Six,Overdrive
Lovepedal,Tchula,Overdrive
Lovepedal,Tiki Drive,Distortion
Lovepedal,Tiki Drive,Overdrive
Lovepedal,Zendrive,Overdrive
Lovepedal,Zendrive 2,Overdrive
Mad Professor Amplification,Albert's Overdrive,Overdrive
Mad Professor Amplification,Amber Overdrive,Overdrive
Mad Professor Amplification,Big Tweedy Drive,Overdrive
Mad Professor Amplification,Blueberry Bass Overdrive,Overdrive
Mad Professor Amplification,Bluebird Overdrive,Overdrive
Mad Professor Amplification,Fire Red Fuzz,Fuzz
Mad Professor Amplification,Golden Cello,Overdrive
Mad Professor Amplification,Little Green Wonder,Overdrive
Mad Professor Amplification,Little Tweedy Drive,Overdrive
Mad Professor Amplification,Loud 'n Proud,Fuzz
Mad Professor Amplification,Loud 'n Proud,Overdrive
Mad Professor Amplification,Mighty Red Distortion,Distortion
Mad Professor Amplification,Royal Blue Overdrive,Overdrive
Mad Professor Amplification,Sky Blue Overdrive,Overdrive
Mad Professor Amplification,Stone Grey Distortion,Distortion
Mad Professor Amplification,Supreme,Overdrive
Mad Professor Amplification,Sweet Honey Overdrive,Overdrive
Mad Professor Amplification,Sweet Honey Overdrive Deluxe,Overdrive
Mad Professor Amplification,The Green Wonder,Overdrive
Mad Professor Amplification,Twimble,Overdrive
Marshall Amplification,1959 Overdrive Pedal,Overdrive
Marshall Amplification,Bluesbreaker II BB-2,Overdrive
Marshall Amplification,Bluesbreaker Vintage Reissue Pedal,Overdrive
Marshall Amplification,Drivemaster Vintage Reissue Pedal,Distortion
Marshall Amplification,Drivemaster Vintage Reissue Pedal,Overdrive
Marshall Amplification,DSL Overdrive Pedal,Overdrive
Marshall Amplification,Guv'nor Plus GV-2,Distortion
Marshall Amplification,Guv'nor Plus GV-2,Overdrive
Marshall Amplification,Guv'nor Vintage Reissue Pedal,Overdrive
Marshall Amplification,Jackhammer JH-1,Distortion
Marshall Amplification,Jackhammer JH-1,Overdrive
Marshall Amplification,JCM800 Overdrive Pedal,Overdrive
Marshall Amplification,JCM900 Overdrive Pedal,Overdrive
Marshall Amplification,JVM Overdrive Pedal,Overdrive
Marshall Amplification,none identified,Fuzz
Marshall Amplification,Shredmaster Vintage Reissue Pedal,Distortion
Marshall Amplification,Supa Fuzz,Fuzz
Mask Audio Electronics,BLACK MATH,Fuzz
Mask Audio Electronics,BSRI x MAE | MAYBE THE REAL TREASURE,Fuzz
Mask Audio Electronics,CASCADER,Fuzz
Mask Audio Electronics,CIVIL MATH,Fuzz
Mask Audio Electronics,CLUBBER LANG,Fuzz
Mask Audio Electronics,Ears Come To Die (historical limited-edition Fuzz Lab),Fuzz
Mask Audio Electronics,Germanium Part Garden,Fuzz
Mask Audio Electronics,Germanium Part Garden,Overdrive
Mask Audio Electronics,Hot Water,Fuzz
Mask Audio Electronics,LARAN (prebuilt),Fuzz
Mask Audio Electronics,LARAN (prebuilt),Overdrive
Mask Audio Electronics,Little Acorn,Fuzz
Mask Audio Electronics,MAYBE,Fuzz
Mask Audio Electronics,PART GARDEN,Fuzz
Mask Audio Electronics,Part Garden,Overdrive
Mask Audio Electronics,Screws,Fuzz
Mask Audio Electronics,TRUST YOURSELF,Distortion
Maxon,D&S,Distortion
Maxon,D&S II,Distortion
Maxon,Distortion and Sustainer (D&S),Distortion
Maxon,Distortion and Sustainer (D&S),Overdrive
Maxon,Distortion and Sustainer II (D&S II),Distortion
Maxon,Distortion and Sustainer II (D&S II),Overdrive
Maxon,Distortion Master (DS830),Distortion
Maxon,Distortion Master (DS830),Overdrive
Maxon,DS830 Distortion Master,Distortion
Maxon,Fuzz Elements Air,Fuzz
Maxon,Fuzz Elements Air (FA10),Fuzz
Maxon,Fuzz Elements Earth,Fuzz
Maxon,Fuzz Elements Earth (FEA10),Fuzz
Maxon,Fuzz Elements Ether,Fuzz
Maxon,Fuzz Elements Ether (FE10),Fuzz
Maxon,Fuzz Elements Fire,Fuzz
Maxon,Fuzz Elements Fire (FF10),Fuzz
Maxon,Fuzz Elements Void,Fuzz
Maxon,Fuzz Elements Void (FV10),Fuzz
Maxon,Fuzz Elements Water,Fuzz
Maxon,Fuzz Elements Water (FWA10),Fuzz
Maxon,Fuzz Elements Wind,Fuzz
Maxon,Fuzz Elements Wind (FW10),Fuzz
Maxon,OD-9,Overdrive
Maxon,OD-9 Pro+,Overdrive
Maxon,OD808,Overdrive
Maxon,OD808X,Overdrive
Maxon,OD820 Overdrive Pro+,Overdrive
Maxon,OOD-9 Organic Overdrive,Overdrive
Maxon,Organic Overdrive (OOD-9),Distortion
Maxon,Organic Overdrive (OOD-9),Overdrive
Maxon,OSD-9,Distortion
Maxon,OSD-9 Overdrive / Soft Distortion,Overdrive
Maxon,Overdrive Extreme (OD808X),Distortion
Maxon,Overdrive Extreme (OD808X),Overdrive
Maxon,Overdrive (OD808),Distortion
Maxon,Overdrive (OD808),Overdrive
Maxon,Overdrive Pro (OD820),Distortion
Maxon,Overdrive Pro (OD820),Overdrive
Maxon,Overdrive Pro Plus (OD-9Pro+),Distortion
Maxon,Overdrive Pro Plus (OD-9Pro+),Overdrive
Maxon,Overdrive-Soft Distortion (OSD-9),Distortion
Maxon,Overdrive-Soft Distortion (OSD-9),Overdrive
Maxon,Real Tube Overdrive-Distortion (RTD800),Distortion
Maxon,Real Tube Overdrive-Distortion (RTD800),Overdrive
Maxon,Real Tube Overdrive (RTO700),Distortion
Maxon,Real Tube Overdrive (RTO700),Overdrive
Maxon,ROD881 Real Overdrive / Distortion,Distortion
Maxon,ROD881 Real Overdrive / Distortion,Overdrive
Maxon,RTD800 Real Tube Distortion,Distortion
Maxon,RTD800 Real Tube Distortion,Overdrive
Maxon,RTO700 Real Tube Overdrive,Overdrive
Maxon,SD-9 Sonic Distortion,Distortion
Maxon,SD-9 Sonic Distortion / Overdrive,Overdrive
Maxon,SD-9M Sonic Distortion Master,Distortion
Maxon,SM-9 Super Metal,Distortion
Maxon,SM-9Pro+ Super Metal Pro+,Distortion
Maxon,SM-9Pro Super Metal Pro+,Overdrive
Maxon,Sonic Distortion (SD-9),Distortion
Maxon,Sonic Distortion (SD-9),Overdrive
Maxon,SSD-9 Super Sonic Distortion,Distortion
Maxon,ST-9 Super Tube Screamer,Overdrive
Maxon,ST9Pro+ Super Tube Overdrive Pro+,Overdrive
Maxon,Super Sonic Distortion (SSD-9),Distortion
Maxon,Super Sonic Distortion (SSD-9),Overdrive
Maxon,TBO-9 True Tube Booster / Overdrive,Overdrive
Maxon,TOD-9 True Tube Overdrive,Overdrive
McGregor Pedals,Crunch Plus Overdrive/Distortion,Distortion
McGregor Pedals,Crunch Plus Overdrive/Distortion,Overdrive
McGregor Pedals,Crunch Transparent Overdrive,Overdrive
McGregor Pedals,Double Crunch Transparent Overdrive,Overdrive
McGregor Pedals,Octave Fuzz with Stank,Fuzz
McGregor Pedals,The Classic Fuzz,Fuzz
McGregor Pedals,The Cozmic Fuzzball,Distortion
McGregor Pedals,The Cozmic Fuzzball,Fuzz
Menatone,Blue Collar Mini,Distortion
Menatone,Blue Collar Mini,Overdrive
Menatone,Blue Collar Mojo PTP,Distortion
Menatone,Blue Collar Mojo PTP,Overdrive
Menatone,Blue Collar PTP,Distortion
Menatone,Blue Collar PTP,Overdrive
Menatone,Fish Factory,Distortion
Menatone,Fish Factory,Overdrive
Menatone,Hindenburg Mini,Distortion
Menatone,Hindenburg Mini,Overdrive
Menatone,Mail Bomb Mini,Distortion
Menatone,Mail Bomb Mini,Overdrive
Menatone,MenaWatt,Distortion
Menatone,MenaWatt,Overdrive
Menatone,Ms. Foxy Brown Mini,Distortion
Menatone,Ms. Foxy Brown Mini,Overdrive
Menatone,None More Black Deluxe,Distortion
Menatone,None More Black Deluxe,Overdrive
Menatone,Red Snapper 4 Knob Mini,Distortion
Menatone,Red Snapper 4 Knob Mini,Overdrive
Menatone,Red Snapper 4 Knob PTP,Distortion
Menatone,Red Snapper 4 Knob PTP,Overdrive
Menatone,Red Snapper Mini,Distortion
Menatone,Red Snapper Mini,Overdrive
Menatone,Red Snapper Mojo PTP,Distortion
Menatone,Red Snapper Mojo PTP,Overdrive
Menatone,The Dirty Blonde,Distortion
Menatone,The Dirty Blonde,Overdrive
Menatone,The Howie Deluxe,Distortion
Menatone,The Howie Deluxe,Overdrive
Menatone,The King,Distortion
Menatone,The King,Overdrive
Menatone,The Law Bender Deluxe,Distortion
Menatone,The Law Bender Deluxe,Fuzz
Menatone,The Law Bender Deluxe,Overdrive
Menatone,The Law Mini,Distortion
Menatone,The Law Mini,Fuzz
Menatone,The Law Mini,Overdrive
Menatone,Thundering Revival Mini,Distortion
Menatone,Thundering Revival Mini,Overdrive
Menatone,Top Boost in a Can,Distortion
Menatone,Top Boost in a Can,Overdrive
Menatone,Wreck'T,Distortion
Menatone,Wreck'T,Overdrive
MESA/Boogie,Cleo,Overdrive
MESA/Boogie,DynaPlex,Overdrive
MESA/Boogie,Flux-Drive,Distortion
MESA/Boogie,Flux-Drive,Overdrive
MESA/Boogie,Flux-Five,Overdrive
MESA/Boogie,Gold Mine,Overdrive
MESA/Boogie,Grid Slammer,Overdrive
MESA/Boogie,none identified,Fuzz
MESA/Boogie,Throttle Box,Distortion
MESA/Boogie,Throttle Box,Overdrive
MESA/Boogie,Throttle Box EQ,Distortion
MESA/Boogie,Throttle Box EQ,Overdrive
MESA/Boogie,Tone-Burst,Overdrive
MI Audio / MI Effects,Blue Boy Deluxe,Overdrive
MI Audio / MI Effects,Classic Distortion,Distortion
MI Audio / MI Effects,Cross Over Drive,Overdrive
MI Audio / MI Effects,Crunch Box,Distortion
MI Audio / MI Effects,GI Fuzz,Fuzz
MI Audio / MI Effects,Megalith Delta,Distortion
MI Audio / MI Effects,Neo Fuzz,Fuzz
MI Audio / MI Effects,Super Blues Pro,Fuzz
MI Audio / MI Effects,Super Blues Pro,Overdrive
MI Audio / MI Effects,Super Crunch Box V2,Distortion
MI Audio / MI Effects,Tube Zone Overdrive,Overdrive
Mid-Fi Electronics,Another/An-other (Fuzz Version),Fuzz
Mid-Fi Electronics,Clari(not) Fuzz,Fuzz
Mid-Fi Electronics,Cocoon,Fuzz
Mid-Fi Electronics,Country Fuzz,Fuzz
Mid-Fi Electronics,Demo Tape Fuzz,Fuzz
Mid-Fi Electronics,Faulty Channel,Fuzz
Mid-Fi Electronics,Full Frequency Overdrive,Overdrive
Mid-Fi Electronics,Fuzz Wall,Fuzz
Mid-Fi Electronics,Glitch Computer,Fuzz
Mid-Fi Electronics,Hieracium,Overdrive
Mid-Fi Electronics,House Amp,Fuzz
Mid-Fi Electronics,"Magick ""i""",Overdrive
Mid-Fi Electronics,Overdrive,Overdrive
Mid-Fi Electronics,Peace Gun,Fuzz
Mid-Fi Electronics,Psych Byke,Fuzz
Mid-Fi Electronics,Random Number Generator,Fuzz
Mid-Fi Electronics,Rise/OverRun,Fuzz
Mid-Fi Electronics,What?,Fuzz
Mid-Fi Electronics,Yard Sale,Fuzz
Mid-Fi Electronics,Yard Sale,Overdrive
Mojo Hand FX,1979,Fuzz
Mojo Hand FX,1979 Baja,Fuzz
Mojo Hand FX,1979 Baja: current manufacturer catalog explicitly labels it “OpAmp Fuzz.”,Fuzz
Mojo Hand FX,1979: official product page explicitly calls it “OpAmp Fuzz” and describes the fuzz circuit and tone-bypass controls,Fuzz
Mojo Hand FX,BlueBonnet,Overdrive
Mojo Hand FX,BlueBonnet: authoritative historical Effects Database entry identifies the BlueBonnet as an overdrive pedal; the product existed as a Mojo Hand FX dirt identity before the current catalog was consolidated,Overdrive
Mojo Hand FX,Colossus,Fuzz
Mojo Hand FX,Colossus: official product page explicitly calls it a Russian/Civil War Muff-style fuzz,Fuzz
Mojo Hand FX,Crosstown,Fuzz
Mojo Hand FX,Crosstown: current manufacturer catalog explicitly labels it “Classic Germanium/Silicon Fuzz.”,Fuzz
Mojo Hand FX,Crosstown Rasta,Fuzz
Mojo Hand FX,Crosstown Rasta: current manufacturer catalog lists it in the Mojo Hand fuzz catalog; the product is a Crosstown fuzz identity variant and is retained as Fuzz rather than treated as a separate non-dirt effect,Fuzz
Mojo Hand FX,DMBL,Overdrive
Mojo Hand FX,DMBL: current manufacturer catalog explicitly labels it “Holy Grail Amp Overdrive.”,Overdrive
Mojo Hand FX,El Guapo,Fuzz
Mojo Hand FX,El Guapo: official product page explicitly calls it a fuzz machine and identifies it as voltage-starved fuzz. The ability to reach almost-overdrive settings does not change its archive category,Fuzz
Mojo Hand FX,Extra Special,Overdrive
Mojo Hand FX,"Extra Special: official product page describes it as the higher-gain development of the DMBL and places it in the medium-to-higher-gain drive family. It is retained as an Overdrive identity, not promoted to Distortion solely because of its gain range",Overdrive
Mojo Hand FX,Iron Bell,Fuzz
Mojo Hand FX,Iron Bell: current manufacturer catalog explicitly labels it “Gilmour Fuzz.”,Fuzz
Mojo Hand FX,Kensrue Rook,Overdrive
Mojo Hand FX,Kensrue Rook: official product page explicitly calls it Dustin Kensrue's Signature Overdrive and describes the Rook as a classic overdrive,Overdrive
Mojo Hand FX,Magistrate,Distortion
Mojo Hand FX,Magistrate: authoritative historical product documentation identifies the Magistrate as a high-gain distortion with a three-band EQ. Barefoot Buttons also records the product specifically as “Mojo Hand FX Magistrate Distortion.”,Distortion
Mojo Hand FX,Magpie,Overdrive
Mojo Hand FX,Magpie: official product page explicitly calls it a classic British-style overdrive and labels its low-gain setting “Overdrive.”,Overdrive
Mojo Hand FX,Odessa,Overdrive
Mojo Hand FX,Odessa: official product page explicitly labels it “Dual Overdrive” and states that it contains Rook and Magpie overdrive circuits,Overdrive
Mojo Hand FX,One Ton Bee,Fuzz
Mojo Hand FX,One Ton Bee: current manufacturer catalog explicitly labels it “60s Style Fuzz.”,Fuzz
Mojo Hand FX,Pompeii: authoritative product documentation identifies it as a Mojo Hand FX fuzz and places it in the limited Future Vintage Series,Fuzz
Mojo Hand FX,Pompeii (historical/limited),Fuzz
Mojo Hand FX,Rock City,Overdrive
Mojo Hand FX,Rock City: official product page states it began as an improved Odessa dual overdrive and describes both internal circuits as overdrive circuits,Overdrive
Mojo Hand FX,Rook,Overdrive
Mojo Hand FX,"Rook: current manufacturer page explicitly calls it “Classic Overdrive” and describes classic overdrive, LED/raw drive, and boost-style operation. Historical manufacturer-originated text is also preserved in Effects Database",Overdrive
Mojo Hand FX,Rook Royale,Overdrive
Mojo Hand FX,Rook Royale: current manufacturer catalog explicitly labels it “Overdrive and Boost.”,Overdrive
Mojo Hand FX,Rounder (historical/discontinued),Fuzz
Mojo Hand FX,"Rounder: official Mojo Hand discontinued page identifies the pedal as a discontinued product, while the manufacturer-originated product description explicitly calls it a fuzz inspired by the Burns Buzzaround",Fuzz
Mojo Hand FX,Sacred Cow,Overdrive
Mojo Hand FX,Sacred Cow: official catalog labels it “Professional Gold Overdrive”; manufacturer-originated product copy explicitly describes overdrive behavior,Overdrive
Mojo Hand FX,Sericon,Overdrive
Mojo Hand FX,Sericon: manufacturer-originated release material calls it an overdrive and describes multiple gain stages from clean boost through edge-of-breakup to high-gain drive,Overdrive
Mojo Hand FX,Socrates,Distortion
Mojo Hand FX,Socrates: manufacturer-originated historical product copy explicitly calls it “Socrates Classic Distortion” and describes it as an LM308-style distortion with symmetrical/asymmetrical clipping. Effects Database preserves the original product description and categorizes it as distortion,Distortion
Mojo Hand FX,Superlative (historical/discontinued),Overdrive
Mojo Hand FX,Superlative: Mojo Hand FX's official discontinued-products index identifies Superlative as “Vintage Overdrive.”,Overdrive
Mojo Hand FX,Zephyr (historical/discontinued),Fuzz
Mojo Hand FX,Zephyr: manufacturer-originated historical product copy calls it “Zephyr Fuzz” and describes it as a fuzz circuit based on the Sam Ash Fuzz/AstroTone family,Fuzz
MOOER Audio / MOOER,Black Secret,Distortion
MOOER Audio / MOOER,Blade,Distortion
MOOER Audio / MOOER,Blue Faze,Fuzz
MOOER Audio / MOOER,Blues Crab,Overdrive
MOOER Audio / MOOER,Blues Mood,Overdrive
MOOER Audio / MOOER,Cruncher,Distortion
MOOER Audio / MOOER,Eight Hands,Distortion
MOOER Audio / MOOER,Green Mile,Overdrive
MOOER Audio / MOOER,Greenwood,Overdrive
MOOER Audio / MOOER,Grey Faze,Fuzz
MOOER Audio / MOOER,Hustle Drive,Distortion
MOOER Audio / MOOER,MooerFog / Fog,Fuzz
MOOER Audio / MOOER,Rage Machine,Distortion
MOOER Audio / MOOER,Rumble Drive,Overdrive
MOOER Audio / MOOER,Solo,Distortion
MOOER Audio / MOOER,Thunderball,Distortion
MOOER Audio / MOOER,Thunderball,Fuzz
MOOER Audio / MOOER,Triangle Buff,Fuzz
MOOER Audio / MOOER,Ultra Drive,Overdrive
MOOER Audio / MOOER,Ultra Drive MKII,Distortion
Mr. Black,Barbeque Fuzz,Fuzz
Mr. Black,Bass OD Mk. II,Distortion
Mr. Black,Bass OD Mk. II,Overdrive
Mr. Black,BB-74x,Distortion
Mr. Black,BB-74x,Overdrive
Mr. Black,Deuce Coupe,Distortion
Mr. Black,Deuce Coupe,Overdrive
Mr. Black,Deuce Coupe - Old School Laser,Distortion
Mr. Black,Deuce Coupe - Old School Laser,Overdrive
Mr. Black,Doomstick Fuzz,Fuzz
Mr. Black,Jalapeño,Overdrive
Mr. Black,Orro,Overdrive
Mr. Black,SludgeMaster,Distortion
Mr. Black,SludgeMaster,Fuzz
Mr. Black,SludgeMaster,Overdrive
Mr. Black,Snake Drive,Overdrive
Mr. Black,Sour Cream & Onion,Overdrive
Mr. Black,ThunderClaw,Distortion
Mr. Black,ThunderClaw,Overdrive
Mr. Black,ThunderClaw - Scorpion Milk,Distortion
Mr. Black,ThunderClaw - Scorpion Milk,Overdrive
Mr. Black,Vintage Overdrive,Distortion
Mr. Black,Vintage Overdrive,Overdrive
MXR,Bass Distortion,Distortion
MXR,Bass Distortion+,Distortion
MXR,Bass Fuzz Deluxe,Fuzz
MXR,Bass Overdrive,Overdrive
MXR,Blue Box Fuzz,Fuzz
MXR,CAE Boost/Overdrive,Overdrive
MXR,Classic 108 Fuzz,Fuzz
MXR,Classic 108 Fuzz Mini,Fuzz
MXR,Custom Badass '78 Distortion,Distortion
MXR,Custom Badass Modified O.D,Overdrive
MXR,Dime Distortion,Distortion
MXR,Distortion+,Distortion
MXR,Distortion III,Distortion
MXR,Dookie Drive,Overdrive
MXR,Dookie Drive V4,Overdrive
MXR,Double-Double Overdrive,Overdrive
MXR,Duke of Tone Overdrive,Distortion
MXR,Duke of Tone Overdrive,Overdrive
MXR,EVH 5150 Overdrive,Overdrive
MXR,Fat Sugar Drive,Overdrive
MXR,FOD Drive,Overdrive
MXR,Fullbore Metal Distortion,Distortion
MXR,Gran Torino Boost Overdrive,Overdrive
MXR,GT-OD,Overdrive
MXR,Hybrid Fuzz,Fuzz
MXR,Jail Guitar Doors Overdrive,Overdrive
MXR,Octavio Fuzz,Fuzz
MXR,Prime Distortion,Distortion
MXR,Raijin Drive,Distortion
MXR,Raijin Drive,Overdrive
MXR,Randy Rhoads Distortion+,Distortion
MXR,Raw Dawg Overdrive,Overdrive
MXR,Slash Octave Fuzz,Fuzz
MXR,Special Edition Distortion+,Distortion
MXR,Sub Machine Fuzz,Fuzz
MXR,Sub Octave Bass Fuzz,Fuzz
MXR,Sugar Drive,Overdrive
MXR,Super Badass Distortion,Distortion
MXR,Super Badass Dynamic O.D,Overdrive
MXR,Super Badass Variac Fuzz,Fuzz
MXR,Timmy Overdrive,Overdrive
MXR,Tom Morello Power 50 Overdrive,Overdrive
MXR,Wylde Audio Overdrive,Overdrive
MXR,Wylde Audio Zakk Sabbath Overdrive,Overdrive
MXR,Yngwie Malmsteen Overdrive,Overdrive
Mythos Pedals,1347 Silicon Fuzz,Distortion
Mythos Pedals,1347 Silicon Fuzz,Fuzz
Mythos Pedals,1N34A Mjolnir - Gold,Overdrive
Mythos Pedals,1N34A Mjolnir - Silver,Overdrive
Mythos Pedals,Argo Boost Deluxe,Fuzz
Mythos Pedals,Argo Octave Fuzz,Distortion
Mythos Pedals,Argo Octave Fuzz,Fuzz
Mythos Pedals,AU-79 Fuzz,Distortion
Mythos Pedals,AU-79 Fuzz,Fuzz
Mythos Pedals,AU-79 Fuzz — limited / exclusive,Fuzz
Mythos Pedals,Big Puft Fuzz Device,Distortion
Mythos Pedals,Big Puft Fuzz Device,Fuzz
Mythos Pedals,Chupacabra CMOS Overdrive,Overdrive
Mythos Pedals,D-Style Herculean Overdrive,Overdrive
Mythos Pedals,Envy Pro Overdrive,Overdrive
Mythos Pedals,Erlking Overdrive,Overdrive
Mythos Pedals,Extra Hot “Extra Spicy” Dual Overdrive,Overdrive
Mythos Pedals,GE Mjolnir,Overdrive
Mythos Pedals,Golden Fleece Fuzz,Distortion
Mythos Pedals,Golden Fleece Fuzz,Fuzz
Mythos Pedals,Hephaestus Fuzz,Distortion
Mythos Pedals,Hephaestus Fuzz,Fuzz
Mythos Pedals,Herculean Deluxe Overdrive,Overdrive
Mythos Pedals,High Road Fuzz Mini,Distortion
Mythos Pedals,High Road Fuzz Mini,Fuzz
Mythos Pedals,High Road Fuzz Mini — limited / exclusive,Fuzz
Mythos Pedals,Joey Landreth Mjolnir Overdrive,Overdrive
Mythos Pedals,Mjolnir Overdrive,Overdrive
Mythos Pedals,Olympus Overdrive,Overdrive
Mythos Pedals,The Victor Distortion,Distortion
Mythos Pedals,Wildwood Mjolnir,Overdrive
NUX Audio / NUX,’59 Bassguy,Overdrive
NUX Audio / NUX,’63 Diamond,Overdrive
NUX Audio / NUX,‘6ixty5ive OD,Overdrive
NUX Audio / NUX,Ace of Tone,Overdrive
NUX Audio / NUX,BC-2 Vintage Blues Core,Overdrive
NUX Audio / NUX,Brownie,Distortion
NUX Audio / NUX,Drive Core,Overdrive
NUX Audio / NUX,Drive Core Deluxe,Overdrive
NUX Audio / NUX,Drive Core Deluxe MKII,Overdrive
NUX Audio / NUX,DS-3 Classic Distortion,Distortion
NUX Audio / NUX,Fireman,Distortion
NUX Audio / NUX,FZ-2 Vintage Fuzz,Fuzz
NUX Audio / NUX,HG-5 Modern High Gain,Distortion
NUX Audio / NUX,HG-6 High Gain Distortion,Distortion
NUX Audio / NUX,Horseman,Overdrive
NUX Audio / NUX,Metal Core,Distortion
NUX Audio / NUX,Metal Core Deluxe,Distortion
NUX Audio / NUX,Mini Distortion,Distortion
NUX Audio / NUX,Mini Supa Drive,Overdrive
NUX Audio / NUX,Morning Star,Overdrive
NUX Audio / NUX,MX-6 Extreme Distortion,Distortion
NUX Audio / NUX,OD-2 Vintage Overdrive,Overdrive
NUX Audio / NUX,OD-3 Overdrive,Overdrive
NUX Audio / NUX,Plexi Crunch,Distortion
NUX Audio / NUX,Queen of Tone,Overdrive
NUX Audio / NUX,REC TO Distortion,Distortion
NUX Audio / NUX,Scream Bass / Bass Overdrive,Overdrive
NUX Audio / NUX,Steel Singer Drive,Overdrive
NUX Audio / NUX,Tube Man MKII,Overdrive
NUX Audio / NUX,XTC OD,Overdrive
OKKO FX,BFGRMWB,Fuzz
OKKO FX,Black Beast,Distortion
OKKO FX,Black Beast,Fuzz
OKKO FX,DIABLO,Overdrive
OKKO FX,DIABLO DUAL,Distortion
OKKO FX,DIABLO DUAL,Overdrive
OKKO FX,DIABLO DUAL — 2-channel overdrive / distortion,Distortion
OKKO FX,DIABLO GH Signature,Overdrive
OKKO FX,DIRTY DIABLO,Distortion
OKKO FX,HOLY GRIT,Fuzz
OKKO FX,Holy Grit,Overdrive
OKKO FX,MOTÖRBASS,Distortion
OKKO FX,The Dynamist,Overdrive
OKKO FX,TwinSonic,Overdrive
OKKO FX,TWINSONIC MKII,Overdrive
Old Blood Noise Endeavors,Alpha Haunt,Fuzz
Old Blood Noise Endeavors,Beam Splitter V2,Distortion
Old Blood Noise Endeavors,Beam Splitter V2,Overdrive
Old Blood Noise Endeavors,Excess V2,Distortion
Old Blood Noise Endeavors,Fault V2,Distortion
Old Blood Noise Endeavors,Fault V2,Overdrive
Old Blood Noise Endeavors,Haunt Fuzz,Fuzz
Old Blood Noise Endeavors,Pardner,Fuzz
Orange Amplification,Bass Butler,Distortion
Orange Amplification,Bax Bangeetar,Distortion
Orange Amplification,Bax Bangeetar,Overdrive
Orange Amplification,Fur Coat,Fuzz
Orange Amplification,Getaway Driver,Overdrive
Orange Amplification,Guitar Butler,Overdrive
Orange Amplification,none identified,Distortion
Orange Amplification,none identified,Fuzz
Orange Amplification,none identified,Overdrive
Origin Effects,DCX Boost — boost/drive product with overdrive use,Overdrive
Origin Effects,Deluxe55 Tweed Recreation,Overdrive
Origin Effects,DELUXE61 Amp Tremolo & Drive,Overdrive
Origin Effects,Halcyon Blue Overdrive,Overdrive
Origin Effects,Halcyon Gold Overdrive,Overdrive
Origin Effects,Halcyon Green Overdrive,Overdrive
Origin Effects,M-EQ Driver,Overdrive
Origin Effects,MAGMA57 Amp Vibrato & Drive,Overdrive
Origin Effects,RD COMPACT Hot Rod — amp-recreation high-gain drive,Overdrive
Origin Effects,RevivalDRIVE Compact — amp-recreation overdrive / distortion,Overdrive
Pigtronix,Bass FAT Drive,Overdrive
Pigtronix,Disnortion,Distortion
Pigtronix,Disnortion,Fuzz
Pigtronix,Disnortion,Overdrive
Pigtronix,FAT Drive,Distortion
Pigtronix,FAT Drive,Overdrive
Pigtronix,Gamma Drive,Distortion
Pigtronix,Gamma Drive,Overdrive
Pigtronix,Gas Giant,Fuzz
Pigtronix,Octava,Distortion
Pigtronix,Octava,Fuzz
Pigtronix,Octava,Overdrive
Pigtronix,Philosopher’s Gold,Distortion
Pigtronix,Philosopher's Gold,Distortion
Pigtronix,Philosopher's Gold,Overdrive
Pigtronix,Philosopher’s Gold,Overdrive
Pigtronix,Philosopher’s Tone 2,Distortion
Pigtronix,Philosopher's Tone 2,Distortion
Pigtronix,Philosopher's Tone 2,Overdrive
Pigtronix,Philosopher’s Tone 2,Overdrive
Pigtronix,PolySaturator,Distortion
Pigtronix,PolySaturator,Overdrive
Pigtronix,Star Eater,Distortion
Pigtronix,Star Eater,Fuzz
Pigtronix,XL FAT Drive,Distortion
Pigtronix,XL FAT Drive,Overdrive
Prescription Electronics,C.O.B. (Clean Octave Blend),Fuzz
Prescription Electronics,C.O.B. (Clean Octave Blend): Prescription Electronics product documentation and later manufacturer/reissue coverage identify it as an octave-fuzz pedal with clean blend. Premier Guitar explicitly calls it an octave-fuzz pedal. Aion FX documentation independently identifies the original C.O.B. as an octave fuzz,Fuzz
Prescription Electronics,Depth Charge,Fuzz
Prescription Electronics,Depth Charge: historical Prescription Electronics material identifies it as a bass fuzz with a clean blend and gain control; later documentation and user-facing product references consistently identify it as a bass fuzz. It is retained under Fuzz only,Fuzz
Prescription Electronics,Dual-Tone,Distortion
Prescription Electronics,Dual-Tone,Overdrive
Prescription Electronics,"Dual-Tone: historical manufacturer wording identifies it directly as an overdrive/distortion pedal, with a lower-gain rhythm mode and higher-gain lead mode",Distortion
Prescription Electronics,Dual-Tone: historical Prescription Electronics material describes the pedal as an overdrive/distortion pedal with two preset gain levels. It is therefore recorded in both categories,Overdrive
Prescription Electronics,Experience,Fuzz
Prescription Electronics,"Experience: manufacturer-era/reissue coverage explicitly identifies it as an octave fuzz with fuzz, octave, and swell functions. Effects Database also categorizes it as octave fuzz",Fuzz
Prescription Electronics,Face Lift,Fuzz
Prescription Electronics,Face Lift: Effects Database identifies the product as an octave fuzz and documents silicon/germanium Fuzz Face-style versions. Third-party product documentation consistently describes it as fuzz plus octave. Variants are consolidated into one Face Lift identity,Fuzz
Prescription Electronics,Frantic Fuzz,Fuzz
Prescription Electronics,Germ,Distortion
Prescription Electronics,Germ,Overdrive
Prescription Electronics,Germ: historical catalog description explicitly calls the crunch side a fat distortion,Distortion
Prescription Electronics,"Germ: historical catalog material describes a clean-boost side and a crunch side with ""fat distortion."" Contemporary user documentation also describes the overdrive side. The archive retains Germ under Overdrive and Distortion because the product explicitly spans both drive modes",Overdrive
Prescription Electronics,RX Overdriver,Overdrive
Prescription Electronics,"RX Overdriver: Effects Database explicitly categorizes it as overdrive and describes it as a sonic reproduction of the Colorsound Overdriver, ranging from clean boost to full-bore distortion. The archive keeps the builder's primary identity as Overdrive rather than converting its maximum-gain behavior into a second category",Overdrive
Prescription Electronics,Supernatural,Fuzz
Prescription Electronics,Supernatural: historical Prescription Electronics product material identifies it as a germanium fuzz. The archive records the product as Fuzz only,Fuzz
Prescription Electronics,Yardbox,Fuzz
Prescription Electronics,Yardbox,Overdrive
Prescription Electronics,"Yardbox: the 2019 reissue coverage describes a Tone Bender-derived fuzz that can produce a thin fuzz/OD sound at reduced volume and saturated germanium fuzz at higher settings. Because the builder-era description explicitly uses both OD and fuzz language, it is recorded in both categories",Overdrive
Prescription Electronics,Yardbox: the 2019 reissue coverage describes saturated germanium fuzz and identifies its Tone Bender basis. Effects Database categorizes it as fuzz. It is also retained under Overdrive because the reissue description explicitly documents a fuzz/OD operating range,Fuzz
ProCo Sound,Deucetone RAT,Distortion
ProCo Sound,Deucetone RAT,Overdrive
ProCo Sound,FAT RAT,Distortion
ProCo Sound,FAT RAT,Overdrive
ProCo Sound,Juggernaut,Distortion
ProCo Sound,Juggernaut,Overdrive
ProCo Sound,Lil' RAT,Distortion
ProCo Sound,Lil' RAT,Overdrive
ProCo Sound,RAT 2,Distortion
ProCo Sound,RAT 2,Overdrive
ProCo Sound,SOLO,Distortion
ProCo Sound,SOLO,Overdrive
ProCo Sound,Turbo RAT,Distortion
ProCo Sound,Turbo RAT,Overdrive
ProCo Sound,You Dirty RAT,Distortion
ProCo Sound,You Dirty RAT,Overdrive
Radial Engineering / Tonebone,Bassbone OD,Overdrive
Radial Engineering / Tonebone,Bones Hollywood Distortion & Overdrive,Distortion
Radial Engineering / Tonebone,Bones Hollywood Distortion & Overdrive,Overdrive
Radial Engineering / Tonebone,Bones London Dual-Mode Distortion,Distortion
Radial Engineering / Tonebone,Bones Texas Dual Mode Overdrive,Overdrive
Radial Engineering / Tonebone,Classic V9,Distortion
Radial Engineering / Tonebone,Hot-British V9,Distortion
Radial Engineering / Tonebone,Regency Overdrive and Boost,Overdrive
Radial Engineering / Tonebone,Tonebone Classic,Distortion
Radial Engineering / Tonebone,Tonebone Classic,Overdrive
Radial Engineering / Tonebone,Tonebone Hot British,Distortion
Radial Engineering / Tonebone,Tonebone Plexitube,Distortion
Radial Engineering / Tonebone,Tonebone Trimode,Distortion
Radial Engineering / Tonebone,Tonebone Trimode,Overdrive
Ramble FX,Kismet,Distortion
Ramble FX,Kismet,Overdrive
Ramble FX,Marvel Drive,Overdrive
Ramble FX,none currently produced,Distortion
Ramble FX,none currently produced,Fuzz
Ramble FX,none currently produced,Overdrive
Ramble FX,Twin Bender,Fuzz
Sitek Guitar Electronics,Cocoa Distortion,Distortion
Sitek Guitar Electronics,Freya Overdrive/Booster,Overdrive
Sitek Guitar Electronics,Fuzzie Germanium Fuzz v2,Fuzz
Sitek Guitar Electronics,Pandora Octave Fuzz,Fuzz
Sitek Guitar Electronics,Wuffy Fuzzy Distortion,Distortion
Sitek Guitar Electronics,Wuffy Fuzzy Distortion,Fuzz
Skreddy Pedals,1966 Modernized,Fuzz
Skreddy Pedals,1971,Distortion
Skreddy Pedals,1971,Fuzz
Skreddy Pedals,Angel Face,Fuzz
Skreddy Pedals,BC109 Fuzz,Fuzz
Skreddy Pedals,BC239 Fuzz,Fuzz
Skreddy Pedals,Cephalopod II,Fuzz
Skreddy Pedals,Cognitive Dissonance MkIV,Distortion
Skreddy Pedals,Cognitive Dissonance MkIV,Fuzz
Skreddy Pedals,Cosmos,Fuzz
Skreddy Pedals,Cosmos,Overdrive
Skreddy Pedals,Dragon Fuzz,Fuzz
Skreddy Pedals,Ernie,Fuzz
Skreddy Pedals,General Pig,Fuzz
Skreddy Pedals,Giant Meat Pie BC239,Fuzz
Skreddy Pedals,High Gear,Overdrive
Skreddy Pedals,Hybrid Fuzz Driver,Fuzz
Skreddy Pedals,Hybrid Fuzz Driver,Overdrive
Skreddy Pedals,Hybrid Overdrive,Overdrive
Skreddy Pedals,Juicy Pig,Fuzz
Skreddy Pedals,Klipper,Fuzz
Skreddy Pedals,Klipper,Overdrive
Skreddy Pedals,Kusanagi,Fuzz
Skreddy Pedals,? Lady,Fuzz
Skreddy Pedals,Lunar Module Mini Deluxe,Fuzz
Skreddy Pedals,Lunar Module Mini Deluxe,Overdrive
Skreddy Pedals,Major Overdrive,Overdrive
Skreddy Pedals,Martian Tarantula,Fuzz
Skreddy Pedals,Mayo MkIII,Fuzz
Skreddy Pedals,Mayonaise MkIII,Fuzz
Skreddy Pedals,P19,Fuzz
Skreddy Pedals,Perestroika,Distortion
Skreddy Pedals,Perestroika,Fuzz
Skreddy Pedals,Pig Mine,Fuzz
Skreddy Pedals,Pink Flesh,Distortion
Skreddy Pedals,Pink Flesh,Fuzz
Skreddy Pedals,ROVER Fuzz,Distortion
Skreddy Pedals,ROVER Fuzz,Fuzz
Skreddy Pedals,Rubber Soul,Overdrive
Skreddy Pedals,Rust Rod,Fuzz
Skreddy Pedals,Screw Driver Mini Dlx,Overdrive
Skreddy Pedals,Serenity Fuzzdrive,Distortion
Skreddy Pedals,Serenity Fuzzdrive,Fuzz
Skreddy Pedals,Serenity Fuzzdrive,Overdrive
Skreddy Pedals,Skunk Drive,Fuzz
Skreddy Pedals,Skunk Drive,Overdrive
Skreddy Pedals,Supa Tone,Distortion
Skreddy Pedals,Supa Tone,Fuzz
Skreddy Pedals,Super 100,Overdrive
Skreddy Pedals,Top Fuel,Distortion
Skreddy Pedals,Top Fuel,Fuzz
Skreddy Pedals,Twangophile,Overdrive
Skreddy Pedals,ZERO,Fuzz
SolidGoldFX,76 MKII,Fuzz
SolidGoldFX,BETA-V Bass Preamp,Overdrive
SolidGoldFX,Commodore Overdrive,Overdrive
SolidGoldFX,Fuzzbox,Fuzz
SolidGoldFX,If 6 Was 9 BC183 MKII,Fuzz
SolidGoldFX,Imperial MKII,Fuzz
SolidGoldFX,Lysis MKII,Fuzz
Spaceman Effects,Apollo VIIb,Distortion
Spaceman Effects,Apollo VIIb,Fuzz
Spaceman Effects,Apollo VIIb,Overdrive
Spaceman Effects,Apollo VIIb Cadet,Distortion
Spaceman Effects,Apollo VIIb Cadet,Fuzz
Spaceman Effects,Apollo VIIb Cadet,Overdrive
Spaceman Effects,Charon,Fuzz
Spaceman Effects,Charon v2 Mod,Fuzz
Spaceman Effects,Gemini IV,Fuzz
Spaceman Effects,Polaris,Overdrive
Spaceman Effects,Rumblefuzz II,Distortion
Spaceman Effects,Rumblefuzz II,Fuzz
Spaceman Effects,Rumblefuzz II,Overdrive
Spaceman Effects,Saturn VI,Distortion
Spaceman Effects,Saturn VI,Fuzz
Spaceman Effects,Saturn VI,Overdrive
Spaceman Effects,Spacerocket II,Distortion
Spaceman Effects,Spacerocket II,Fuzz
Spaceman Effects,Spacerocket II,Overdrive
Spaceman Effects,Sputnik I,Distortion
Spaceman Effects,Sputnik I,Fuzz
Spaceman Effects,Sputnik I,Overdrive
Spaceman Effects,Sputnik III,Fuzz
Spaceman Effects,Titan II,Distortion
Spaceman Effects,Titan II,Fuzz
Spaceman Effects,Titan II,Overdrive
Stomp Under Foot,Alabaster,Fuzz
Stomp Under Foot,Amherst,Fuzz
Stomp Under Foot,Astoria,Fuzz
Stomp Under Foot,Black Russian,Fuzz
Stomp Under Foot,Brit Box,Distortion
Stomp Under Foot,Civil Unrest,Fuzz
Stomp Under Foot,Civil War,Fuzz
Stomp Under Foot,Demogorgon,Fuzz
Stomp Under Foot,Dirt Preacher,Fuzz
Stomp Under Foot,Dirty Rooster,Fuzz
Stomp Under Foot,Divided Drive,Distortion
Stomp Under Foot,Elk Super Fuzz,Fuzz
Stomp Under Foot,Full Powered Halo,Distortion
Stomp Under Foot,Full Powered Halo,Overdrive
Stomp Under Foot,Fuzz Master 3,Fuzz
Stomp Under Foot,Green Russian,Fuzz
Stomp Under Foot,Guv'nor,Distortion
Stomp Under Foot,Halo Bender,Distortion
Stomp Under Foot,Hellephant,Fuzz
Stomp Under Foot,Iron Tusk,Fuzz
Stomp Under Foot,La Scatola Nero,Fuzz
Stomp Under Foot,Motor Honey Superdrive,Overdrive
Stomp Under Foot,Overdrive 8-Fifty,Overdrive
Stomp Under Foot,Pumpkin Pi,Fuzz
Stomp Under Foot,Ram's Head,Fuzz
Stomp Under Foot,Red Army,Fuzz
Stomp Under Foot,Red Menace,Fuzz
Stomp Under Foot,Rhinosaur,Fuzz
Stomp Under Foot,Serenity Overdrive,Overdrive
Stomp Under Foot,Silver Foxx,Fuzz
Stomp Under Foot,Skinner Box,Distortion
Stomp Under Foot,Son Of A Bee,Fuzz
Stomp Under Foot,Sonic Generator,Fuzz
Stomp Under Foot,Sonic Warfare,Fuzz
Stomp Under Foot,Supa Dirty Rooster,Fuzz
Stomp Under Foot,The Shag MkII,Fuzz
Stomp Under Foot,The Shag MkIII,Fuzz
Stomp Under Foot,Tri-Muff,Fuzz
Stomp Under Foot,Violet Menace,Fuzz
Stomp Under Foot,Windhand Fuzz,Fuzz
Stone Deaf FX,Fig Fumb,Fuzz
Stone Deaf FX,PDF-1X Ghost,Distortion
Stone Deaf FX,PDF-1X Ghost,Overdrive
Stone Deaf FX,PDF-2,Distortion
Stone Deaf FX,PDF-2,Fuzz
Stone Deaf FX,PDF-2,Overdrive
Stone Deaf FX,Rise & Shine,Fuzz
Stone Deaf FX,Warp Drive,Distortion
Strymon,Canoga Vintage Silicon Fuzz,Distortion
Strymon,Canoga Vintage Silicon Fuzz,Fuzz
Strymon,Deco Tape Saturation & Doubletracker,Overdrive
Strymon,Fairfax Class A Output Stage Drive,Overdrive
Strymon,none identified,Distortion
Strymon,none identified,Fuzz
Strymon,none identified,Overdrive
Strymon,Riverside Drive & Distortion,Distortion
Strymon,Riverside Drive & Distortion,Overdrive
Strymon,Sunset Dual Overdrive,Overdrive
Subdecay,Blackstar – Ultimate Overdrive,Overdrive
Subdecay,Gain Theory Overdrive,Overdrive
Subdecay,Harmonic Antagonizer,Fuzz
Subdecay,Liquid Sunshine,Overdrive
Subdecay,Noise Theory – Parallel Waveshaper Fuzz,Fuzz
Subdecay,Supernova Drive,Overdrive
Subdecay,Variac Overdrive,Overdrive
Subdecay,Vector – Analog Preamp,Distortion
Subdecay,Vector – Analog Preamp,Fuzz
Subdecay,Vector – Analog Preamp,Overdrive
Suhr,Eclipse,Distortion
Suhr,Eclipse,Overdrive
Suhr,Kiko Loureiro Signature Shiba Drive Reloaded,Overdrive
Suhr,Riot,Distortion
Suhr,Riot Mini,Distortion
Suhr,Riot Reloaded,Distortion
Suhr,Rufus Fuzz,Fuzz
Suhr,Rufus Reloaded Fuzz,Fuzz
Suhr,Shiba Drive,Overdrive
Suhr,Shiba Drive Reloaded,Overdrive
Suhr,Shiba Mini,Overdrive
Suhr,Thornicus Fuzz,Fuzz
TC Electronic,Cinders Overdrive,Overdrive
TC Electronic,Dark Matter Distortion,Distortion
TC Electronic,El Cambo Overdrive,Overdrive
TC Electronic,Eyemaster Metal Distortion,Distortion
TC Electronic,Fangs Metal Distortion,Distortion
TC Electronic,Grand Magus Distortion,Distortion
TC Electronic,Honey Pot Fuzz,Fuzz
TC Electronic,Magus Pro,Distortion
TC Electronic,MojoMojo Overdrive,Overdrive
TC Electronic,MojoMojo Paul Gilbert Signature Overdrive,Overdrive
TC Electronic,none identified,Fuzz
TC Electronic,Nova Drive,Distortion
TC Electronic,Nova Drive,Overdrive
TC Electronic,Röttweiler Distortion,Distortion
TC Electronic,Rusty Fuzz,Fuzz
TC Electronic,Tube Pilot Overdrive,Overdrive
TC Electronic,Vintage Distortion,Distortion
TC Electronic,Vintage Dual Distortion,Distortion
TC Electronic,Vintage Overdrive,Overdrive
TC Electronic,VPD1 Vintage Pre-Drive,Overdrive
TC Electronic,Zeus Drive,Overdrive
Tech 21 NYC,Bass Boost Fuzz,Fuzz
Tech 21 NYC,Boost Distortion,Distortion
Tech 21 NYC,Boost Fuzz,Fuzz
Tech 21 NYC,Boost Overdrive,Overdrive
Tech 21 NYC,Double Drive,Distortion
Tech 21 NYC,Double Drive,Overdrive
Tech 21 NYC,Double Drive 3X,Distortion
Tech 21 NYC,Double Drive 3X,Overdrive
Tech 21 NYC,Hot-Rod Plexi,Distortion
Tech 21 NYC,Hot-Rod Plexi,Overdrive
Tech 21 NYC,Red Ripper,Distortion
Tech 21 NYC,Red Ripper,Fuzz
Tech 21 NYC,Richie Kotzen Signature OMG,Fuzz
Tech 21 NYC,Richie Kotzen Signature OMG,Overdrive
Tech 21 NYC,XXL Bass,Distortion
Tech 21 NYC,XXL Bass,Fuzz
Tech 21 NYC,XXL Guitar,Distortion
Tech 21 NYC,XXL Guitar,Fuzz
Tech 21 NYC,XXL Original,Distortion
Tech 21 NYC,XXL Original,Fuzz
ThorpyFX,Bunker,Overdrive
ThorpyFX,BUNKER — Plexi Overdrive,Distortion
ThorpyFX,BUNKER — Plexi Overdrive,Fuzz
ThorpyFX,BUNKER — Plexi Overdrive,Overdrive
ThorpyFX,Cogmeister,Distortion
ThorpyFX,Cogmeister,Fuzz
ThorpyFX,Cogmeister,Overdrive
ThorpyFX,Electric Lightning,Overdrive
ThorpyFX,ELECTRIC LIGHTNING — Valve Overdrive,Distortion
ThorpyFX,ELECTRIC LIGHTNING — Valve Overdrive,Fuzz
ThorpyFX,ELECTRIC LIGHTNING — Valve Overdrive,Overdrive
ThorpyFX,Fallout Cloud,Fuzz
ThorpyFX,FIELD MARSHAL — Fuzz,Distortion
ThorpyFX,FIELD MARSHAL — Fuzz,Fuzz
ThorpyFX,FIELD MARSHAL — Fuzz,Overdrive
ThorpyFX,Hanami,Fuzz
ThorpyFX,Kudu,Overdrive
ThorpyFX,Old Timer,Fuzz
ThorpyFX,Peacekeeper,Overdrive
ThorpyFX,SCARLET TUNIC — Amp Emulator with drive/gain function,Distortion
ThorpyFX,SCARLET TUNIC — Amp Emulator with drive/gain function,Fuzz
ThorpyFX,SCARLET TUNIC — Amp Emulator with drive/gain function,Overdrive
ThorpyFX,Shaftesbury Duo Fuzz — standard / Heritage versions consolidated,Fuzz
ThorpyFX,Six Zero,Fuzz
ThorpyFX,THE DANE — Dual Drive Boost,Distortion
ThorpyFX,THE DANE — Dual Drive Boost,Fuzz
ThorpyFX,THE DANE — Dual Drive Boost,Overdrive
ThorpyFX,THE J — Lazy J x ThorpyFX collaboration,Distortion
ThorpyFX,THE J — Lazy J x ThorpyFX collaboration,Fuzz
ThorpyFX,THE J — Lazy J x ThorpyFX collaboration,Overdrive
ThorpyFX,The KUDU — Overdrive,Distortion
ThorpyFX,The KUDU — Overdrive,Fuzz
ThorpyFX,The KUDU — Overdrive,Overdrive
ThorpyFX,THE OLD TIMER — 3-in-1 pedal with drive section,Distortion
ThorpyFX,THE OLD TIMER — 3-in-1 pedal with drive section,Fuzz
ThorpyFX,THE OLD TIMER — 3-in-1 pedal with drive section,Overdrive
ThorpyFX,Warthog,Distortion
ThorpyFX,Warthog,Fuzz
ThorpyFX,Warthog,Overdrive
ThorpyFX,WOPR,Fuzz
Vemuram,Butter Machine — Michael Landau Signature Distortion,Distortion
Vemuram,DJ1 — overdrive / distortion bass-effects identity,Distortion
Vemuram,Galea — overdrive,Overdrive
Vemuram,Jan Ray EXP-Mod — overdrive,Overdrive
Vemuram,Jan Ray for Mateus Asato — overdrive,Overdrive
Vemuram,Jan Ray for TF — overdrive,Overdrive
Vemuram,Jan Ray — overdrive,Overdrive
Vemuram,Karen — overdrive,Overdrive
Vemuram,Las Lunas — distortion,Distortion
Vemuram,Myriad Fuzz — fuzz,Fuzz
Vemuram,Myriad — fuzz / hybrid fuzz + loop identity,Fuzz
Vemuram,Myriad w/loop Fuzz Pedal — fuzz / loop-mix identity,Fuzz
Vemuram,Oz — fuzz,Fuzz
Vemuram,Rage e — overdrive,Overdrive
Vemuram,Shanks 4K — fuzz,Fuzz
Vemuram,SHANKS II — fuzz,Fuzz
Vemuram,SHANKS ODS-1 — overdrive,Overdrive
Vemuram,Spiritone Char Signature — overdrive,Overdrive
VFE Pedals,Alpha Dog,Distortion
VFE Pedals,Blues King,Overdrive
VFE Pedals,Dark Horse,Distortion
VFE Pedals,Distortion3,Distortion
VFE Pedals,Distortion3,Overdrive
VFE Pedals,Dragon,Overdrive
VFE Pedals,Dragon Hound,Distortion
VFE Pedals,Dragon Hound,Overdrive
VFE Pedals,Fiery Red Horse,Distortion
VFE Pedals,Fiery Red Horse,Fuzz
VFE Pedals,Fuzz Duo,Fuzz
VFE Pedals,Killer Rabbit,Distortion
VFE Pedals,Killer Rabbit,Fuzz
VFE Pedals,Merman,Overdrive
VFE Pedals,Pale Horse,Overdrive
VFE Pedals,Proto OD,Overdrive
VFE Pedals,RUP mkII,Distortion
VFE Pedals,The Scream,Overdrive
VFE Pedals,The Triplet,Distortion
VFE Pedals,Tiamat,Overdrive
VFE Pedals,Triumvirate,Distortion
VFE Pedals,Woodchipper,Fuzz
Visual Sound / Truetone,Angry Fuzz,Fuzz
Visual Sound / Truetone,Custom Shop Overdrive,Overdrive
Visual Sound / Truetone,Double Trouble,Overdrive
Visual Sound / Truetone,Drivetrain / GarageTone Drivetrain,Overdrive
Visual Sound / Truetone,GarageTone Chainsaw Distortion,Distortion
Visual Sound / Truetone,Jekyll & Hyde,Distortion
Visual Sound / Truetone,Jekyll & Hyde,Overdrive
Visual Sound / Truetone,Jekyll & Hyde (original),Distortion
Visual Sound / Truetone,Open Road,Overdrive
Visual Sound / Truetone,Route 66,Overdrive
Visual Sound / Truetone,Route 66 American Overdrive,Overdrive
Visual Sound / Truetone,Route 808,Overdrive
Visual Sound / Truetone,Son of Hyde,Distortion
Visual Sound / Truetone,Vans Warped Distortion,Distortion
Visual Sound / Truetone,VS-XO,Overdrive
Voodoo Lab,GIGGITY,Overdrive
Voodoo Lab,none,Distortion
Voodoo Lab,Proctavia,Fuzz
Voodoo Lab,Sparkle Drive,Overdrive
Voodoo Lab,Sparkle Drive MOD,Distortion
Voodoo Lab,Sparkle Drive MOD,Overdrive
Voodoo Lab,Superfuzz,Fuzz
VOX,Big Ben Overdrive,Overdrive
VOX,Bulldog Distortion,Distortion
VOX,Copperhead Drive,Distortion
VOX,Copperhead Drive,Overdrive
VOX,Cutting Edge,Distortion
VOX,Cutting Edge,Overdrive
VOX,Fuel Injector,Overdrive
VOX,Ice 9 Overdrive,Overdrive
VOX,Mystic Edge,Distortion
VOX,Mystic Edge,Overdrive
VOX,Satchurator,Distortion
VOX,Silk Drive,Overdrive
VOX,Straight 6 Drive,Overdrive
VOX,Trike Fuzz,Fuzz
VOX,V8 Distortion,Distortion
VOX,V810 Valvetone,Overdrive
VOX,V828 Tone Bender,Fuzz
VOX,V829 Tone Bender,Fuzz
VOX,V830 Distortion Booster,Fuzz
VOX,VFZ-1 Fuzz,Fuzz
VOX,VFZ-1 Fuzz,Overdrive
VOX,VOX 7001 Distortion,Distortion
Walrus Audio,385 Overdrive,Overdrive
Walrus Audio,385 Overdrive MKII,Overdrive
Walrus Audio,385 Overdrive MKII — Overdrive,Distortion
Walrus Audio,385 Overdrive MKII — Overdrive,Fuzz
Walrus Audio,Ages Five-State Overdrive,Overdrive
Walrus Audio,Ages Five-State Overdrive — Overdrive,Distortion
Walrus Audio,Ages Five-State Overdrive — Overdrive,Fuzz
Walrus Audio,Badwater Bass Pre-amp and D.I,Overdrive
Walrus Audio,Contraband Fuzz,Fuzz
Walrus Audio,Eons Five-State Fuzz,Fuzz
Walrus Audio,Eons Five-State Fuzz — Fuzz,Distortion
Walrus Audio,Eons Five-State Fuzz — Fuzz,Overdrive
Walrus Audio,Eras Five-State Distortion,Distortion
Walrus Audio,Eras Five-State Distortion — Distortion,Fuzz
Walrus Audio,Eras Five-State Distortion — Distortion,Overdrive
Walrus Audio,Fundamental Series Distortion,Distortion
Walrus Audio,Fundamental Series Drive,Overdrive
Walrus Audio,Fundamental Series Fuzz,Fuzz
Walrus Audio,Iron Horse LM308 Distortion,Distortion
Walrus Audio,Iron Horse LM308 Distortion — Distortion,Fuzz
Walrus Audio,Iron Horse LM308 Distortion — Distortion,Overdrive
Walrus Audio,Janus Fuzz/Tremolo,Fuzz
Walrus Audio,Janus Fuzz/Tremolo with Joystick Control,Fuzz
Walrus Audio,Janus Fuzz/Tremolo with Joystick Control — Fuzz,Distortion
Walrus Audio,Janus Fuzz/Tremolo with Joystick Control — Fuzz,Overdrive
Walrus Audio,Jupiter Multi-Clip Fuzz V2,Fuzz
Walrus Audio,Kangra Filter Fuzz,Fuzz
Walrus Audio,Mayflower Mid-Range Overdrive,Overdrive
Walrus Audio,Melee: Wall of Noise,Distortion
Walrus Audio,Melee: Wall of Noise — Distortion + Reverb,Distortion
Walrus Audio,Melee: Wall of Noise — Distortion + Reverb,Fuzz
Walrus Audio,Melee: Wall of Noise — Distortion + Reverb,Overdrive
Walrus Audio,Messner Stage-One Overdrive,Overdrive
Walrus Audio,Silt Harmonic Fuzz,Fuzz
Walrus Audio,Silt Harmonic Fuzz — Fuzz,Distortion
Walrus Audio,Silt Harmonic Fuzz — Fuzz,Overdrive
Walrus Audio,Voyager Preamp/Overdrive,Overdrive
Walrus Audio,Voyager Preamp/Overdrive MKII,Overdrive
Walrus Audio,Voyager Preamp/Overdrive MKII — Overdrive,Distortion
Walrus Audio,Voyager Preamp/Overdrive MKII — Overdrive,Fuzz
Walrus Audio,Warhorn Mid-Range Overdrive,Overdrive
Wampler Pedals,Andy Wood: Gearbox,Distortion
Wampler Pedals,Andy Wood: Gearbox,Overdrive
Wampler Pedals,Belle Overdrive,Distortion
Wampler Pedals,Belle Overdrive,Overdrive
Wampler Pedals,Black '65,Overdrive
Wampler Pedals,Black ’65 Limited Edition,Distortion
Wampler Pedals,Black ’65 Limited Edition,Overdrive
Wampler Pedals,Brad Paisley: Paisley Deluxe,Distortion
Wampler Pedals,Brad Paisley: Paisley Deluxe,Overdrive
Wampler Pedals,Brad Paisley: Paisley Drive,Distortion
Wampler Pedals,Brad Paisley: Paisley Drive,Overdrive
Wampler Pedals,Brent Mason: Hot Wired v2,Distortion
Wampler Pedals,Brent Mason: Hot Wired v2,Overdrive
Wampler Pedals,Brent Mason: ReWired,Distortion
Wampler Pedals,Brent Mason: ReWired,Overdrive
Wampler Pedals,cataPulp,Distortion
Wampler Pedals,cataPulp,Overdrive
Wampler Pedals,Clarksdale,Overdrive
Wampler Pedals,Cryptid Fuzz,Fuzz
Wampler Pedals,Dracarys Distortion,Distortion
Wampler Pedals,Dracarys Distortion,Overdrive
Wampler Pedals,Euphoria Overdrive,Distortion
Wampler Pedals,Euphoria Overdrive,Overdrive
Wampler Pedals,Fuzztration,Fuzz
Wampler Pedals,Germanium Tumnus,Distortion
Wampler Pedals,Germanium Tumnus,Overdrive
Wampler Pedals,Germanium Tumnus Deluxe,Distortion
Wampler Pedals,Germanium Tumnus Deluxe,Overdrive
Wampler Pedals,Golden Jubilee,Distortion
Wampler Pedals,Golden Jubilee,Overdrive
Wampler Pedals,Hot Wired,Distortion
Wampler Pedals,Hot Wired,Overdrive
Wampler Pedals,Leviathan Fuzz,Fuzz
Wampler Pedals,Leviathan Fuzz is not placed here despite its extreme gain because Wampler explicitly identifies it as Fuzz,Distortion
Wampler Pedals,Low Blow,Overdrive
Wampler Pedals,Low Blow Bass Overdrive,Distortion
Wampler Pedals,Low Blow Bass Overdrive,Overdrive
Wampler Pedals,Mofetta,Distortion
Wampler Pedals,Mofetta,Overdrive
Wampler Pedals,Moxie,Distortion
Wampler Pedals,Moxie,Overdrive
Wampler Pedals,Pantheon Deluxe,Distortion
Wampler Pedals,Pantheon Deluxe,Overdrive
Wampler Pedals,Pantheon Overdrive,Distortion
Wampler Pedals,Pantheon Overdrive,Overdrive
Wampler Pedals,Phenom Distortion,Distortion
Wampler Pedals,Phenom Distortion,Overdrive
Wampler Pedals,Pinnacle Deluxe v2,Distortion
Wampler Pedals,Pinnacle Deluxe v2,Overdrive
Wampler Pedals,Pinnacle Standard,Distortion
Wampler Pedals,Plexi-Drive,Overdrive
Wampler Pedals,Plexi Drive Deluxe,Overdrive
Wampler Pedals,Plexi Drive Mini,Distortion
Wampler Pedals,Plexi Drive Mini,Overdrive
Wampler Pedals,Plextortion,Distortion
Wampler Pedals,Plextortion,Overdrive
Wampler Pedals,Ratsbane,Distortion
Wampler Pedals,Ratsbane,Fuzz
Wampler Pedals,Ratsbane,Overdrive
Wampler Pedals,SLOstortion,Distortion
Wampler Pedals,Sovereign Distortion,Distortion
Wampler Pedals,tcd,Distortion
Wampler Pedals,tcd,Overdrive
Wampler Pedals,the Compulsion Drive (tcd),Distortion
Wampler Pedals,The Doctor,Distortion
Wampler Pedals,Thirty Something,Overdrive
Wampler Pedals,Tom Quayle: Dual Fusion,Distortion
Wampler Pedals,Tom Quayle: Dual Fusion,Overdrive
Wampler Pedals,Triple Wreck,Distortion
Wampler Pedals,Triple Wreck,Fuzz
Wampler Pedals,Triumph Overdrive,Distortion
Wampler Pedals,Triumph Overdrive,Overdrive
Wampler Pedals,Tumnus,Distortion
Wampler Pedals,Tumnus,Overdrive
Wampler Pedals,Tumnus Deluxe,Distortion
Wampler Pedals,Tumnus Deluxe,Overdrive
Wampler Pedals,Tweed '57,Overdrive
Wampler Pedals,Tweed ’57 Limited Edition,Distortion
Wampler Pedals,Tweed ’57 Limited Edition,Overdrive
Wampler Pedals,UnderDog,Overdrive
Wampler Pedals,Velvet Fuzz,Fuzz
Way Huge,Atreides Weirding Module,Fuzz
Way Huge,Beer Overdrive,Overdrive
Way Huge,Camel Toe MkII,Overdrive
Way Huge,Doom Hammer,Fuzz
Way Huge,Fat Sandwich,Distortion
Way Huge,Fat Sandwich,Overdrive
Way Huge,Foot Pig,Fuzz
Way Huge,Fuzz Box,Fuzz
Way Huge,Geisha Drive,Overdrive
Way Huge,Green Rhino MkIV,Overdrive
Way Huge,Green Rhino MkV,Overdrive
Way Huge,Overrated Special,Overdrive
Way Huge,Pork Loin,Overdrive
Way Huge,Pork & Pickle,Fuzz
Way Huge,Pork & Pickle,Overdrive
Way Huge,Red Llama 3.0,Overdrive
Way Huge,Russian-Pickle,Fuzz
Way Huge,STO,Overdrive
Way Huge,Stone Burner,Fuzz
Way Huge,Supa-Lead,Overdrive
Way Huge,Swollen Pickle Jumbo Fuzz MkIII,Fuzz
Way Huge,Swollen Pickle Jumbo Fuzz MkIIS,Fuzz
Wren and Cuff,Ace Octave Fuzz,Distortion
Wren and Cuff,Ace Octave Fuzz,Fuzz
Wren and Cuff,Anna Compact,Distortion
Wren and Cuff,Anna Compact,Fuzz
Wren and Cuff,Anna Compact,Overdrive
Wren and Cuff,Blue-Violet Caprid OG,Distortion
Wren and Cuff,Blue-Violet Caprid OG,Fuzz
Wren and Cuff,Blue-Violet Caprid Small Foot,Distortion
Wren and Cuff,Blue-Violet Caprid Small Foot,Fuzz
Wren and Cuff,Box of War OG Reissue,Distortion
Wren and Cuff,Box of War OG Reissue,Fuzz
Wren and Cuff,Box of War Small Foot,Distortion
Wren and Cuff,Box of War Small Foot,Fuzz
Wren and Cuff,Caprid Small Foot,Distortion
Wren and Cuff,Caprid Small Foot,Fuzz
Wren and Cuff,Elephant Skin,Distortion
Wren and Cuff,Elephant Skin,Fuzz
Wren and Cuff,Eye See '78,Distortion
Wren and Cuff,Eye See '78,Fuzz
Wren and Cuff,Eye See '78 OG,Distortion
Wren and Cuff,Eye See '78 OG,Fuzz
Wren and Cuff,Fade Font '94,Distortion
Wren and Cuff,Fade Font '94,Fuzz
Wren and Cuff,Forest for the Trees,Distortion
Wren and Cuff,Forest for the Trees,Fuzz
Wren and Cuff,Hangman-2D,Distortion
Wren and Cuff,Hangman-2D,Fuzz
Wren and Cuff,J Mascis Garbage Face,Distortion
Wren and Cuff,J Mascis Garbage Face,Fuzz
Wren and Cuff,J Mascis Garbage Face Jr,Distortion
Wren and Cuff,J Mascis Garbage Face Jr,Fuzz
Wren and Cuff,OG Caprid,Distortion
Wren and Cuff,OG Caprid,Fuzz
Wren and Cuff,Pickle Pie B,Distortion
Wren and Cuff,Pickle Pie B,Fuzz
Wren and Cuff,Super Russian,Distortion
Wren and Cuff,Super Russian,Fuzz
Wren and Cuff,Tall Font Russian,Distortion
Wren and Cuff,Tall Font Russian,Fuzz
Wren and Cuff,Two-Five Drive Boost,Overdrive
Wren and Cuff,UB-Stone Shinichi Ubukata Signature Fuzz,Distortion
Wren and Cuff,UB-Stone Shinichi Ubukata Signature Fuzz,Fuzz
Wren and Cuff,Violet World,Distortion
Wren and Cuff,Violet World,Fuzz
Wren and Cuff,Your Face 60's,Distortion
Wren and Cuff,Your Face 60's,Fuzz
Wren and Cuff,Your Face 70's,Distortion
Wren and Cuff,Your Face 70's,Fuzz
Xotic Effects,AC Booster V2 — Overdrive,Overdrive
Xotic Effects,AH Booster Allen Hinds — Overdrive,Overdrive
Xotic Effects,Bass BB Preamp V1.5 — Bass Boost / Overdrive,Overdrive
Xotic Effects,Bass RC Booster V2 — bass boost/drive product,Overdrive
Xotic Effects,BB Preamp V1.5 — Boost / Overdrive,Overdrive
Xotic Effects,RC Booster Classic,Overdrive
Xotic Effects,RC Booster V2 — Transparent Boost with gain / dirt function,Overdrive
Xotic Effects,SL Drive — Distortion / Overdrive,Overdrive
Xotic Effects,Soul Driven — Mid-boost Overdrive,Overdrive
ZVEX Effects,'59 Sound,Distortion
ZVEX Effects,Basstortion,Distortion
ZVEX Effects,Box of Metal,Distortion
ZVEX Effects,Box of Rock,Distortion
ZVEX Effects,Distortron,Distortion
ZVEX Effects,Double Rock,Distortion
ZVEX Effects,Fat Fuzz Factory,Fuzz
ZVEX Effects,Fuzz Factory,Fuzz
ZVEX Effects,Fuzz Factory 7,Fuzz
ZVEX Effects,Fuzz Factory Vertical,Fuzz
ZVEX Effects,Fuzz Probe,Fuzz
ZVEX Effects,Fuzzolo,Fuzz
ZVEX Effects,Machine,Fuzz
ZVEX Effects,Mastotron,Fuzz
ZVEX Effects,Octane 3,Fuzz
ZVEX Effects,"The current ZVEX Guitar Pedals catalog exposes Distortion and Fuzz categories but no Overdrive category. Box of Rock, Distortron, Double Rock, and '59 Sound are therefore not promoted into Overdrive merely because their descriptions involve amp-like breakup, gain, or overdrive-adjacent language. ZVEX's current taxonomy is used as the controlling category evidence",Overdrive
ZVEX Effects,Woolly Mammoth,Fuzz
ZVEX Effects,Woolly Mammoth 7,Fuzz
