"Builder","Pedal","Image Source Page","Notes"
"Black Cat Pedals","OD-Fuzz","https://www.effectsdatabase.com/model/blackcat/odfuzz","Exact Black Cat OD-Fuzz database record"
"Black Cat Pedals","RGDP - Really Great Dirt Pedal","https://www.effectsdatabase.com/model/blackcat/rgdp","Exact RGDP database record"
"Blackhawk Amplifiers","Asgard Bass Fuzz","https://reverb.com/au/item/30528369-blackhawk-asgard-bass-fuzz-guitar-distortion","Exact Blackhawk Asgard listing"
"Blackhawk Amplifiers","Basilisk Fuzz","https://reverb.com/item/77950001-black-hawk-basilisk-fuzz-black","Exact Blackhawk Basilisk sold listing"
"Blackhawk Amplifiers","Morgul Drive MKII","https://reverb.com/item/77782537-blackhawk-morgul-drive","Exact Blackhawk Morgul Drive listing"
"BIXONIC","EXP2000DR Clean & Drive","https://bixonic-sound.com/products/exp2000dr","Exact BIXONIC manufacturer product page"
"Biyang","BL-12 Blues","https://reverb.com/p/biyang-classical-bl-12-blues-overdrive","Exact Biyang product record"
"Biyang","DS-12 Distortion","https://reverb.com/p/biyang-classical-ds-12-distortion","Exact Biyang product record"
"BlackOutEffectors","A Seriously Special Twosome","https://www.effectsdatabase.com/model/blackout/twosome/special/seriously","Exact Effects Database product record"
"BlackOutEffectors","A Very Special Twosome","https://www.effectsdatabase.com/model/blackout/twosome/special","Exact Effects Database product record"
"BlackOutEffectors","Blunderbuss Fuzz","https://www.effectsdatabase.com/model/blackout/blunderbuss","Exact Effects Database product record"
"BlackOutEffectors","Dual Gain Mantra","https://www.effectsdatabase.com/model/blackout/mantra/dualgain","Exact Effects Database product record"
"BlackOutEffectors","Fix'd Fuzz","https://reverb.com/item/316572-blackout-effectors-fix-d-fuzz","Exact sold Reverb listing with multiple actual Fix'd Fuzz pedal photos"
"BlackOutEffectors","Fix'd Fuzz Deluxe","https://www.effectsdatabase.com/model/blackout/fixdfuzz/deluxe","Exact Effects Database product record"
"Blackstar Amplification","HT-DRIVE","https://reverb.com/p/blackstar-ht-drive","Exact Reverb product record with HT-Drive gallery imagery"
"Blackstar Amplification","LT-DRIVE","https://reverb.com/p/blackstar-lt-drive","Exact Reverb product record with LT Drive gallery imagery"
"Blakemore Effects","Bi-Polar Octadrive","https://reverb.com/p/blakemore-effects-bi-polar-octadrive","Exact Reverb product record"
"Blakemore Effects","Deus Ex Machina","https://reverb.com/p/blakemore-effects-deus-ex-machina","Exact Reverb product record with Deus Ex Machina gallery imagery"
"Bob Burt Cabinets & Pedals","Bob Burt AH-1 Allen Hinds Signature Distortion","https://www.effectsdatabase.com/model/bobburt/ah1","Exact Effects Database product record"
"Bob Burt Cabinets & Pedals","Bob Burt GR8T Distortion","https://www.effectsdatabase.com/model/bobburt/gr8t","Exact Effects Database product record"
"Bob Burt Cabinets & Pedals","Bob Burt Overdrive","https://www.effectsdatabase.com/model/bobburt/overdrive","Exact Effects Database product record"
"Bispell Audio","Gleam","https://reverb.com/en-fr/item/89660904-bispell-audio-gleam-fuzz-guitar-effects-pedal","Exact Bispell Gleam listing"
"Bispell Audio","Proxy","https://reverb.com/item/76574978-bispell-audio-proxy-vox-ul730-conqueror-beatles-zeppelin-free-shipping-offers-welcome","Exact Bispell Proxy listing"
"Bispell Audio","Saxon","https://bispellaudio.com/prod/saxon","Exact Bispell manufacturer product page"
"Bispell Audio","TOR","https://reverb.com/item/44229726-tor-treble-booster-eq-pedal-precise-sound-of-oc44-germanium-using-silicon","Exact Bispell TOR listing"
"Biyang","BO-1 Bass Over Drive","https://www.effectsdatabase.com/model/biyang/bo1","Exact Effects Database product record"
"Biyang","DS-1 Distortion","https://www.effectsdatabase.com/model/biyang/ds1","Exact Effects Database product record"
"Biyang","DS-3 Distortion","https://www.effectsdatabase.com/model/biyang/ds3","Exact Effects Database product record"
"Biyang","NM-2 New Metal","https://www.effectsdatabase.com/model/biyang/nm2","Exact Effects Database product record"
"Biyang","OD-8 X-Drive","https://www.effectsdatabase.com/model/biyang/tonefancier/od8","Exact Effects Database product record"
"Biyang","OTD-100 Distortion","https://www.effectsdatabase.com/model/biyang/tonefancier/otd100","Exact Effects Database product record"
"BJFE / BJF Electronics","Candy Apple Fuzz (CAF)","https://www.bjfe.jp/en/products/bjfcaf","Exact BJFE official product page"
"BJFE / BJF Electronics","Pink Purple Fuzz (PPF)","https://www.bjfe.jp/en/products/bjfppf","Exact BJFE official product page"
"Black Arts Toneworks","BAT","https://www.blackartstoneworks.com/pedal/bat/","Exact Black Arts manufacturer product page"
"Black Arts Toneworks","Black Forest","https://www.blackartstoneworks.com/pedal/black-forest/","Exact Black Arts manufacturer product page"
"Black Arts Toneworks","Coven","https://www.blackartstoneworks.com/pedal/coven/","Exact Black Arts manufacturer product page"
"Black Arts Toneworks","Crown of Horns","https://www.blackartstoneworks.com/pedal/crown-of-horns/","Exact Black Arts manufacturer product page"
"Black Arts Toneworks","FNORD","https://www.blackartstoneworks.com/pedal/fnord/","Exact Black Arts manufacturer product page"
"Black Arts Toneworks","LSTR","https://www.effectsdatabase.com/model/blackarts/lstr","Exact Effects Database product record"
"Black Arts Toneworks","Pharaoh","https://www.effectsdatabase.com/model/blackarts/pharaoh","Exact Effects Database product record"
"Black Arts Toneworks","Priestess","https://www.blackartstoneworks.com/pedal/priestess/","Exact Black Arts manufacturer product page"
"Black Arts Toneworks","Quantum Mystic","https://www.effectsdatabase.com/model/blackarts/quantummystic","Exact Effects Database product record"
"Black Arts Toneworks","Revelation","https://www.blackartstoneworks.com/pedal/revelation/","Exact Black Arts manufacturer product page"
"Black Arts Toneworks","Ritual","https://www.effectsdatabase.com/model/blackarts/ritual","Exact Effects Database product record"
"Black Arts Toneworks","Son of Pharaoh","https://www.blackartstoneworks.com/pedal/son-of-pharaoh/","Exact Black Arts manufacturer product page"
"Black Arts Toneworks","Tres Diablos Ruidosos","https://www.blackartstoneworks.com/pedal/tres-diablos-ruidosos/","Exact Black Arts manufacturer product page"
"Black Arts Toneworks","Witch Burner MkII","https://www.blackartstoneworks.com/pedal/witch-burner/","Exact Black Arts manufacturer product page"
"Big Lloyde","Overdose","https://www.effectsdatabase.com/model/biglloyde/overdose","Exact Effects Database product record linked from Big Lloyde catalog"
"Big Monk Electronic Device Co.","Monk Boost","https://reverb.com/item/92603748-big-monk-colorsound-monk-boost","Exact Big Monk Monk Boost listing with multiple actual pedal images"
"Big Tone Music Brewery","Anthology Fuzz","https://www.effectsdatabase.com/model/bigtone/anthologyfuzz","Exact Effects Database product record"
"Big Tone Music Brewery","BTMB Overdrive","https://www.effectsdatabase.com/model/bigtone/overdrive","Exact Effects Database product record"
"Big Tone Music Brewery","Germanium Fuzz Master","https://www.effectsdatabase.com/model/bigtone/fuzzmaster","Exact Effects Database product record"
"BBE","Green Screamer","https://www.effectsdatabase.com/model/bbe/greenscreamer","Exact Effects Database product record"
"Behringer","OD300","https://www.behringer.com/en/products/0709-ADX","Exact Behringer manufacturer product page"
"Big Ear","LOAF","https://www.effectsdatabase.com/model/bigear/loaf","Exact Effects Database product record"
"Big Ear NYC","Frank","https://reverb.com/uk/p/big-ear-pedals-frank","Exact Reverb product record with Frank gallery imagery"
"Big Ear NYC","Woodcutter","https://www.effectsdatabase.com/model/bigear/woodcutter","Exact Effects Database product record"
"Big Knob Pedals","I.C.B.M","https://bigknobpedals.com/product/i-c-b-m/","Exact Big Knob manufacturer product page"
"Big Knob Pedals","Rat Pak","https://bigknobpedals.com/product/rat-pak/","Exact Big Knob manufacturer product page"
"Big Knob Pedals","Bushy Bison","https://bigknobpedals.com/product/bushy-bison/","Exact Big Knob manufacturer product page"
"Big Knob Pedals","Tone Boner","https://bigknobpedals.com/product/tone-boner/","Exact Big Knob manufacturer product page"
"Big Knob Pedals","Zed Drive","https://bigknobpedals.com/product/zed-drive/","Exact Big Knob manufacturer product page"
"Barber Electronics","LTD SR","https://www.rockboard.de/en/pedalPedia/Barber-Electronics/LTD-SR/443913753/","Exact RockBoard product record for Barber LTD SR"
"Barber Electronics","Midnight Standard","https://www.barberelectronics.com/midnightstandard","Exact Barber Electronics manufacturer product page"
"BAE Audio","Royaltone Fuzz","https://www.baeaudio.com/8-products#royaltone","Exact BAE Audio product record with front/back pedal imagery"
"BearFoot FX","Emerald Green Overdrive","https://www.rockboard.de/en/pedalPedia/BearFoot-FX/Emerald-Green-Overdrive/68975145/","Exact RockBoard product record"
"BFFX Boutique Pedals","Demon D","https://equipboard.com/items/bffx-demon-d","Exact BFFX Demon D product record with multiple pedal images"
"Baja Tech Custom","DaMOAF Fuzz","https://reverb.com/item/777095-baja-tech-custom-damoaf","Exact Baja Tech Custom DaMOAF sold/ended Reverb listing with multiple item photos"
"Barbarossa","URANUS","https://reverb.com/item/80034953-barbarossa-uranus-overdrive-pedal","Exact Barbarossa URANUS sold Reverb listing with multiple item photos"
"B85 Audio","Hrom - Bass Overdrive","https://www.effectsdatabase.com/model/b85/hrom","Exact Effects Database product record"
"B.C. Rich","DMD-1 Digital Metal Distortion","https://www.effectsdatabase.com/model/bcrich/dmd1","Exact Effects Database product record"
"Big Ear","Black Betty","https://www.bigearpedals.com/product-page/black-betty-fuzz-blem","Exact Big Ear manufacturer product page for Black Betty"
"Big Ear NYC","Black Betty","https://reverb.com/p/big-ear-nyc-betty-fuzz","Exact Reverb product record for Big Ear NYC Betty/Black Betty"
"Big Ear NYC","Slice Of Pie","https://www.bigearpedals.com/product-page/slice-of-pie-b-stock","Exact Big Ear manufacturer product page for Slice Of Pie"
"Big Game Pedals","Bedlam Drive III","https://www.effectsdatabase.com/model/biggame/bedlamdrive","Exact Effects Database product record"
"Big Game Pedals","Everything is Alive - Modulated Resonant Fuzz","https://www.effectsdatabase.com/model/biggame/everythingisalive","Exact Effects Database product record"
"Big John Effects","Lil' John series","https://www.effectsdatabase.com/model/bigjohn","Exact Effects Database Big John page identifying the Lil' John series"
"Baddy One Shoe Pedals","Infinity Drive","https://www.effectsdatabase.com/model/baddyoneshoe/infinitydrive","Exact Effects Database product record"
"Baddy One Shoe Pedals","Punch & Grind","https://www.effectsdatabase.com/model/baddyoneshoe/punchgrind","Exact Effects Database product record"
"Baddy One Shoe Pedals","The Junk Puncher","https://www.effectsdatabase.com/model/baddyoneshoe/junkpuncher","Exact Effects Database product record"
"Baltimore Sonic Research Institute","TFZ Fuzz","https://reverb.com/item/96559251-baltimore-sonic-research-institute-tfz","Exact sold Reverb listing with multiple item photos"
"Backbeat Electric","X-Bender","https://www.effectsdatabase.com/model/backbeat/xbender","Exact Effects Database product record"
"Bad Cat","2-Tone","https://www.effectsdatabase.com/model/badcat/2tone","Exact Effects Database product record"
"Bad Cat","X-Treme Tone","https://www.effectsdatabase.com/model/badcat/xtremetone","Exact Effects Database product record"
"Bad Penny FX","The Fuzz Controller V1","https://www.effectsdatabase.com/model/badpenny/fuzzcontroller","Exact Effects Database product record"
"BBE","G Screamer","https://www.effectsdatabase.com/model/bbe/gscreamer","Exact Effects Database product record for OG-1 G Screamer"
"AMT Electronics","Rammstein RD Distortion Combo Emulator","https://www.effectsdatabase.com/model/amt/rd","Exact Effects Database product record"
"AMT Electronics","SS-11B","https://media.amtelectronics.com/amt-ss-11b/","Exact AMT Electronics product page"
"Atmosfera 6","Thulsa Doom Hyborean Fuzz","https://reverb.com/item/87142969-atmosfera6-thulsa-doom-hyborean-fuzz-blood-red","Exact Atmosfera 6 Thulsa Doom Reverb listing"
"Award-Session","JD10 MkII Direct Recording Guitar Amp Emulator","https://www.effectsdatabase.com/model/awardsession/jd10/mk2","Exact Effects Database product record"
"Award-Session","SP75 Sessionette:75 Guitar Amp Sound","https://www.effectsdatabase.com/model/awardsession/sp75","Exact Effects Database product record"
"Alen Geere","LEADer Mk.2","https://www.effectsdatabase.com/model/alengeere/leader/mk2","Exact Effects Database product record"
"Alen Geere","Preface Drive","https://www.effectsdatabase.com/model/alengeere/prefacedrive","Exact Effects Database product record"
"Alen Geere","Serene","https://www.effectsdatabase.com/model/alengeere/serene","Exact Effects Database product record"
"Alen Geere","Tube Fuzz","https://www.effectsdatabase.com/model/alengeere/tubefuzz","Exact Effects Database product record"
"BR Tech","Up Scream","https://www.effectsdatabase.com/model/brtech/upscream","Exact Effects Database product record"
"Braking Train Pedals","Frequency Control Fuzz","https://www.effectsdatabase.com/model/brakingtrain/frequencycontrolfuzz","Exact Effects Database product record"
"Brantone Electronics","Blue Meanie - Germanium Fuzz","https://www.effectsdatabase.com/model/brantone/bluemeanie","Exact Effects Database product record"
"Brantone Electronics","Tonemaster Mk1.5 Germanium Fuzz","https://www.effectsdatabase.com/model/brantone/tonemaster/mk15","Exact Effects Database product record"
"Breakfast Audio","SLAB DISTORTION","https://breakfastaudio.com/products/slab-distortion","Exact Breakfast Audio manufacturer product page"
"Brimstone Audio","BL-1 Basilisk","https://reverb.com/p/brimstone-audio-bl-1-basilisk-tube-distortion","Exact Reverb product record with model gallery imagery"
"Brimstone Audio","XD-1 Crossover Distortion","https://www.effectsdatabase.com/model/brimstone/crossover/distortion","Exact Effects Database product record"
"British Pedal Company","Rangemaster Fuzzbug MkII","https://www.britishpedalcompany.com/view-product/rangemaster-fuzzbug-mkii","Exact British Pedal Company product page"
"British Pedal Company","Tone Bender Mk1.5","https://www.britishpedalcompany.com/view-product/mki5-tone-bender","Exact British Pedal Company product page"
"British Pedal Company","Tone Bender MkI","https://www.britishpedalcompany.com/view-product/mki-tone-bender","Exact British Pedal Company product page"
"British Pedal Company","Tone Bender Professional MkII","https://www.britishpedalcompany.com/view-product/professional-mkii-tone-bender-oc81d","Exact British Pedal Company product page for the cataloged Professional MkII"
"British Pedal Company","WEM Pep Box","https://www.britishpedalcompany.com/view-product/bpc-pepbox","Exact British Pedal Company BPC PepBox product page"
"Build Your Own Clone","250+","https://www.effectsdatabase.com/model/byoc/250","Exact Effects Database product record"
"Build Your Own Clone","855 Drive","https://www.effectsdatabase.com/model/byoc/855drive","Exact Effects Database product record"
"Build Your Own Clone","Bender Clone","https://www.effectsdatabase.com/model/byoc/bender","Exact Effects Database product record"
"Build Your Own Clone","E.S.V. Fuzz","https://reverb.com/en-fr/item/77404996-b-y-o-c-e-s-v-fuzz-germanium-version-pre-built-pedal","Exact Reverb listing for the BYOC E.S.V. Fuzz Germanium Version pre-built pedal; retain as identity/source lead, not as a finished-pedal photo"
"Build Your Own Clone","Fuzz Clone","https://www.effectsdatabase.com/model/byoc/fuzz","Exact Effects Database product record"
"Build Your Own Clone","Li'l Beaver (Triangle)","https://www.effectsdatabase.com/model/byoc/lil/beaver/triangle","Exact Effects Database product record"
"Caline","CP-25 Highway Man OD","https://www.effectsdatabase.com/model/caline/cpxx/cp25","Exact Effects Database product record"
"Caline","CP-34 Headroom - Vintage Distortion","https://www.effectsdatabase.com/model/caline/cpxx/cp34","Exact Effects Database product record"
"Caline","CP-515 Carmilla - Hi Gain Distortion Machine","https://www.effectsdatabase.com/model/caline/cp500/carmilla","Exact Effects Database product record"
"Caline","CP-53 Fuzzy Faace - Voodoo Octave","https://www.effectsdatabase.com/model/caline/cpxx/cp53","Exact Effects Database product record"
"Caline","CP-56 Midlander / The Mayday - AC Tone","https://www.effectsdatabase.com/model/caline/cpxx/cp56","Exact Effects Database product record"
"Caline","CP-78 Red Thorn Distortion","https://www.effectsdatabase.com/model/caline/cpxx/redthorn","Exact Effects Database product record"
"Caline","CP-82 The Broadsword Bass Fuzz + Boost","https://reverb.com/p/caline-cp-82-the-broadsword-bass-fuzz","Exact Reverb product record for the cataloged Caline CP-82"
"Caline","DCP-08 Nightwolf","https://www.effectsdatabase.com/model/caline/dcp/dcp08","Exact Effects Database product record"
"Breakfast Audio","WELTSCHMERZ FUZZ","https://breakfastaudio.com/products/weltschmerz-fuzz","Exact Breakfast Audio manufacturer product page"
"Cactus","MTL-5 Ultra Metal","https://www.effectsdatabase.com/model/cactus/mtl5","Exact Effects Database product record"
"Cactus","OVD-5 Overdrive","https://www.effectsdatabase.com/model/cactus/ovd5","Exact Effects Database product record"
"C.I.C","MOD-7 Overdrive","https://www.effectsdatabase.com/model/cic/mod7","Exact Effects Database MOD-7 Overdrive model record"
"C.Giant","OD-1 Warm Blues - Overdrive/Distortion","https://www.effectsdatabase.com/model/cgiant/od1","Exact Effects Database product record"
"California Valveworks","The Bone Tender","https://www.effectsdatabase.com/model/californiavalveworks/bonetender","Exact Effects Database product record"
"Cameltone Electronics","Big Stuff","https://equipboard.com/items/cameltone-big-stuff","Exact Equipboard Big Stuff product record with model-specific product imagery"
"Cajita Stompboxes","Bdi.ts with Overdrive","https://www.mercadolibre.com.ar/bdits--preamp-de-bajo--distorsion--cajita-stompboxes-/up/MLAU299492703","Exact MercadoLibre product listing with model BDI.TS and actual pedal photography"
"Canned Monsters","Frenzy Moss","https://www.effectsdatabase.com/model/cannedmonsters/frenzymoss","Exact Effects Database product record"
"Carl Martin","DC-Drive","https://www.effectsdatabase.com/model/carlmartin/classic/dcdrive","Exact Effects Database product record"
"Carl Martin","The Fuzz","https://carlmartin.com/products/the-fuzz/","Exact Carl Martin manufacturer product page with The Fuzz pedal imagery"
"Carlsbro","Carlsbro Fuzz","https://www.tonehome.de/carlsbro/fuzz/","Exact ToneHome product page for Carlsbro Fuzz with model-specific vintage pedal imagery"
"Cat's Eye ESP","Mutha' Fuzz","https://www.effectsdatabase.com/model/catseye/muthafuzz","Exact Effects Database product record"
"Caroline Guitar Company","Haymaker","https://carolineguitar.com/so-what-is-the-difference-between/","Exact Caroline manufacturer technical page showing the Haymaker and product imagery"
"Case Study Effects Co.","Germanium Aspen Overdrive","https://casestudyeffects.co/products/germanium-aspen","Exact Case Study manufacturer product page with three Germanium Aspen product images"
"Casey Gooby","Organ Donor","https://www.effectsdatabase.com/model/caseygooby/organdonor","Exact Effects Database product record"
"Cave Passive Pedals","60's Break Up","https://www.effectsdatabase.com/model/cavepassive/60sbreakup","Exact Effects Database product record"
"Cave Passive Pedals","Blue Juice","https://www.effectsdatabase.com/model/cavepassive/bluejuice","Exact Effects Database product record"
"Cave Passive Pedals","Grunt MkII","https://www.effectsdatabase.com/model/cavepassive/grunt/mk2","Exact Effects Database product record"
"Cave Passive Pedals","Mini Miff","https://www.effectsdatabase.com/model/cavepassive/minimiff","Exact Effects Database product record"
"Cave Passive Pedals","Super Grunt","https://www.effectsdatabase.com/model/cavepassive/grunt/super","Exact Effects Database product record"
"Cave Passive Pedals","The Wasp","https://www.effectsdatabase.com/model/cavepassive/wasp","Exact Effects Database product record"
"Cave Passive Pedals","The Wasp MkII","https://www.effectsdatabase.com/model/cavepassive/wasp/mk2","Exact Effects Database product record"
"Cat's Eye ESP","Hop Hed Fuzztone","https://www.effectsdatabase.com/model/catseye/hophed","Exact Effects Database product record"
"Cat's Eye ESP","Hybrid Fuzz","https://www.effectsdatabase.com/model/catseye/hybridfuzz","Exact Effects Database product record"
"Cat's Eye ESP","Mista' Fuzz","https://www.effectsdatabase.com/model/catseye/mistafuzz","Exact Effects Database product record"
"Carcharias Effects","Uncle 125 Bass Overdrive","https://www.effectsdatabase.com/model/carcharias/uncle125","Exact Effects Database product record"
"C14 Devices","Tone Chaser","https://reverb.com/es/item/60907915-carbono-14-tone-chaser-world-s-first-carbon-fiber-pedal","Exact Reverb listing showing the cataloged C14 Tone Chaser pedal"
"Calangary Pedals","Kalagondang Fuzz","https://www.effectsdatabase.com/model/calangary/kalagondang","Exact Effects Database product record with pedal image"
"Calangary Pedals","Zaladin Fuzz","https://www.effectsdatabase.com/model/calangary/zaladin","Exact Effects Database product record with pedal image"
"Canvas Analog Devices","The Metamorphosis","https://reverb.com/item/43102648-canvas-analog-devices-the-metamorphosis-overdrive-pedal","Exact Reverb listing with multiple actual Canvas Analog Devices The Metamorphosis pedal photos"
"Captain FX","Yeti Fuzz","https://reverb.com/item/11956050-captain-fx-yeti-bass-fuzz","Exact Reverb product listing with item photos; model field is Yeti Fuzz"
"Carella Guitars","Overdistover","https://www.effectsdatabase.com/model/carella/overdistover","Exact Effects Database product record"
"Carella Guitars","Overtube","https://www.effectsdatabase.com/model/carella/overtube","Exact Effects Database product record"
"Casimir Effects Pedals","Entropy Fuzz","https://www.effectsdatabase.com/model/casimir/entropy","Exact Effects Database product record"
"CastleRock","CastleRock Bass Overdrive","https://www.effectsdatabase.com/model/castlerock/bassoverdrive","Exact Effects Database product record with pedal image"
"CastleRock","CastleRock Distortion","https://www.effectsdatabase.com/model/castlerock/distortion","Exact Effects Database product record with pedal image"
"CastleRock","CastleRock Metal Driver","https://www.effectsdatabase.com/model/castlerock/metaldriver","Exact Effects Database product record with pedal image"
"Carlin","Carlin Compressor/Fuzz","https://www.effectsdatabase.com/model/carlin/compressor/fuzz","Exact Effects Database product record with pedal image"
"Caswell Modern Electronics (CME)","Shark Mouth - Bass Synth Fuzz","https://www.effectsdatabase.com/model/caswell/sharkmouth","Exact Effects Database product record with pedal image"
"CAT Sound","Classic","https://www.effectsdatabase.com/model/catsound/classic","Exact Effects Database product record with pedal image"
"CAT Sound","Dancing - Distortion","https://www.effectsdatabase.com/model/catsound/dancing","Exact Effects Database product record with pedal image"
"CAT Sound","DriveCenter","https://www.effectsdatabase.com/model/catsound/drivecenter","Exact Effects Database product record with pedal image"
"CAT Sound","DriveCenter Bass","https://www.effectsdatabase.com/model/catsound/drivecenter/bass","Exact Effects Database product record with pedal image"
"Cave Pedals","Quad","https://www.cavepedals.net/shop/p/product-2-5c6mb-j8mng-zyt72-6y5rs","Exact official Cave Pedals product page; model is Quad and page contains product imagery"
"Caroline Guitar Company","Olympia","https://reverb.com/p/caroline-guitar-company-olympia","Exact Reverb product record; model is Olympia and gallery contains pedal photos"
"Carvin","Carvin TO-1 Tube Overdrive","https://reverb.com/en-pt/item/603790-carvin-to-1-tube-overdrive-distortion-pedal","Exact ended Reverb listing with multiple item photos"
"CastleRock","CastleRock Overdrive","https://www.zzounds.com/item--CSTCRGOD","Exact zZounds CastleRock Overdrive product record with model-specific photography"
"Carella Guitars","Real Tube","https://www.effectsdatabase.com/model/carella/realtube","Exact Effects Database product record; page identifies Carella Guitars Real Tube and exposes pedal image listing"
"Buffalo FX","Fuzz Face Ge","https://reverb.com/item/4861159-buffalo-fx-custom-germanium-fuzz-discontinued-limited-rare-fuzz-face","Exact sold Reverb listing for Buffalo FX custom Germanium Fuzz Face with multiple actual pedal photos"
"Buffalo FX","M-1 Fuzz","https://www.effectsdatabase.com/model/buffalofx/m1","Exact Effects Database product record with model-specific pedal imagery"
"Buffalo FX","Patriot","https://www.effectsdatabase.com/model/buffalofx/patriot","Exact Effects Database product record with model-specific pedal imagery"
"Buffalo FX","Evolution - 4 Stage Overdrive/Distortion","https://www.effectsdatabase.com/model/buffalofx/evolution","Exact Effects Database product record with model-specific pedal imagery"
"Build Your Own Clone","B.G. Fuzz","https://reverb.com/item/544039-byoc-b-g-fuzz-roland-bee-gee-fuzz-clone-big-muff","Exact sold Reverb listing explicitly identified as BYOC B.G. Fuzz with multiple finished-pedal photos"
"BSM","FassBender Fuzz Machine","https://www.effectsdatabase.com/model/bsm/fassbender","Exact Effects Database product record; page identifies BSM FassBender Fuzz Machine"
"BSM","Overdrive Supreme","https://www.effectsdatabase.com/model/bsm/overdrive/supreme","Exact Effects Database product record; page identifies BSM Overdrive Supreme"
"Brotech Electronics","Fatpipe Pro","https://reverb.com/item/10541352-brotech-electronics-fatpipe-pro-distortion-and-boost-fatpipe-pro-excellent","Exact Reverb listing with actual Fatpipe Pro pedal photo"
"BuGGFX Pedals","Raincoat","https://www.effectsdatabase.com/model/buggfx/raincoat","Exact Effects Database Raincoat model record with model-specific pedal identity and image lead"
"Buffalo FX","RH-X Rams Head - NOS BC239c","https://reverb.com/item/77157311-buffalo-fx-rh-x-bc239c-76-ram-s-head-distortion-fuzz","Exact Reverb listing; RH-X and NOS BC239C are visible on the pedal"
"Build Your Own Clone","Li'l Fuzz","https://www.effectsdatabase.com/model/byoc/lil/fuzz","Exact Effects Database product record with actual Li'l Fuzz image/video imagery"
"Bogner Amplification","Uberschall","https://reverb.com/p/bogner-uberschall","Exact Reverb product record; model is Uberschall Pedal and gallery contains pedal imagery"
"Bookworm Effects","BigWig Bass Driver","https://reverb.com/item/693545-sale-bookworm-effects-bigwig-bass-driver","Exact Reverb listing with multiple actual BigWig Bass Driver photos"
"Boulevard","BDT-10 Distortion","https://www.effectsdatabase.com/model/boulevard/bdt10","Exact Effects Database product record with model-specific pedal imagery"
"Boulevard","BOD-10 Overdrive","https://www.effectsdatabase.com/model/boulevard/bod10","Exact Effects Database product record with model-specific pedal imagery"
"Bouteek","Distorter - Preamp","https://www.effectsdatabase.com/model/bouteek/distorter","Exact Effects Database record; page contains two actual Bouteek Distorter pedal pictures"
"BoX","Distortion","https://www.effectsdatabase.com/model/box/distortion","Exact Effects Database record; model-specific BoX Distortion listing and pedal image source"
"Bondi Effects","Del Mar Overdrive mk1","https://www.effectsdatabase.com/model/bondi/delmar","Exact Effects Database Del Mar record; page documents the Mk1 and Mk2 versions and provides model imagery"
"Bootlegger Guitar","Shifty's 8 Ball Boost Drive Analog 12AT7","https://reverb.com/item/39818649-shifty-s-8-ball-boost-high-volt-overdrive-analog-12at7-eh-tube-tone-eq-control-power-supply","Exact Reverb listing with actual Shifty's 8 Ball pedal photos; seller is Bootlegger Guitar"
"Boulevard Effects","Darkship","https://reverb.com/item/32909607-boulevard-effects-darkship","Exact Reverb listing; model is Darkship and listing contains pedal imagery"
"BJFE / BJF Electronics","Arctic White Fuzz (AWF)","https://reverb.com/item/84727715-bjfe-arctic-white-fuzz","Exact Reverb listing; model is Arctic White Fuzz and gallery contains actual pedal photos"
"Biyang","OD-12 X-Drive","https://www.effectsdatabase.com/model/biyang/classic/od12","Exact Effects Database product record; exact Biyang OD-12 X-Drive model"
"Black Cat Pedals","D&S","https://www.effectsdatabase.com/model/blackcat/ds","Exact Effects Database product record with model-specific pedal imagery"
"Black Cat Pedals","N-Fuzz","https://reverb.com/en-fr/item/55078472-black-cat-pedals-n-fuzz","Exact Reverb listing with seven actual N-Fuzz pedal photos"
"Black Cat Pedals","OD-1 Freddy Fuzz","https://reverb.com/p/black-cat-od-1-freddie-fuzz","Exact Reverb product record; model is OD-1 Freddie Fuzz and gallery contains pedal imagery"
"BJFE / BJF Electronics","BlueBerry Bass Overdrive (3BOD)","https://reverb.com/item/84727852-bjfe-blueberry-bass-ovedrive","Exact sold Reverb listing; seller description identifies it as the original 3BOD BlueBerry Bass Overdrive"
"Black Cat Pedals","D-II Distortion","https://www.effectsdatabase.com/model/blackcat/d2","Exact Effects Database D-II Distortion product record with model-specific D-II imagery"
"BlackOutEffectors","Twosome Dual Fuzz","https://www.effectsdatabase.com/model/blackout/twosome","Exact Effects Database product record with model-specific Twosome imagery"
"Bootlegger Guitar","Tube Shooter Overdrive","https://www.zzounds.com/item--BOTBTS1","Exact historical product page with actual Tube Shooter pedal imagery; model name appears on page and pedal"
"Bouteek","Twin Drive and Boost - Ultimate Drive with Fuzz Inject","https://www.effectsdatabase.com/model/bouteek/twindrive","Exact Effects Database product record with model-specific pedal imagery"
"BR Tech","BR-1 Distortion","https://www.clasf.com.br/pedal-distortion-novo-2-anos-garantia-br-tech-em-s%C3%A3o-paulo-16366287/","Exact historical listing with visible BR-1 Distortion pedal photo and model marking"
"Brantone Electronics","WEM Pepbox - Official Reissue","https://www.breakthemachine.co.uk/brantone-electronics-qa/","Exact manufacturer Q&A page for Brantone's authorized WEM Pepbox reissue with gallery images"
"Brière Pedals","Distodrive","https://www.effectsdatabase.com/model/briere/dd1","Exact Effects Database DD-1 DistoDrive record; page identifies the Distodrive and exposes an image link"
"Black Arts Toneworks","Skyboost","https://reverb.com/item/73951423-black-arts-toneworks-skyboost","Exact sold Reverb listing with four actual Skyboost pedal photos and model field Skyboost"
"BlackOutEffectors","FUBÄR","https://reverb.com/item/3620903-blackout-effectors-fubar","Exact sold Reverb listing with actual Fubar pedal photos and model field Fubar"
"BlackOutEffectors","Musket Fuzz","https://reverb.com/item/40311212-blackout-effectors-musket-fuzz-guitar-effect-pedal","Exact sold Reverb listing with actual Musket pedal photos and model field Musket"
"Big Tone Music Brewery","MOSFET Overdrive & Boost","https://www.axeandyoushallreceive.com/product/big-tone-music-brewery-mosfet-overdrive-boost","Exact dealer product page for Big Tone Music Brewery MOSFET Overdrive & Boost with product imagery"
"Big Tone Music Brewery","Six Of Swords","https://www.effectsdatabase.com/model/bigtone/sixofswords","Exact Effects Database product record for Big Tone Music Brewery Six Of Swords"
"Bigfoot Engineering","Anniversary King Fuzz","https://www.bigfootengineering.com/store/p136/Anniversary_King_Fuzz.html","Exact Bigfoot Engineering product page for Anniversary King Fuzz"
"Bigfoot Engineering","Bigfoot King Fuzz XL","https://www.bigfootengineering.com/store/p156/king-fuzz-xl.html","Exact Bigfoot Engineering product page for Bigfoot King Fuzz XL"
"Billionaire (by Danelectro)","Trillion Dollar Fuzz","https://www.effectsdatabase.com/model/danelectro/billionaire/trilliondollarfuzz","Exact Effects Database product record for Billionaire (by Danelectro) Trillion Dollar Fuzz"
"Bigfoot Engineering","Bigfoot King Fuzz","https://www.bigfootengineering.com/store/p161/king-fuzz.html","Exact Bigfoot Engineering product page for Bigfoot King Fuzz"
"Bigfoot F.X.","Dynamic Distortion Device","https://www.effectsdatabase.com/model/bigfoot/dynamicdistortion","Exact Effects Database product record with an eBay image listing for Dynamic Distortion Device"
"Bigfoot F.X.","Fuzz Hog","https://www.effectsdatabase.com/model/bigfoot/fuzzhog","Exact Effects Database Fuzz Hog model record with model-specific pedal image"
"Bigfoot F.X.","Spaghetti Western Fuzz","https://www.effectsdatabase.com/model/bigfoot/spaghettiwestern","Exact Effects Database product record for Spaghetti Western Fuzz"
"Big Tone Music Brewery","Germanium FuzzBender","https://www.effectsdatabase.com/model/bigtone/fuzzbender","Exact Effects Database product record; page identifies Germanium FuzzBender and documents the MkII/MkIII versions"
"Big Tone Music Brewery","Parametric Overdrive","https://www.effectsdatabase.com/model/bigtone/overdrive/parametric","Exact Effects Database product record for Big Tone Music Brewery Parametric Overdrive"
"Big White Monkey Amps","Howler","https://www.effectsdatabase.com/model/bwm/howler","Exact Effects Database product record with model-specific pedal imagery"
"Big White Monkey Amps","Spider 808","https://www.effectsdatabase.com/model/bwm/spider808","Exact Effects Database product record with model-specific Spider 808 pedal imagery"
"Bigfoot F.X.","The Humongous Box","https://www.effectsdatabase.com/model/bigfoot/humongousbox","Exact Effects Database product record with an eBay image listing for The Humongous Box"
"Big Game Pedals","Nothing Is Dead Fuzz","https://www.pedal-of-the-day.com/2015/04/23/big-game-pedals-nothing-is-dead-fuzz/","Exact review page for Big Game Pedals Nothing Is Dead Fuzz with pedal imagery"
"Big Ear","Woodcutter","https://www.bigearpedals.com/product-page/woodcutter","Exact official Big Ear product page for WOODCUTTER distortion pedal with product image"
"Bias","Bias Over Drive","https://www.effectsdatabase.com/model/bias/overdrive","Exact Effects Database product record for Bias Over Drive"
"Axis Guitar Effects","Axis Face MkII","https://www.effectsdatabase.com/model/axisge/face/mk2","Exact Effects Database record for Axis Face MkII with model-specific pedal imagery"
"Axtar","DIS-5 Distortion","https://fr.audiofanzine.com/distorsion-guitare/axtar/dis-5/","Exact Audiofanzine model page for Axtar DIS-5 Distortion with model-specific pedal image"
"Azor","AP-302 Distortion Guitar Effect Pedal","https://reverb.com/item/17186509-azor-ap-302-distortion-mini-pedal","Exact sold Reverb listing; model is Azor AP-302 and listing states photos are of the actual product"
"BFFX Boutique Pedals","Guitarlab1","https://guitarload.com.br/noticia/publicidade-bffx-apresenta-o-pedal-guitarlab1/","Exact 2015 product article identifying BFFX Guitarlab1 and displaying the pedal"
"AXiom Effects","Distortion Preamp DP-1","https://axiomeffects.com/collections/frontpage/products/axiom-distortion-preamp-dp-1","Exact AXiom manufacturer product page with product imagery and model-specific documentation"
"AXiom Effects","Overdrive Preamp OP-1","https://axiomeffects.com/products/axiom-overdrive-preamp-op-1","Exact AXiom manufacturer product page with product imagery and model-specific documentation"
"BFFX Boutique Pedals","Kairen","https://www.mercadolivre.com.br/pedal-klon-clone-kairen-bffx/up/MLBU3078745184","Exact marketplace product listing for BFFX Kairen with the pedal itself photographed and model identified"
"Axcess by Giannini","BD-108 Blues Drive","https://www.effectsdatabase.com/model/giannini/axcess/bd108","Exact Effects Database product record; the page identifies Axcess by Giannini BD-108 Blues Drive and links to model imagery"
"Azur","FUZZ Effect Pedal","https://www.guitarcenter.com/Used/Azur/Used-Azur-FUZZ-Effect-Pedal-122302829.gc","Exact Guitar Center used listing titled Azur FUZZ Effect Pedal with five pedal images"
"Azur","LEON DRIVE Effect Pedal","https://reverb.com/item/66055863-azor-leon-drive-distortion-pedal","Exact Reverb listing for Azor Leon Drive with model-specific pedal imagery; tracker uses Azur LEON DRIVE"
"Azur","OVERDRIVE Effect Pedal","https://www.guitarcenter.com/Used/Azur/Used-Azur-Overdrive-Effect-Pedal-122077431.gc","Exact Guitar Center used listing titled Azur Overdrive Effect Pedal with six pedal images"
"Bouteek","Overdriver - Preamp","https://www.effectsdatabase.com/model/bouteek/overdriver","Exact Effects Database product record; page identifies Bouteek Overdriver - Preamp and exposes an eBay image source"
"BlackOutEffectors","Fuzz Bear","https://www.effectsdatabase.com/model/blackout/fuzzbear","Exact Effects Database product record; page identifies Blackout Effectors Fuzz Bear and links to the Fuzz Bear image source"
"Bogner Amplification","Oxford","https://www.zzounds.com/item--BOGOXFORD","Exact product page for Bogner Oxford Fuzz with model-specific gallery including main and alternate pedal views"
"Bizarre Engineering","Violine","https://www.talkbass.com/threads/npd-bizarres-violine.1286142/","Exact TalkBass owner thread titled NPD - Bizarre's Violine containing an actual photographed Violine pedal"
"A&M Custom Effects","Crash Central - Crunch Distortion","https://www.effectsdatabase.com/model/am/crashcentral","Exact Effects Database product record"
"A&M Custom Effects","Crazyboy - Double Fuzz","https://www.effectsdatabase.com/model/am/crazyboy","Verified exact Effects Database product record"
"A&M Custom Effects","Metal Maniac - Mega Distortion","https://www.effectsdatabase.com/model/am/metalmaniac","Exact Effects Database product record"
"A&M Custom Effects","Twin Pro - Overdrive","https://www.effectsdatabase.com/model/am/twinpro","Verified exact Effects Database product record"
"AboveGroundFX","Rocks Hard","https://www.effectsdatabase.com/model/aboveground/rockshard","Exact Effects Database product record"
"Automat Audio Devices","Rara Avis","https://tonewolf.com/products/automat-rara-avis-fuzz-pedal-2025-black","Exact dealer product page; image shows the Rara Avis pedal"
"Auxiliary Workshop","AWOD35 Overdrive","https://www.auxiliaryworkshop.com/AW0D35.html","Exact manufacturer product page with AWOD35 pedal imagery"
"AWOL Pedals","Virus Fuzz","https://awolpedals.com/products/virus-fuzz","Exact manufacturer product page for Virus Fuzz with product imagery"
"AXiom Effects","Fuzz Preamp FP-1","https://axiomeffects.com/products/fuzz-preamp-fp-1","Exact manufacturer product page with FP-1 pedal imagery"
"Cameltone Electronics","Freak Scene","https://reverb.com/item/3170253-cameltone-freak-scene","Exact Reverb listing; model is Freak Scene and listing has actual pedal photos"
"Cameltone Electronics","The Nard","https://reverb.com/item/86020573-cameltone-electronics-the-nard-2023-blue-album-tones","Exact Reverb listing; model is The Nard and listing has actual pedal photos"
"Camuro","Caboolture Twin-Stage Overdrive","https://camuro.co.jp/caboolture","Exact Camuro manufacturer page for Caboolture Two-stage Overdrive with product imagery"
"Camuro","FAT BABY Preamp/Overdrive","https://camuro.co.jp/","Exact Camuro manufacturer homepage; named FAT BABY product and pedal imagery are shown"
"Camuro","Naturale","https://camuro.co.jp/pedals","Exact Camuro product catalog page listing Naturale Overdrive Preamp with product imagery"
"Camuro","Fuzz Rosso","https://camuro.co.jp/pedals","Exact Camuro product catalog page listing Fuzz Rosso with product imagery and special versions"
"Carruthers","Dyna-Soar Lite","https://reverb.com/en-nl/item/74459358-carruthers-dyna-soar-lite-80s-incredibly-rare-big-muff-style-fuzz-pedal","Exact sold Reverb listing; model is Dyna-Soar Lite and listing has multiple actual pedal photos"
"Cave Passive Pedals","B-Drive Grunt","https://www.talkbass.com/threads/cave-passive-pedal-tour-box.884581/","Exact TalkBass tour-box thread naming the B-Drive Grunt and discussing the actual pedal"
"Audile","TOAD - Tone Overdrive And Distortion","https://audile.au/toad/","Exact Audile manufacturer product page with TOAD product imagery"
"Aural Dream","Purely Fuzz","https://reverb.com/item/45635025-aural-dream-purely-fuzz","Exact ended Reverb listing with five actual Purely Fuzz pedal photos"
"BYW Audio","Blacky' Blower","https://bywaudio.com/index.php/product/blacky-blower/","Exact BYW Audio manufacturer product page with Blacky' Blower product imagery"
"BYW Audio","Gros Buzz","https://bywaudio.com/index.php/product/gros-buzz/","Exact BYW Audio manufacturer product page with Gros Buzz product imagery"
"Bulinski Effect Pedals","Deluxe Velociraptor Diode Bass Fuzz","https://reverb.com/item/64820122-bulinski-effect-pedals-deluxe-velociraptor-diode-bass-fuzz-2022-gloss-brown","Exact sold Reverb listing with actual Deluxe Velociraptor pedal photos"
"Blackhawk Amplifiers","Mithrandir Octave Fuzz","https://reverb.com/item/34625860-blackhawk-amplifiers-mithrandir-octave-fuzz","Exact Reverb listing with actual Mithrandir Octave Fuzz pedal photos"
"Blackhawk Amplifiers","Svarog Fuzz","https://www.blackhawkamplifiers.com/product/svarog-fuzz-mkii-v3","Exact Blackhawk manufacturer product page with pedal imagery"
"Build Your Own Clone","British Blues Overdrive","https://reverb.com/item/717228-byoc-british-blues-overdrive","Exact sold Reverb listing with multiple actual British Blues Overdrive pedal photos"
"AMT Electronics","B-1 BG-Sharp","https://www.effectsdatabase.com/model/amt/legendamp/b1","Exact Effects Database product record with model-specific pedal imagery"
"AMT Electronics","M-1 JM-800","https://www.tone3000.com/tones/amt-m1-preamp-27834","Exact AMT M-1 image/profile page with model-specific pedal photograph"
"AMT Electronics","R-1 Rectifier","https://amt-sales.com/products/r-1","Exact AMT-SALES product page with R-1 pedal imagery"
"Anasounds","savage","https://anasounds.com/produit/savage/","Exact Anasounds manufacturer product page with Savage product imagery"
"Carvin","Carvin UD-1 Ultra Distortion","https://reverb.com/item/66837475-carvin-ud-1-ultra-distortion","Exact sold Reverb listing for Carvin UD-1 with actual pedal photos"
"CatastroFX","Outbreak","https://www.guitarpedalx.com/news/catastrofx-combines-high-velocity-and-southerly-harmonic-overdrives-in-its-singularly-potent-and-fantastic-sounding-dual-voiced-outbreak-pedal","Exact CatastroFX Outbreak feature page with model-specific pedal imagery"
"A.Y.A","Frontgate Bass Drive","https://www.tonequestshop.co.kr/product/1322732924/","Exact retailer product page for A.Y.A FrontGate BassDrive with model-specific pedal photos and identifying specifications; use this as primary recovery source instead of failing Reverb image CDN"
"Accel Audio","Vintage Scream'in Overdrive","https://reverb.com/au/item/99862869-accel-audio-vintage-scream-in-overdrive-tri-mode-drive-boost","Exact Reverb listing for Accel Vintage Scream'in Overdrive with actual pedal imagery"
"Acid Fuzz","Acid Fuzzer MkI","https://www.acidfuzz.com/pages/acid-fuzzer-mki","Exact Acid Fuzz manufacturer page for Acid Fuzzer MKI with product imagery"
"Amptweaker","Tight Drive Jr","https://reverb.com/p/amptweaker-tight-drive-jr","Exact Reverb product page for Amptweaker Tight Drive Jr with gallery images"
"Baja Tech Custom","Das Fuzz Si","https://reverb.com/item/69141743-baja-tech-custom-das-fuzz-si","Exact sold Reverb listing for Baja Tech Custom Das Fuzz Si with six item photos"
"Barber Electronics","B-Custom Dual Discrete","https://reverb.com/item/42253176-barber-b-custom-dual-discrete-overdrive","Exact sold Reverb listing for Barber B-Custom Dual Discrete with multiple actual pedal photos"
"BearFoot FX","Bone Bender MKI Fuzz","https://www.rockboard.de/en/pedalPedia/BearFoot-FX/Bone-Bender-MKI-Fuzz/68975135/","Exact RockBoard PedalPedia page for BearFoot Bone Bender MKI Fuzz with product image"
"BearFoot FX","Honey Bee Overdrive Plus","https://www.rockboard.de/en/pedalPedia/BearFoot-FX/Honey-Bee-Overdrive-Plus/68975151/","Exact RockBoard PedalPedia page for BearFoot Honey Bee Overdrive Plus with product image"
"Asheville Guitar Pedals","Rat King","https://reverb.com/item/89342629-asheville-guitar-pedals-rat-king-2025-black","Exact ended Reverb listing from Asheville Guitar Pedals for Rat King with multiple actual pedal photos"
"Asheville Guitar Pedals","Purr Machine Mini Fuzz Overdriver","https://www.avlguitarpedals.com/","Exact Asheville Guitar Pedals manufacturer/retailer page naming Purr Machine Mini Fuzz Overdriver and showing product imagery"
"Acid Fuzz","Professional MkII","https://www.effectsdatabase.com/model/acidfuzz/mk2","Exact Effects Database product record for Acid Fuzz Professional MkII with model-specific imagery"
"Atmosfera 6","BELMEZ Occult Fuzz Device","https://reverb.com/item/84883929-atmosfera-6-belmez-occult-fuzz-device","Exact ended Reverb listing for Atmosfera 6 BELMEZ Occult Fuzz Device with multiple actual pedal photos"
"Atmosfera 6","BELMEZ WITCHES Occult Fuzz","https://reverb.com/item/80884745-atmosfera-6-belmez-witches-occult-fuzz-2024","Exact sold Reverb listing for Atmosfera 6 BELMEZ WITCHES with multiple actual pedal photos"
"Atmosfera 6","SPACE OR DIE Variable Octave Generator","https://www.effectsdatabase.com/model/atmosfera6/spaceordie","Exact Effects Database product record for Atmosfera 6 Space or Die"
"Atmosfera 6","TERROR COSMICO","https://www.effectsdatabase.com/model/atmosfera6/terrorcosmico","Exact Effects Database product record for Atmosfera 6 Terror Cosmico"
"Audible Disease","FR-1 Fracture","https://www.effectsdatabase.com/model/audibledisease/fr1","Exact Effects Database product record for Audible Disease FR-1 Fracture"
"Audio Squared","Major Fuzz","https://www.effectsdatabase.com/model/audiosquared/majorfuzz","Exact Effects Database product record for Audio Squared Major Fuzz"
"Audio Surplus Effects","Burden","https://reverb.com/item/53422633-audio-surplus-effects-burden-doom-drone-sludge-fuzz-distortion","Exact sold Reverb listing for Audio Surplus Effects Burden with multiple actual pedal photos"
"Audiobox","Crunch Box","https://www.effectsdatabase.com/model/audiobox/crunchbox","Exact Effects Database product record for Audiobox Crunch Box with model-specific eBay pedal image"
"Audiostorm","Grand Classic Distortion","https://audiostorm.uk/product/grand-classic/","Exact Audiostorm manufacturer product page with Grand Classic pedal imagery"
"Brantone Electronics","Green Manalishi Overdrive","https://www.effectsdatabase.com/model/brantone/greenmanalishi","Exact Effects Database product record with the model-specific pedal image"
"Brantone Electronics","Woodstock - Silicon Fuzz Face","https://www.effectsdatabase.com/model/brantone/woodstock","Exact Effects Database product record with the model-specific pedal image"
"Buffalo FX","CVIII - BC108 Silicon Fuzz","https://www.effectsdatabase.com/model/buffalofx/cviii","Exact Effects Database product record with the model-specific pedal image"
"Buffalo FX","Fuzz Face Si","https://www.effectsdatabase.com/model/buffalofx/fuzzface/si","Exact Effects Database product record with the model-specific pedal image"
"Buffalo FX","Tonebender Mk3","https://www.effectsdatabase.com/model/buffalofx/tonebender/mk3","Exact Effects Database product record with the model-specific pedal image"
"CatastroFX","Deface Mk.III","https://reverb.com/uk/item/85775056-catastrofx-deface-handwired","Exact Reverb listing with actual CatastroFX Deface pedal photos"
"Add+ Pedals","Super Drive 2","https://www.effectsdatabase.com/model/addplus/superdrive/2","Exact Effects Database record with model-specific eBay pedal imagery"
"Aether Electronic","Lenore","https://aetherelectronic.wordpress.com/2017/03/11/lenore-demo-and-release/","Exact maker archive post for Lenore; linked March 2017 product post and model-specific media should be used for identity/photo recovery"
"Alber","GA-1040P Gain","https://www.effectsdatabase.com/model/alber/x00p/ga1040p","Exact Effects Database record with model-specific eBay pedal imagery"
"Alber","OD-6 Over Drive","https://www.effectsdatabase.com/model/alber/zn/od6","Exact Effects Database record with model-specific eBay pedal imagery"
"Alber","OD-600 Over Drive","https://www.effectsdatabase.com/model/alber/x00/od600","Exact Effects Database record with model-specific eBay pedal imagery"
"Alber","OD-610 Over Drive","https://www.effectsdatabase.com/model/alber/x10/od610","Exact Effects Database record with model-specific eBay pedal imagery"
"AXL","DEQ-2 Distortion EQ","https://www.effectsdatabase.com/model/axl/deq2","Exact Effects Database product record with model-specific eBay pedal imagery"
"AXL","TOD-9 Tube Overdrive","https://www.effectsdatabase.com/model/axl/tod9","Exact Effects Database product record with model-specific eBay pedal imagery"
"Azor","Distortion Effect Pedal","https://www.guitarcenter.com/Used/Azor/Used-Azor-Distortion-Effect-Pedal-122683494.gc","Exact used Guitar Center listing with multiple photos of the Azor Distortion pedal"
"Add+ Pedals","Der Fuzzer","https://www.effectsdatabase.com/model/addplus/derfuzzer","Exact Effects Database product record with model-specific pedal imagery"
"Add+ Pedals","Great White","https://www.effectsdatabase.com/model/addplus/greatwhite","Exact Effects Database product record with model-specific pedal imagery"
"Add+ Pedals","Distortion","https://www.addpluspedals.com/distortion.php","Exact ADD+ manufacturer product page with model-specific Distortion pedal imagery"
"Add+ Pedals","Ratortion 2","https://www.effectsdatabase.com/model/addplus/ratortion/2","Exact Effects Database product record with model-specific pedal imagery"
"AC Efectos","Triplex Distortion","https://www.effectsdatabase.com/model/ac/triplex","Exact Effects Database product record with model-specific pedal imagery"
"Balaguer Guitars","BG-Drive - Preamp/Overdrive","https://www.effectsdatabase.com/model/balaguer/bgdrive","Exact Effects Database product record with model-specific pedal imagery"
"Barber Electronics","Pepsiman","https://www.effectsdatabase.com/model/barber","Exact Effects Database builder catalog page for the exact Pepsiman model"
"Axewerx","Gain Chain","https://axewerx.com/shop/products/pedals/the-gain-chain.html","Exact Axewerx Gain Chain product page; use the rendered exact-model photo if its image proxy is accessible"
"Airis Effects","Solar Flare Overdrive","https://reverb.com/item/3103040-airis-effects-solar-flare-overdrive-2015-black","Verified exact sold Reverb listing; model and 2015 black finish are explicitly identified; browser capture fallback"
"Bad Penny FX","The Fuzz Controller V2","https://reverb.com/item/36572523-bad-penny-fx-the-fuzz-controller-v2","Verified exact Reverb listing with actual Fuzz Controller V2 pedal photos and model field; browser capture fallback"
"A.Y.A","Frontgate Bass Drive","https://www.effectsdatabase.com/model/aya/frontgate","Alternate exact Effects Database record with model-specific pedal imagery"
"Accel Audio","Vintage Scream'in Overdrive","https://www.rockboard.de/en/pedalPedia/Accel-Audio/Screamevgin-Vintage-Overdrive/68974317/","Alternate exact RockBoard PedalPedia record with model-specific pedal imagery"
"Amptweaker","Tight Drive Jr","https://www.soundhouse.co.jp/en/products/detail/item/255411/","Alternate exact Sound House product page with model-specific TightDrive JR imagery"
"Baja Tech Custom","Das Fuzz Si","https://www.effectsdatabase.com/model/bajatech/dasfuzzsi","Alternate exact Effects Database record with model-specific pedal imagery"
"Barber Electronics","B-Custom Dual Discrete","https://www.effectsdatabase.com/model/barber/bcustom/dualdiscrete","Alternate exact Effects Database record with model-specific pedal imagery"
"Accel Audio","Stompzilla Fuzz","https://www.effectsdatabase.com/model/accel/stompzilla","Verified exact Effects Database model record with model-specific pedal imagery"
"Addrock Musical Products","Not So Ol' Yeller","https://www.effectsdatabase.com/model/addrock/notsoolyeller","Verified exact Effects Database model record with model-specific pedal imagery"
"Advance Tube Technology","Boost Cat Drive","https://www.effectsdatabase.com/model/avt/boostcatdrive","Verified exact Effects Database model record with model-specific pedal imagery"
"Advance Tube Technology","Virus Drive","https://www.effectsdatabase.com/model/avt/virusdrive","Verified exact Effects Database model record with model-specific pedal imagery"
"AGR Pedals","Cuervo Muerto - Silicon Fuzz Bender","https://www.effectsdatabase.com/model/agrpedals/cuervomuerto","Verified exact Effects Database model record with model-specific pedal imagery"
"AGR Pedals","DS2610 - Vintage Distortion","https://www.effectsdatabase.com/model/agrpedals/ds2610","Verified exact Effects Database model record with model-specific pedal imagery"
"AGR Pedals","FZR912 - Muff Fuzz Deluxe","https://www.effectsdatabase.com/model/agrpedals/fzr912","Verified exact Effects Database model record with model-specific pedal imagery"
"AGR Pedals","OD85 - Full Range Overdrive","https://www.effectsdatabase.com/model/agrpedals/od85","Verified exact Effects Database model record with model-specific pedal imagery"
"Absolutely Analog","Ratzo","https://www.effectsdatabase.com/model/absolutelyanalog/rat","Verified exact Effects Database model record with model-specific pedal imagery"
"ADV Systems","#distortion","https://www.effectsdatabase.com/model/advsystems/distortion","Verified exact Effects Database model record with model-specific pedal imagery"
"ADV Systems","#overdrive","https://www.effectsdatabase.com/model/advsystems/overdrive","Verified exact Effects Database model record with model-specific pedal imagery"
"Alen Geere","Crown Centaur","https://www.effectsdatabase.com/model/alengeere/crowncentaur","Verified exact Effects Database model record with model-specific pedal imagery"
"Alen Geere","Loverdrive","https://reverb.com/item/11628-alen-geere-loverdrive","Verified exact Reverb listing with multiple actual Alen Geere Loverdrive pedal photos"
"Alien Amplification","Origami Overdrive","https://www.effectsdatabase.com/model/alienamps/origami","Verified exact Effects Database model record with model-specific pedal imagery"
"Caveman Audio / Skrydstrup","ODR2","https://www.rockboard.de/en/pedalPedia/Skrydstrup-RD/ODR-2/68984309/","Verified exact RockBoard PedalPedia record for Skrydstrup R&D ODR 2 with model-specific pedal imagery"
"Alber","FU-1000","https://www.effectsdatabase.com/model/alber/x00/fu1000","Verified exact Effects Database model record; page identifies the steel-series FU-1000 and includes an eBay image lead"
"Alber","FU-1000P","https://www.effectsdatabase.com/model/alber/x00p/fu1000p","Verified exact Effects Database model record; page identifies the plastic-series FU-1000P and includes an eBay image lead"
"Alber","GA-104 Gain","https://www.effectsdatabase.com/model/alber/zn/ga104","Verified exact Effects Database model record; page identifies the zinc-series GA-104 and includes an eBay image lead"
"Alber","GA-1040 Gain","https://www.effectsdatabase.com/model/alber/x00/ga1040","Verified exact Effects Database model record; page identifies the steel-series GA-1040 and includes an eBay image lead"
"AJcustom","Distortion","https://www.effectsdatabase.com/model/ajcustom/distortion","Verified exact Effects Database model record with model-specific pedal imagery"
"Alien Rabbit","Magic Drive","https://www.effectsdatabase.com/model/alienrabbit/magicdrive","Verified exact Effects Database model record with model-specific pedal imagery"
"Amsterdam Cream","Big Eye Fuzz","https://amsterdamcream.com/post/74580352500/big-eye-fuzz","Verified exact Amsterdam Cream product page naming Big Eye Fuzz; model-specific pedal image is present"
"Amsterdam Cream","Big Eye Fuzz","https://reverb.com/uk/item/65960922-amsterdam-cream-big-eye-fuzz","Verified exact sold Reverb listing with six actual Big Eye Fuzz product images"
"Alcove","ALP-200 Overdrive","https://www.effectsdatabase.com/model/alcove/alp200","Verified exact Effects Database model record with model-specific eBay image lead"
"Aleatorik","Operation 1","https://www.effectsdatabase.com/model/aleatorik/operation1","Verified exact Effects Database model record with model-specific eBay image lead"
"Brotech Electronics","Fatpipe Blues","https://www.brotechelectronics.com/","Verified official Brotech Electronics site identifies Fatpipe Blues as a current guitar effects box"
"Accel Audio","OD-SS Express Overdrive","https://www.effectsdatabase.com/model/accel/od","Verified exact Effects Database model record; model-specific pedal imagery is present"
"Alen Geere","Loverdrive","https://www.effectsdatabase.com/model/alengeere/loverdrive","Exact Effects Database model record for Alen Geere Loverdrive; exact model identity confirmed"
"Alen Geere","Methoxy Overdrive","https://www.effectsdatabase.com/model/alengeere/methoxy","Exact Effects Database model record; exact Alen Geere Methoxy identity confirmed and page exposes pedal imagery/search trail"
"Analog Sound","Scream For Cream OD","https://www.effectsdatabase.com/model/analogsound/screamforcream","Exact Effects Database model record; exact Analog Sound Scream For Cream identity confirmed with eBay image trail"
"Analog Sound","Smooth O' Drive","https://www.effectsdatabase.com/model/analogsound/smoothodrive","Exact Effects Database model record; exact Analog Sound Smooth O' Drive identity confirmed with eBay image trail"
"Analog Sound","The Boogie Man","https://www.effectsdatabase.com/model/analogsound/boogieman","Exact Effects Database model record; exact Analog Sound The Boogie Man identity confirmed with eBay image trail"
"Audio Monk","Fuzzbeard","https://www.effectsdatabase.com/model/audiomonk/fuzzbeard","Exact Effects Database model record; exact Audio Monk Fuzzbeard identity confirmed with eBay image trail"
"Audio Monk","Fuzzpotion - Bass Fuzz","https://www.effectsdatabase.com/model/audiomonk/fuzzpotion","Exact Effects Database model record; exact Audio Monk Fuzzpotion identity confirmed with eBay image trail"
"Audio-Phonic","R4 Fuzz","https://www.effectsdatabase.com/model/audiophonic/r4","Exact Effects Database model record; exact Audio-Phonic R4 Fuzz identity confirmed with eBay image trail"
"Audio-Phonic","Twin-Fuzz","https://www.effectsdatabase.com/model/audiophonic/twinfuzz","Exact Effects Database model record; exact Audio-Phonic Twin-Fuzz identity confirmed with eBay image trail"
"Aural Dream","Bold Distortion","https://www.effectsdatabase.com/model/auraldream/distortion/bold","Exact Effects Database model record; exact Aural Dream Bold Distortion identity confirmed with eBay image trail"
"Aural Dream","Intense Distortion","https://www.effectsdatabase.com/model/auraldream/distortion/intense","Exact Effects Database model record; exact Aural Dream Intense Distortion identity confirmed"
"Aul Instruments","Fuzz","https://www.effectsdatabase.com/model/aul/fuzz","Exact Effects Database model record with multiple model-specific pedal photographs attributed to Jeremy Reeves"
"Anarchy Audio Australia","Baa Bzz","https://www.effectsdatabase.com/model/anarchyaudio/baabzz","Exact Effects Database model record; exact Baa Bzz identity confirmed with model-specific image trail"
"Anarchy Audio Australia","Deadwoods - Chainsaw Fuzz","https://www.effectsdatabase.com/model/anarchyaudio/deadwoods","Exact Effects Database model record; exact Deadwoods identity confirmed with model-specific image trail"
"Audile","Bass TOAD - Tone Overdrive And Distortion for Bass","https://www.effectsdatabase.com/model/audile/toad/bass","Exact Effects Database model record; exact Audile Bass TOAD identity confirmed"
"Automat Audio Devices","Triplegänger","https://www.effectsdatabase.com/model/automat/tripleganger","Exact Effects Database model record; exact Automat Audio Devices Triplegänger identity confirmed"
"AMT Electronics","BS British Sound","https://www.effectsdatabase.com/model/amt/bs","Exact Effects Database model record for AMT Electronics BS British Sound; exact model identity confirmed"
"Analog King","Fuzz Machine - Germanium Fuzz + Overdrive","https://www.effectsdatabase.com/model/analogking/fuzzmachine","Exact Effects Database model record; exact Analog King Fuzz Machine identity confirmed and page exposes model-specific eBay imagery"
"Bigfoot Engineering","Bigfoot Germanium EQ Fuzz","https://www.bigfootengineering.com/ltd.html","Exact Bigfoot Engineering manufacturer page lists Bigfoot Germanium EQ Fuzz as a product; manufacturer identity and model name confirmed"
"Audiostorm","ADNA","https://audiostorm.uk/retired-products/","Exact Audiostorm retired-products page names ADNA as an Audiostorm overdrive; manufacturer source retained for exact-model image recovery"
"Audiostorm","F258 Drive","https://audiostorm.uk/retired-products/","Exact Audiostorm retired-products page names F258 Drive as an Audiostorm germanium overdrive; manufacturer source retained for exact-model image recovery"
"Audiostorm","Otherworld Overdrive","https://audiostorm.uk/retired-products/","Exact Audiostorm retired-products page lists Otherworld Overdrive in the effects catalog; manufacturer source retained for exact-model image recovery"
"BlackOutEffectors","Blunderbuss Musket","https://blackouteffectors.com/effects/","Exact BlackOutEffectors manufacturer effects page lists BLUNDERBUSS FUZZ and MUSKET FUZZ; catalog identity trail retained for exact-model recovery"
"Beta Aivin","BOD-2 Bass Overdrive","https://www.effectsdatabase.com/model/betaaivin/200/bod2","Exact Effects Database model record for Beta Aivin BOD-2 Bass Overdrive; page identifies the exact model and exposes an eBay pedal-image trail"
"Alien Amplification","Origami Overdrive","https://produto.mercadolivre.com.br/MLB-953389761-pedal-guitarra-alien-origami-overdrive-_JM","Exact Origami Overdrive sales listing; listing title and description identify Alien Origami and show actual pedal imagery; verify exact model/version before caching"
"Aether Electronic","Lenore","https://www.effectsdatabase.com/model/aether/lenore","Alternate exact Effects Database identity page with model-specific eBay imagery; retain alongside the maker archive page"
"A.Y.A","Frontgate Bass Drive","https://reverb.com/de/item/84897758-a-y-a-tokyo-japan-frontgate-bassdrive","Alternate exact Reverb listing with multiple actual FrontGate BassDrive photos; retailer page remains primary"
"Aleatorik","Operation 1","https://aucfree.com/items/c645005215","Exact Japanese auction archive result labeled ALEATORIK Operation 1 prototype/Human Gear with actual pedal photography; verify model identity before caching"
"Auxiliary Workshop","The Devils Handshake","https://www.guitarpedalx.com/news/news/a-quick-look-at-the-auxiliary-workshop-the-devils-handshake","Exact dedicated Guitar Pedal X article for Auxiliary Workshop The Devils Handshake; use only an exact pedal image from the article after browser identity verification"
"Blackhawk Amplifiers","Gandalf Fuzz","https://reverb.com/item/26935698-blackhawk-gandalf-one-knob-octave-fuzz-v2","Exact Reverb listing for Blackhawk Gandalf one-knob Octave Fuzz V2; listing description explicitly identifies GANDALF FUZZ and provides actual pedal photos; verify version before caching"
"Blackhawk Amplifiers","Triangle Fuzz","https://reverb.com/item/56428935-blackhawk-triangle-pi-fuzz","Exact Reverb listing for BLACKHAWK TRIANGLE PI FUZZ with multiple actual pedal photos and Blackhawk Amplifiers as seller; verify catalog naming against exact unit before caching"
"Blackhawk Amplifiers","Ramshead Fuzz","https://reverb.com/item/75995463-blackhawk-amplifiers-ram-s-head-big-muff-fuzz-pedal","Exact Blackhawk Ramshead listing with multiple pedal photos"
"C.Q.O.","Super Distortion","https://www.effectsdatabase.com/model/cqo/superdistortion","Exact C.Q.O. Super Distortion database record with eBay image lead"
"CBC Pedals","Foxx Tone Machine","https://reverb.com/uk/item/46487537-cbc-pedals-the-tone-machine-foxx-tone-machine-clone","Exact CBC Pedals Tone Machine listing identified as a Foxx Tone Machine clone with pedal photos"
"BJFE / BJF Electronics","Big Purple Fuzz","https://bjornjuhl.com/forum/viewtopic.php?f=6&t=2261","Exact builder forum reference for this one-off deluxe pedal"
"BJFE / BJF Electronics","Cranberry Over Drive","https://bjornjuhl.com/forum/viewtopic.php?f=6&t=2261","Exact builder forum reference for this historical model"
"BJFE / BJF Electronics","Dyna Blue Distortion","https://bjornjuhl.com/forum/viewtopic.php?f=6&t=2261","Exact builder forum reference for this historical model"
"BJFE / BJF Electronics","Mighty Blue Overdrive","https://bjornjuhl.com/forum/viewtopic.php?f=6&t=2261","Exact builder forum reference for this one-off deluxe pedal"
"BJFE / BJF Electronics","Smokey Orange Fuzz","https://bjornjuhl.com/forum/viewtopic.php?f=6&t=2261","Exact builder forum reference for this prototype"
"CBC Pedals","Ampeg Scrambler","https://www.effectsdatabase.com/model/ampeg/scrambler","Exact Effects Database model record for the Ampeg Scrambler reproduction; retain exact model identity before image capture"
"CBC Pedals","The Drive","https://reverb.com/item/2817718-cbc-pedals-the-drive-zendrive-clone","Exact sold Reverb listing for CBC The Drive"
"CBC Pedals","The Drive","https://reverb.com/item/3942273-cbc-pedals-the-drive-zendrive-clone","Second exact sold Reverb listing for CBC The Drive"
"CBC Pedals","The Drive","https://reverb.com/item/32819491-cbc-the-drive-zendrive-clone","Third exact sold Reverb listing for CBC The Drive"
"CastleRock","CastleRock Bass Overdrive","https://www.zzounds.com/item--CSTCRBOD","Exact zZounds product page with product image carousel for CastleRock Bass Overdrive"
"Cameltone Electronics","Big Stuff","https://reverb.com/item/3855857-cameltone-electronics-big-stuff-dinosaur-jr-big-muff-clone-2014-purple","Second exact sold Reverb listing for Cameltone Electronics Big Stuff with item photos"
"Bad Cat","X-Treme Tone","https://www.clinganguitars.com/en-us/products/77329728-bad-cat-x-treme-tone-tube-preamp-pedal-2000s-black-and-chrome","Exact retailer listing for Bad Cat X-Treme Tone with multiple item photos"
"BBE","G Screamer","https://www.guitarcenter.com/BBE/Used-BBE-G-Screamer-OG1-Gus-G-Signature-Overdrive-Effect-Pedal-121885358.gc","Exact Guitar Center used listing with multiple G Screamer product photos"
"Baltimore Sonic Research Institute","TFZ Fuzz","https://reverb.com/item/98916760-baltimore-sonic-research-institute-tfz","Second exact current Reverb TFZ listing with four item photos"
"Black Arts Toneworks","BAT","https://joespedals.com/collections/pedals/products/bat","Exact Joe's Pedals BAT product page with product imagery"
"Bispell Audio","Gleam","https://www.guitarpedalx.com/news/gpx-blog/bispell-audios-v2-gleam-is-an-incredibly-potent-silicon-4-transistor-multi-fuzz-which-has-you-brilliantly-covered-for-all-the-early-classic-fuzz-types","Exact-title Bispell Gleam article with actual pedal imagery"
"Bispell Audio","TOR","https://www.guitarpedalx.com/news/gpx-blog/bispell-audio-reboots-its-tor-silicon-circuit-oc44-emulating-rangemaster---now-in-v2-edition-with-even-more-granularity-and-versatility","Exact-title Bispell TOR article with actual pedal imagery"
"Bispell Audio","Proxy","https://reverb.com/ca/item/43700024-proxy-v2-beatles-vox-ul730-overdrive-with-vox-conqueror-mid-boost-switch","Second exact Reverb listing for Bispell Audio Proxy V2 with multiple actual pedal photos and Bispell Audio as seller; verify exact version identity before caching"
"Blackhawk Amplifiers","Basilisk Fuzz","https://reverb.com/item/87246180-blackhawk-amplifiers-basilisk-fuzz-pedal-beebaa","Second exact Reverb listing for Blackhawk Basilisk Fuzz with multiple actual pedal photos; verify catalog naming/version before caching"
"Black Cat Pedals","OD-Fuzz","https://reverb.com/p/black-cat-od-fuzz","Exact Reverb product record with four gallery images for Black Cat OD - Fuzz; alternate to Effects Database"
"Asheville Guitar Pedals","Purr Machine Mini Fuzz Overdriver","https://reverb.com/item/93803593-asheville-guitar-pedals-purr-machine-mini-original-pink","Exact Reverb listing for Asheville Guitar Pedals Purr Machine Mini with actual pedal photos and exact model field"
"Asheville Guitar Pedals","Rat King","https://www.avlguitarpedals.com/","Exact builder home page naming Rat King distortion with actual product imagery"
"A.Y.A","Frontgate Bass Drive","https://www.asagi-bass.com/entry/frontgate","Exact FrontGate BassDrive review with product name and two actual pedal photographs"
"Black Arts Toneworks","Crown of Horns","https://www.guitarcenter.com/Used/Black-Arts-Toneworks/Used-Black-Arts-Toneworks-CROWN-OF-HORNS-Effect-Pedal-121985344.gc","Exact used Guitar Center listing for Crown of Horns with actual item photography"
"Black Arts Toneworks","BAT","https://lep-international.jp/products/black-arts-toneworks-bat","Exact BAT product page with five actual product images"
"Accel Audio","OD-SS Express Overdrive","https://www.effectsdatabase.com/model/biyang/babyboom/od10","Exact Effects Database model page associated with Accel OD-SS Express"
"Airis Effects","Solar Flare Overdrive","https://www.effectsdatabase.com/model/airis/solarflare","Exact Effects Database product record for Airis Effects Solar Flare Overdrive with model-specific imagery"
"Bulinski Effect Pedals","RC Bass Fuzz","https://www.madeforbass.com/bass-effects-database/","Exact Made For Bass database record for Bulinski Effect Pedals RC Bass Fuzz; exact model identity is present in the page table"
"Carmedon Electronics","Alpha Centauri","https://www.facebook.com/carmedon/mentions/","Exact Carmedon Electronics Alpha Centauri identity mention on the builder's Facebook page; use only if a verifiable exact pedal image is exposed"
"Add+ Pedals","Distortion","https://mintmuzik.com/add-distortion","Exact retail product page with actual ADD+ Distortion pedal photography"
"Acid Fuzz","Acid Fuzzer MkI","https://www.effectsdatabase.com/model/acidfuzz/acidfuzzer","Alternate exact Effects Database record for Acid Fuzzer MkI with model-specific pedal imagery"
"BearFoot FX","Bone Bender MKI Fuzz","https://www.music-blvd.com/product/11542/bearfoot-fx-bone-bender-mki-fuzz-speckle","Exact retailer product page for BearFoot Bone Bender MKI Fuzz with product image"
"BearFoot FX","Honey Bee Overdrive Plus","https://reverb.com/item/66928122-bearfoot-honey-bee-overdrive-plus-sn-18-03-15","Exact sold Reverb listing for BearFoot Honey Bee Overdrive Plus with multiple actual pedal photos"
"Acid Fuzz","Acid Fuzzer MkI","https://reverb.com/item/93726349-acid-fuzz-acid-fuzzer-mk-i-2000-s-gold","Exact sold Reverb listing for Acid Fuzz Acid Fuzzer MK I with actual pedal photos"
"BearFoot FX","Bone Bender MKI Fuzz","https://reverb.com/item/15647992-bearfoot-fx-bone-bender-mk1-fuzz-pedal","Exact sold Reverb listing for BearFoot FX Bone Bender MK1 Fuzz with actual pedal photos"
"Blackhawk Amplifiers","Basilisk Fuzz","https://reverb.com/item/58788639-blackhawk-amplifiers-basilisk-fuzz-2019-black","Alternate exact sold Reverb listing with actual Blackhawk Basilisk Fuzz pedal photography"
"BBE","G Screamer","https://www.chicagomusicexchange.com/products/bbe-green-screamer-overdrive-pedal-1588801","Exact product page with actual BBE Green Screamer pedal photography"
"Auxiliary Workshop","The Devils Handshake","https://www.guitarpedalx.com/news/gpx-blog/best-of-australian-and-new-zealander-guitar-pedals-and-pedal-builders","Exact article identifying Auxiliary Workshop The Devils Handshake with product imagery"
"Baltimore Sonic Research Institute","TFZ Fuzz","https://www.guitarpedalx.com/news/gpx-blog/bsri-audio-pitches-its-tfz-fuzz-as-the-ultimate-everyday-fuzz","Exact article identifying BSRI TFZ with product imagery"
"Bispell Audio","Saxon","https://www.guitarpedalx.com/news/the-new-v15-edition-of-bispell-audios-superior-saxon-jtm45--super-lead-plexi-miab-enhances-its-gain-range-and-refines-the-tone-stack","Exact Guitar Pedal X Saxon article with actual Bispell Saxon pedal imagery"
"Bispell Audio","Saxon","https://www.guitarpedalx.com/news/news/the-new-v15-edition-of-bispell-audios-superior-saxon-jtm45--super-lead-plexi-miab-enhances-its-gain-range-and-refines-the-tone-stack","Alternate exact Guitar Pedal X Saxon article containing pedal photography"
"Bogner Amplification","Oxford","https://www.sweetwater.com/store/detail/Oxford--bogner-oxford-fuzz-pedal","Exact Sweetwater Bogner Oxford product record with actual pedal photography"
"BFFX Boutique Pedals","Guitarlab1","https://pedaiseefeitos.com/lancamentos/made-in-brasil/guitarlab1/","Alternate exact Guitarlab1 product article with pedal image"
"Big Ear","LOAF","https://www.bigearpedals.com/product-page/loaf","Exact Big Ear official LOAF product page with actual pedal photography"
"Big Ear NYC","Black Betty","https://www.bigearpedals.com/product-page/betty-white-fuzz-blem","Exact Big Ear official product page documenting Black Betty with actual pedal photography"
"BBE","Green Screamer","https://sweetlousguitars.com/products/bbe-green-screamer-2011-green","Exact used 2011 BBE Green Screamer listing with actual item photography"
"Build Your Own Clone","855 Drive","https://reverb.com/item/42880976-b-y-o-c-855-drive-pre-built-pedal","Exact Reverb 855 Drive pre-built listing with actual pedal photography"
"Blackhawk Amplifiers","Mithrandir Octave Fuzz","https://www.blackhawkamplifiers.com/product/mithrandir-octave-fuzz","Exact Blackhawk manufacturer product page for Mithrandir Octave Fuzz with model imagery"
"Cameltone Electronics","Big Stuff","https://reverb.com/item/31816216-cameltone-electronics-big-stuff-fuzz-distortion-pedal","Exact sold Reverb listing with multiple actual Big Stuff pedal photos"
"BSM","Overdrive Supreme","https://www.treblebooster.net/products/overdrive-booster/supreme-special-overdrive.html","Exact BSM manufacturer product page for Supreme overdrive with product imagery"
"BlackOutEffectors","FUBÄR","https://blackouteffectors.com/effects/","Exact BlackOutEffectors effects archive page identifying Fubär Fuzz with product imagery"
"Brière Pedals","Distodrive","https://forum.effectsdatabase.com/viewtopic.php?f=6&t=551","Exact builder forum record identifying Brière Distodrive and its controls"
"Big Ear NYC","Frank","https://reverb.com/p/big-ear-pedals-frank","Exact Reverb Frank product record with model-specific gallery image"
"Cajita Stompboxes","Bdi.ts with Overdrive","https://pedalescajita.mitiendanube.com/","Exact builder storefront showing Bdi.ts with Overdrive"
"Caline","CP-82 The Broadsword Bass Fuzz + Boost","https://www.ebay.co.uk/itm/137245528109","Exact current eBay product listing with six actual CP-82 pedal photos"
"Blackstar Amplification","HT-DRIVE","https://blackstarampsmedia.com/uk/products/ht-drive","Exact Blackstar manufacturer product page with HT Drive product imagery"
"Blackstar Amplification","LT-DRIVE","https://blackstarampsmedia.com/uk/products/lt-drive","Exact Blackstar manufacturer product page with LT Drive product imagery"
"Cat's Eye ESP","Mista' Fuzz","https://www.ebay.com/itm/389579503174","Exact sold eBay listing with 17 actual Mista Fuzz pedal photos"
"Cat's Eye ESP","Hop Hed Fuzztone","https://reverb.com/uk/item/6975190-cat-s-eye-hop-hed-fuzztone-owned-by-j-mascis","Exact sold Reverb listing for Cat's Eye ESP Hop Hed Fuzztone"
"Black Cat Pedals","OD-Fuzz","https://www.chicagomusicexchange.com/products/black-cat-od-fuzz-9574","Exact Chicago Music Exchange product page with OD-Fuzz imagery"
"Black Cat Pedals","N-Fuzz","https://www.chicagomusicexchange.com/products/black-cat-n-fuzz-300","Exact Chicago Music Exchange product page with N-Fuzz imagery"
"Anarchy Audio Australia","Baa Bzz","https://reverb.com/item/2568948-anarchy-audio-baa-bzz-fuzz-pedal-roland-bee-baa-inspired-fuzz","Exact sold Reverb listing for Baa Bzz Fuzz Pedal"
"Black Cat Pedals","D&S","https://www.pitbullaudio.com/black-cat-pedals-d-s-ds-sustainer-guitar-effects-pedal-ibanez-maxon-od-801-replica.html","Exact Pitbull Audio product page for Black Cat D&S with product photography"
"Baddy One Shoe Pedals","Infinity Drive","https://www.talkbass.com/threads/what-is-your-pedalboard-settup.795954/","Exact model-specific TalkBass post identifying Baddy One Shoe Infinity Drive #01"
"Baddy One Shoe Pedals","Infinity Drive","https://www.talkbass.com/threads/whats-coming-and-going-ix-pedals-come-in-pedals-go-out-never-a-miscommunication.795982/","Verified exact-model TalkBass post containing a photographed Baddy One Shoe Infinity Drive #01 pedal"
"Build Your Own Clone","E.S.V. Fuzz","https://en.audiofanzine.com/fuzz-pedal/build-your-own-clone/e-s-v-fuzz/","Verified exact-model Audiofanzine product page for BYOC E.S.V. Fuzz with product imagery"
"Cameltone Electronics","Big Stuff","https://reverb.com/item/63931205-cameltone-big-stuff","Exact sold Reverb listing with actual Big Stuff pedal photography"
"Cameltone Electronics","Big Stuff","https://reverb.com/item/86878862-cameltone-electronics-big-stuff-2015-purple-sparkle","Exact Reverb listing with multiple actual Big Stuff pedal photographs"
"Big Monk Electronic Device Co.","Monk Boost","https://reverb.com/au/item/84529535-big-monk-electronic-device-co-the-monk-boost-pre-order","Exact Reverb listing with multiple actual Monk Boost photographs"
"C14 Devices","Tone Chaser","https://reverb.com/ca/item/62257684-carbono-14-tone-chaser-cc-world-s-first-full-carbon-fiber-pedal","Exact Reverb Canada listing with actual Tone Chaser pedal photography"
"Blackhawk Amplifiers","Basilisk Fuzz","https://reverb.com/item/91327542-blackhawk-amplifiers-basilisk-fuzz","Exact sold Reverb listing with actual Basilisk Fuzz pedal photography"
"Cameltone Electronics","Big Stuff","https://reverb.com/item/1657158-cameltone-electronics-big-stuff-fuzz-effects-pedal","Exact Reverb listing for 2015 Purple Sparkle Big Stuff with actual pedal photography"
"Caswell Modern Electronics (CME)","Shark Mouth - Bass Synth Fuzz","https://caswellmodernelectronics.bigcartel.com/product/shark-mouth-bass-synth-fuzz","Exact maker product page with model-specific Shark Mouth pedal photography"
"Build Your Own Clone","855 Drive","https://reverb.com/item/82964100-byoc-855-drive-ibanez-855-clone","Exact Reverb listing with single-product 855 Drive pedal photography"
"BlackOutEffectors","FUBÄR","https://motorcityguitar.com/products/blackout-effectors-fubar-tonebender-fuzz-oscillator-expression-pedal","Exact retailer product page with single-product FUBAR pedal photography"
"Amptweaker","Tight Drive Jr","https://reverb.com/en-nl/item/91900417-amptweaker-tight-drive-jr-2010s-green","Exact Reverb product listing with actual Tight Drive Jr pedal photography"
"Cajita Stompboxes","Bdi.ts with Overdrive","https://pedalescajita.mitiendanube.com/productos/preamplificador-de-bajo-bdi-ts-con-overdrive/","Exact current Cajita Stompboxes manufacturer storefront product page for BDI.TS with Overdrive"
"BFFX Boutique Pedals","Kairen","https://equipboard.com/brands/bffx","Exact BFFX brand record identifying Kairen as a BFFX overdrive"
"CBC Pedals","FY-2 Companion","https://reverb.com/uk/item/3181066-cbc-pedals-the-companion-fuzz-pedal-shin-ei-fy-2-with-boost-and-scoop-mods-in-an-industrial-alumin","Exact CBC Pedals The Companion / FY-2 Companion listing with actual pedal photography"
"CBC Pedals","FY-2 Companion","https://www.musiciansfriend.com/amplifiers-effects/used-cbc-pedals-used-cbc-pedals-the-companion-effect-pedal/122326710","Exact used Musician's Friend product record for CBC Pedals The Companion with product imagery"
"CBC Pedals","FY-2 Companion","https://musicgoround.com/guitars/guitar-effects/?page=11","Exact Music Go Round used listing for CBC Pedals The Companion with product imagery"
"Daredevil Pedals","Daredevil Cry Baby Fuzz Wah","https://www.daredevilpedals.com/shop-1/p/dcbfuzzwah23","Exact manufacturer product page for Daredevil Cry Baby Fuzz Wah"
"Daredevil Pedals","The Chicago Way","https://www.chicagomusicexchange.com/products/daredevil-pedals-the-chicago-way-fuzzoverdrive-pedal-1982483","Exact retailer product page with model-specific Chicago Way pedal photography"
"Death By Audio","Reverberation Machine","https://www.chicagomusicexchange.com/products/death-by-audio-reverberation-machine-10743","Exact retailer product page with model-specific Reverberation Machine pedal photography"
"EarthQuaker Devices","Sunn O))) Life Pedal","https://www.earthquakerdevices.com/life-pedal","Exact manufacturer product page for Sunn O))) Life Pedal"
"Mojo Hand FX","Rounder","https://www.chicagomusicexchange.com/products/mojo-hand-fx-rounder-fuzz-15326","Exact retailer product page with model-specific Rounder pedal photography"
"Mojo Hand FX","Superlative","https://reverb.com/item/91814609-mojo-hand-fx-superlative","Exact Reverb listing with model-specific Superlative pedal photography"
"Mojo Hand FX","Zephyr","https://reverb.com/p/mojo-hand-fx-zephyr","Exact Reverb product page with model-specific Zephyr pedal photography"
"Anarchy Audio Australia","Baa Bzz","https://anarchyaudioaustralia.com/effects/baabzz/","Exact current Anarchy Audio Australia product page for Baa Bzz"
"Build Your Own Clone","Li'l Fuzz","https://buildyourownclone.com/collections/fuzz/products/lil-fuzz-kit","Exact BYOC manufacturer product page for Li'l Fuzz"
"Blakemore Effects","Deus Ex Machina","https://www.guitarpedalx.com/news/campaign-to-revive-the-cult-classic-blakemore-effects-deus-ex-machina-opamp-fuzz","Exact Deus Ex Machina historical article with model-specific product imagery"
"Build Your Own Clone","Li'l Fuzz","https://modulargrid.net/p/byoc-li-l-fuzz","Exact dedicated BYOC Li'l Fuzz model page"
"C14 Devices","Tone Chaser","https://www.effectsdatabase.com/updates/weekly/20230130","Exact Effects Database weekly record containing C14 Devices Tone Chaser"
"C14 Devices","Tone Chaser","https://reverb.com/item/63407324-carbono-14-tone-chaser-world-s-first-full-carbon-fiber-pedal","Exact Carbono 14 Tone Chaser Reverb listing with model-specific gallery"
"C14 Devices","Tone Chaser","https://reverb.com/item/61644266-carbono14-tone-chaser-world-s-first-full-carbon-fiber-pedal","Second exact Carbono 14 Tone Chaser Reverb listing with model-specific gallery"
"CAT Sound","DriveCenter Bass","https://www.catsound.cn/?p=6","Exact CAT Sound manufacturer page linked from the Effects Database DriveCenter Bass record"
"Black Cat Pedals","D-II Distortion","https://www.youtube.com/embed/BzD9RpnKiu4?rel=0&wmode=transparent","Exact Black Cat D-II model demonstration linked from the Effects Database record"
"Build Your Own Clone","Fuzz Clone","https://www.youtube.com/embed/UFI0XslDNWU?rel=0&wmode=transparent","Exact BYOC Fuzz Clone demonstration linked from the Effects Database record"
"C14 Devices","Tone Chaser","https://www.youtube.com/embed/yh-6wXsz0XE","Exact-model Tone Chaser YouTube video embedded from the verified C14 Reverb listing"
"C14 Devices","Tone Chaser","https://reverb.com/item/60907915-carbono-14-tone-chaser-world-s-first-carbon-fiber-pedal","Exact Reverb Tone Chaser listing with rendered product gallery"
"Collateral FX","P008 Golden Ratio Fuzz","https://reverb.com/item/82425264-collateral-fx-golden-ratio","Exact Reverb listing from Collateral FX with model-specific Golden Ratio pedal photography"
"Collateral FX","P010 Year of Rat 1985","https://collateralfx.com/br/pedais/p010-the-year-of-the-rat-distortion/","Exact Collateral FX manufacturer page with model-specific The Year of the Rat product photography"
"Collateral FX","P014 Red Giant","https://collateralfx.com/br/pedais/p014-red-giant-distortion/","Exact Collateral FX manufacturer page with model-specific Red Giant product photography"
"Collateral FX","P015 White Russian Distortion/Fuzz","https://collateralfx.com/br/pedais/p015-white-russian/","Exact Collateral FX manufacturer page identifying P015 White Russian with model-specific product photography"
"Collateral FX","P016 Foxey Face Fuzz","https://collateralfx.com/en/pedals/p016-foxey-face/","Exact Collateral FX manufacturer index entry for P016 Foxey Face with model-specific product photography"
"Collateral FX","P017 Unchained Overdrive/Distortion","https://collateralfx.com/br/pedais/p017-unchained-overdrive/","Exact Collateral FX manufacturer page for P017 Unchained with model-specific product photography"
"Collateral FX","P019 Slow Distortion/Fuzz","https://collateralfx.com/br/pedais/p019-slow-fuzz/","Exact Collateral FX manufacturer category/product source for P019 Slow with model-specific product photography"
"Collateral FX","P021 Parsec Overdrive","https://collateralfx.com/br/pedais/p021-parsec/","Exact Collateral FX manufacturer page for P021 Parsec with model-specific product photography"
"Collateral FX","P022 Drive for the Dead Overdrive","https://collateralfx.com/br/pedais/p022-drive-for-the-dead-overdrive/","Exact Collateral FX manufacturer page for P022 Drive for the Dead with model-specific product photography"
"Collateral FX","P023 The Bendz Fuzz","https://collateralfx.com/br/pedais/p023-the-bendz/","Exact Collateral FX manufacturer page for P023 The Bendz with model-specific product photography"
"Collateral FX","P024 Sirius Dual Overdrive","https://collateralfx.com/br/pedais/p024-sirius-dual-overdrive/","Exact Collateral FX manufacturer page for P024 Sirius Dual Overdrive with model-specific product photography"
"Collateral FX","P026 Banana Fuzz","https://collateralfx.com/en/pedals/p026-banana-fuzz/","Exact Collateral FX manufacturer page for P026 Banana Fuzz with model-specific product photography"
"Collateral FX","P027 Element 118 Fuzz","https://collateralfx.com/br/pedais/p027-element-118-fuzz/","Exact Collateral FX manufacturer page for P027 Element 118 with model-specific product photography"
"Collateral FX","P028 Palindrome Dual Overdrive","https://collateralfx.com/br/pedais/p028-palindrome-dual-overdrive/","Exact Collateral FX manufacturer page for P028 Palindrome Dual Overdrive with model-specific product photography"
"Collateral FX","P029 Ring System Overdrive/Distortion","https://collateralfx.com/br/pedais/p029-ring-system-overdrive/","Exact Collateral FX manufacturer page for P029 Ring System Overdrive with model-specific product photography"
"Collateral FX","P031 Zeugma Fuzz","https://reverb.com/item/96172740-collateral-fx-zeugma-zonk-fuzz-2026-hammered-blue-aqua","Exact current Collateral FX Zeugma/Zonk Fuzz listing with model-specific gallery photography"
"Collateral FX","P032 Touchstone Overdrive","https://collateralfx.com/br/pedais/p032-touchstone-overdrive/","Exact Collateral FX manufacturer page for P032 Touchstone with model-specific product photography"
"Collins","CDT-1 Distortion","https://www.effectsdatabase.com/taxonomy/term/8/0?page=46","Exact Effects Database catalog index entry naming Collins CDT-1 Distortion; use only when the model-specific image candidate is identity-verified"
"Collins","COD-1 Pro Over Drive","https://www.effectsdatabase.com/model/collins/1pro","Exact Effects Database Collins XXX-1 Pro Series page explicitly listing COD-1 Pro Over Drive; candidate images must pass exact-model identity verification"
"Collins","CSD-1 Pro Super Dust","https://www.effectsdatabase.com/model/collins/1pro/csd1","Exact Effects Database Collins CSD-1 Pro Super Dust model page; accept only identity-verified model imagery"
"Collision Devices","Black Hole Symmetry","https://reverb.com/p/collision-devices-black-hole-symmetry","Exact Reverb Collision Devices Black Hole Symmetry model page with model-specific gallery; verify finish/variant before caching"
"Collision Devices","FZ - Gated Fuzz / Distortion","https://collisiondevices.com/fz-infos","Exact Collision Devices FZ manufacturer page with model-specific product photography"
"Collision Devices","Singularity","https://collisiondevices.com/singularity","Exact Collision Devices manufacturer page with model-specific Singularity photography"
"Collision Devices","Snack Fuzz","https://collisiondevices.com/shop/p/snack-fuzz","Exact Collision Devices Snack Fuzz manufacturer shop page with multiple model-specific product photos"
"Collision Devices","TARS","https://collisiondevices.com/tars","Exact Collision Devices TARS manufacturer page with model-specific product photography"
"Colombo Audio Electronics","22 Overdrive/Distortion","https://colomboaudioelectronics.it/prodotto/22_overdrive_distortion/?lang=en","Exact Colombo Audio Electronics manufacturer page with model-specific 22 Overdrive/Distortion photography"
"Colombo Audio Electronics","57 Turbo Drive","https://colomboaudioelectronics.it/prodotto/57turbodrive/?lang=en","Exact Colombo Audio Electronics manufacturer page with model-specific 57 Turbo Drive photography"
"Colombo Audio Electronics","Blackface Idol","https://colomboaudioelectronics.it/prodotto/blackface-idol/?lang=en","Exact Colombo Audio Electronics manufacturer page with model-specific Blackface Idol photography"
"Colombo Audio Electronics","Bricks","https://reverb.com/en-fr/item/43590293-colombo-audio-electronics-bricks-david-gilmour-style-distortion-boost-fuzz-eq","Exact Colombo Audio Electronics Bricks model listing with model-specific product gallery"
"Colombo Audio Electronics","Eruption","https://colomboaudioelectronics.it/prodotto/eruption-van-halen/?lang=en","Exact Colombo Audio Electronics Eruption manufacturer page with model-specific product photography"
"Colombo Audio Electronics","Father of Loud","https://colomboaudioelectronics.it/prodotto/fatherofloud/?lang=en","Exact Colombo Audio Electronics Father of Loud manufacturer page with model-specific product photography"
"Colombo Audio Electronics","Ignition","https://colomboaudioelectronics.it/prodotto/ignition-boutique-drive/?lang=en","Exact Colombo Audio Electronics manufacturer page with model-specific Ignition photography"
"Colombo Audio Electronics","Kensington","https://colomboaudioelectronics.it/prodotto/kensington/","Exact Colombo Audio Electronics manufacturer page with model-specific Kensington photography"
"Colombo Audio Electronics","Kensington Star","https://colomboaudioelectronics.it/prodotto/kensington-star/?lang=en","Exact Colombo Audio Electronics manufacturer page with model-specific Kensington Star photography"
"Colombo Audio Electronics","Lead Trilogy","https://colomboaudioelectronics.it/pedals/?lang=en","Colombo Audio Electronics catalog page with exact Lead Trilogy model listing and model-specific media"
"Colombo Audio Electronics","Mr. Deaky","https://colomboaudioelectronics.it/prodotto/mr-deaky/?lang=en","Exact Colombo Audio Electronics manufacturer page with model-specific Mr. Deaky photography"
"Colombo Audio Electronics","Muff Blaster","https://colomboaudioelectronics.it/prodotto/muffblaster/?lang=en","Exact Colombo Audio Electronics manufacturer page with model-specific Muff Blaster photography"
"Colombo Audio Electronics","Naoto","https://colomboaudioelectronics.it/prodotto/naoto-80s-distortion/?lang=en","Exact Colombo Audio Electronics manufacturer page with model-specific Naoto photography"
"Colombo Audio Electronics","November Child","https://colomboaudioelectronics.it/prodotto/november-child-slash/?lang=en","Exact Colombo Audio Electronics manufacturer page with model-specific November Child photography"
"Colombo Audio Electronics","Over Drive","https://colomboaudioelectronics.it/prodotto/over-drive-1977/?lang=en","Exact Colombo Audio Electronics manufacturer page with model-specific Over Drive photography"
"Colombo Audio Electronics","Plexi Breed","https://colomboaudioelectronics.it/prodotto/plexi-breed/?lang=en","Exact Colombo Audio Electronics manufacturer page with model-specific Plexi Breed photography"
"Colombo Audio Electronics","Pulse Driver","https://reverb.com/item/56224798-colombo-audio-electronics-pulse-driver","Exact-model Reverb listing with Pulse Driver product photography"
"Colombo Audio Electronics","Rocker 83","https://colomboaudioelectronics.it/blog/2023/03/23/rocker-83-nostalgic/?lang=en","Exact-model Colombo Audio Electronics page with Rocker 83 photography"
"Colombo Audio Electronics","Southern Stalker","https://www.begnismusic.com/pedali-singoli/colombo-audio-electronics-southern-stalker-srv-boost-treble-booster-4444.html","Exact-model retailer page with Southern Stalker product photography"
"Colombo Audio Electronics","The One","https://colomboaudioelectronics.it/prodotto/theone/?lang=en","Exact Colombo Audio Electronics manufacturer page with model-specific The One photography"
"Colombo Audio Electronics","Utopia Overdrive","https://www.youtube.com/watch?v=TfjmU087_Dw","Exact-model Utopia demonstration with model-specific pedal photography"
"Colombo Audio Electronics","Via Lattea","https://colomboaudioelectronics.it/prodotto/via-lattea/?lang=en","Exact Colombo Audio Electronics manufacturer page with model-specific Via Lattea photography"
"Color Audio","Cassette Preamp","https://coloraudio.fi/products/cassette-preamp","Exact Color Audio manufacturer product page with model-specific Cassette Preamp photography"
"Colorsound / Sola Sound","B&M Champion Fuzz Unit","https://thetonebender.blogspot.com/2012/04/b-champion-fuzz-unit.html","Historical exact-model B&M Champion Fuzz Unit documentation with product photography"
"Colorsound / Sola Sound","B&M Champion Wah Fuzz","https://www.effectsdatabase.com/model/champion/champion/wahfuzz","Exact Effects Database B&M Champion Wah Fuzz record"
"Colorsound / Sola Sound","B&M Fuzz Unit","https://reverb.com/uk/item/91450474-vintage-70-s-barnes-and-mullins-b-m-fuzz-unit-by-colorsound-clean","Exact-label B&M Fuzz Unit marketplace listing with product photography"
"Colorsound / Sola Sound","Colorsound Supa Wah-Fuzz-Swell","https://www.tonehome.de/colorsound-sola-sound/supa-wah-fuzz-swell/","Exact-model historical Supa Wah-Fuzz-Swell record and photography"
"Colorsound / Sola Sound","Eurotec Black Box Fuzz Module","https://www.kitrae.net/music/Fuzz_Big_Muff_Timeline.html","Historical exact-family source documenting Eurotec Black Box Fuzz Module as a private-label Jumbo Tone Bender variant"
"Colorsound / Sola Sound","G.B. Fuzz","https://www.kitrae.net/music/Fuzz_Big_Muff_Timeline.html","Historical exact-family source documenting G.B. Fuzz as a private-label Jumbo Tone Bender variant"
"Colorsound / Sola Sound","G.B. Fuzz Unit","https://www.effectsdatabase.com/model/manhattan/fuzzunit","Historical exact-family reference documenting G.B. Fuzz Unit within the Sola Sound/Colorsound OEM family"
"Colorsound / Sola Sound","Overdriver","https://www.tonehome.de/colorsound-sola-sound/overdriver/","Exact-model historical Overdriver record and product photography"
"Colorsound / Sola Sound","Pro Traffic Fuzz Unit","https://www.kitrae.net/music/Fuzz_Big_Muff_Timeline.html","Historical exact-family source documenting Pro Traffic Fuzz Unit as a Jumbo Tone Bender private-label variant"
"Colorsound / Sola Sound","Sola Sound Bum Fuzz Unit","https://sites.google.com/site/davidmorrinoldsite/home/trouble/troubleeffects/sola-sound-tone-bender","Historical Sola Sound Tone Bender family source for identity verification"
"Colorsound / Sola Sound","Sola Sound Tone Bender","https://sites.google.com/site/davidmorrinoldsite/home/trouble/troubleeffects/sola-sound-tone-bender","Historical exact-family Tone Bender source with generation context"
"Colorsound / Sola Sound","Tone Bender","https://www.guitarplayer.com/gear/the-sola-sound-tone-bender-and-the-early-evolution-of-the-fuzz-pedal","Historical Tone Bender family source for identity verification"
"Colorsound / Sola Sound","Tone Bender MKII","https://fuzzboxes.org/voxtonebendermkii","Exact-model Tone Bender Professional MKII reference and photography"
"Colorsound / Sola Sound","Tone Bender MKIII","https://www.effectsdatabase.com/model/solasound/tonebender/mk3","Exact-model Tone Bender MKIII record with model-specific imagery"
"Colortone Pedals","Parasite Overdrive","https://www.colortonepedals.com/shop-colortone-pedal-effects/p/parasite","Exact Colortone manufacturer product page with model-specific Parasite Overdrive photography"
"ColorTone Fx / Pedal Tank","Gainer","https://www.effectsdatabase.com/taxonomy/term/8/0?page=46","Effects Database catalog entry naming the exact ColorTone Fx Gainer model; accept only identity-verified imagery"
"ColorTone Fx / Pedal Tank","OD-909 Overdrive Pro","https://www.effectsdatabase.com/taxonomy/term/8/0?page=46","Effects Database catalog entry naming the exact ColorTone Fx OD-909 Overdrive Pro model; accept only identity-verified imagery"
"Columbus","DST-5 Distortion","https://www.effectsdatabase.com/model/axtron/dst5","Shared exact-model DST-5 family record containing the Columbus variant; accept only Columbus-identity-verified imagery"
"Columbus","MTL-5 Ultra Metal","https://www.effectsdatabase.com/model/cutec/5/mtl5","Shared exact-model MTL-5 family record containing the Columbus variant; accept only Columbus-identity-verified imagery"
"Columbus","OVD-5 Overdrive","https://www.effectsdatabase.com/model/columbus/ovd5","Exact Effects Database Columbus OVD-5 model record"
"Columbus","TDR-5 Tube Driver","https://www.effectsdatabase.com/model/columbus/tdr5","Exact Effects Database Columbus TDR-5 model record"
"Commune","Senturion Crazy Booster","https://www.asagi-bass.com/entry/crazybooster","Exact-model review with actual Senturion Crazy Booster photography"
"Commune","Senturion Modern Factor","https://reverb.com/en-fi/item/64258893-commune-senturion-modern-factor-12-21","Exact-model Reverb listing with actual Senturion Modern Factor photography"
"Commune","Senturion Preamp 500","https://www.mobydick.asia/cf.html","Historical Moby Dick catalog listing the exact Commune Preamp 500 model"
"Commune/ECA (Empire Custom Amplification)","Screem","https://reverb.com/item/10534214-commune-empire-custom-amplification-screem","Exact-model TC Gakki listing with actual SCREEM pedal photographs"
"Commune/ECA (Empire Custom Amplification)","Screem Mk-II","https://www.effectsdatabase.com/model/communeeca/screem/mk2","Exact Effects Database model reference for Screem Mk-II; accept only identity-verified imagery"
"Comodoro Pedales","Percolator Fuzz","https://reverb.com/item/79839933-comodoro-percolator-fuzz-2024","Exact-model 2024 Reverb listing with multiple actual pedal photographs"
"Comodoro Pedales","Rat Bass","https://www.effectsdatabase.com/model/comodoro/ratbass","Exact Effects Database model record for Comodoro Rat Bass"
"Comet Effects","Hyperdrive","https://www.musicradar.com/reviews/guitars/comet-effects-hyperdrive-139079","Exact-model MusicRadar review with Hyperdrive product photography"
"Companion","FY-2 Fuzz Box","https://www.effectsdatabase.com/model/companion/fy2","Exact Effects Database Companion FY-2 model record"
"Companion","FY-6 Super Fuzz","https://www.effectsdatabase.com/model/shinei/companion/fy6","Exact Effects Database Companion FY-6 model record"
"Compulsive Audio","Dimed Boogie","https://www.effectsdatabase.com/blog/discofreq?page=104","Effects Database catalog source naming the exact discontinued Compulsive Audio Dimed Boogie Distortion; accept only identity-verified imagery"
"Compulsive Audio","Hair Band Distortion","https://www.effectsdatabase.com/blog/discofreq?page=104","Effects Database exact catalog entry naming Compulsive Audio Hair Band Distortion"
"Compulsive Audio","Jimi - Octave Fuzz","https://www.effectsdatabase.com/type/octave/fuzz/1up","Effects Database octave-fuzz catalog entry naming exact Compulsive Audio Jimi - Octave Fuzz"
"Compulsive Audio","Texas Holdem ZZ","https://www.effectsdatabase.com/blog/discofreq?page=104","Effects Database catalog source and builder interview identifying exact Texas Holdem ZZ model"
"Compulsive Audio","Thor's Hammer","https://www.effectsdatabase.com/blog/discofreq?page=104","Effects Database catalog source and builder interview identifying exact Thor's Hammer model"
"Compulsive Audio","Tone Oracle","https://www.effectsdatabase.com/model/compulsive/toneoracle","Exact Effects Database Tone Oracle model record"
"Compulsive Audio","Valve Howler Jr.","https://www.effectsdatabase.com/model/compulsive/valvehowler/jr","Exact Effects Database Valve Howler Jr. model record"
"Concrete Sound Lab","SLAB","https://www.concretesoundlab.com/shop/p/product-1-ydar7-e8mlb-r2y28-3h5pd","Exact Concrete Sound Lab manufacturer page with model-specific SLAB photography"
"Conrad","Conrad Buzz Box & Volume Expander","https://www.effectsdatabase.com/model/conrad/buzzbox","Exact Effects Database Conrad Buzz Box & Volume Expander model record"
"Conrad","Conrad Sky Hawk - Fuzz and Treble Booster","https://www.effectsdatabase.com/model/conrad/skyhawk","Exact Effects Database Conrad Sky Hawk model record with period catalog imagery"
"Conrad","Conrad Fuzzy Fury","https://www.effectsdatabase.com/model/conrad/fuzzyfury","Exact-model source lead from Effects Database; recover only an image that visibly matches the Conrad Fuzzy Fury."
"Coolmusic","C-DI01 Insane Distortion","https://www.coolmusic-tech.com/lists/20.html","Manufacturer product index visibly lists the exact C-DI01 model; recover only a matching pedal image."
"Coolmusic","C-DI02 Classic Distortion","https://www.coolmusic-tech.com/lists/20.html","Manufacturer product index visibly lists the exact C-DI02 model; recover only a matching pedal image."
"Coolmusic","C-FC1 Fuzzster","https://www.coolmusic-tech.com/lists/20.html","Exact C-FC01 FUZZSTER manufacturer manual/product documentation with model-specific controls and product diagram"
"Coolmusic","C-OV01 Crunchy Overdrive","https://www.effectsdatabase.com/model/coolmusic/cov01","Exact-model Effects Database page."
"Coolmusic","HG-7 High Gain","https://www.effectsdatabase.com/model/coolmusic/hg7","Exact-model Effects Database page."
"Coolmusic","MT-6 Distortion","https://www.effectsdatabase.com/model/coolmusic/mt6","Exact-model Effects Database page."
"Coolmusic","Multiple Distortion","https://www.effectsdatabase.com/model/coolmusic/multipledistortion","Exact-model Effects Database page."
"Cool Bear Effects","Grizzly Bear","https://www.effectsdatabase.com/model/coolbear/grizzly","Exact-model Effects Database page; recover only a visibly matching Grizzly Bear pedal image."
"Coolpedals","Dirty Devil","https://reverb.com/item/95988655-boutique-coolpedals-dirty-devil-2009-distor-tube-screamer-boost","Exact-model surviving market listing with multiple product images; verify visible identity before caching."
"Coolpedals","Steam Machine","https://www.effectsdatabase.com/model/coolpedals/steammachine","Exact-model Effects Database page; use only a matching Steam Machine image."
"Coolpedals","Strutter","https://reverb.com/item/6993307-coolpedals-strutter","Exact-model surviving market listing with multiple product images; verify visible identity before caching."
"Coolsound","A117 Rough OVD","https://www.effectsdatabase.com/model/coolsound/a117","Exact-model Effects Database page; multiple model-specific demo/image references are present."
"Coolsound","A127 Dirty Bass","https://www.effectsdatabase.com/model/coolsound/a127","Exact-model Effects Database page; model-specific demo and finding channels are present."
"Coopersonic","Dual-Valve Distortion (Regular)","https://coopersonic.com/product/dual-valve-distortion-regular/","Manufacturer exact-model page."
"Coopersonic","Dual-Valve Distortion (Deluxe)","https://coopersonic.com/product/dual-valve-distortion-deluxe/","Manufacturer exact-model page."
"Coopersonic","Deluxe Valve Overdrive","https://coopersonic.com/user-manuals/","Manufacturer support page identifying the legacy Deluxe Valve Overdrive manual."
"Coopersonic","Valveslapper","https://reverb.com/item/81348576-coopersonic-valveslapper-dual-valve-distortion","Surviving exact-model market listing; verify visible identity."
"Coopersonic","Dirtbox","https://www.effectsdatabase.com/model/coopersonic/dirtbox","Exact-model Effects Database page with multiple model-specific pictures."
"Coopersonic","Pig Fuzz","https://coopersonic.com/product/spam-fuzz/","Manufacturer exact-model page with footswitch and desktop images."
"Copilot FX","Mantis","https://copilotfx.com/mantis.pdf","Manufacturer exact-model manual/source; recover only a visibly matching original Mantis image, not Mantis II."
"Coopersonic","Deluxe Dual Valve Overdrive","https://www.effectsdatabase.com/model/coopersonic","Exact catalog identity on the Coopersonic Effects Database page; verify model labeling before caching."
"Coopersonic","Mini Tube Overdrive","https://www.effectsdatabase.com/model/coopersonic","Exact catalog identity on the Coopersonic Effects Database page; verify model labeling before caching."
"Coopersonic","The Germaniac - Vintage Fuzz","https://www.effectsdatabase.com/model/coopersonic/germaniac","Exact-model Effects Database page with model-specific media."
"Coopersonic","Twin Tube Overdrive","https://www.effectsdatabase.com/model/coopersonic","Exact catalog identity on the Coopersonic Effects Database page; verify model labeling before caching."
"Copilot FX","Orbit","https://copilotfx.com/orbit.html","Manufacturer exact-model page; distinguish original Orbit from later variants."
"Copilot FX","Terra","https://www.copilotfx.com/terra.html","Manufacturer exact-model page; recover only a matching Terra enclosure."
"Copilot FX","Trek","https://www.copilotfx.com/trek.html","Manufacturer exact-model page; do not substitute later custom Trek variants."
"Copper Gear","Black Howler","https://www.effectsdatabase.com/model/coppergear/blackhowler","Exact-model Effects Database page; recover only a matching black-on-black Black Howler."
"Copper Gear","Brontide Device","https://www.effectsdatabase.com/model/coppergear/brontide/device","Exact-model Effects Database page with model-specific media."
"Copper Gear","Distorta Azura","https://www.effectsdatabase.com/model/coppergear/distorta/azura","Exact-model Effects Database page with model-specific media."
"Copper Gear","Distorta Destructo","https://www.effectsdatabase.com/model/coppergear/distorta/destructo","Exact model page; do not substitute Distorta Obscura."
"Copper Gear","Distorta Obscura","https://www.effectsdatabase.com/model/coppergear/distorta/obscura","Exact model page; configurable transistor/capacitor platform."
"CopperSound Pedals","Foxcatcher - Overdrive & Boost","https://www.effectsdatabase.com/model/coppersound/foxcatcher","Exact first-generation model page; do not substitute V2."
"CopperSound Pedals","Foxcatcher V1 Overdrive & Boost","https://coppersoundpedals.squarespace.com/shop/p/foxcatcher-v1-overdrive-boost","Exact V1 manufacturer page; do not substitute V2."
"CopperSound Pedals","Foxcatcher V2 Overdrive","https://www.coppersoundpedals.com/shop/p/foxcatcher-v2","Exact current V2 manufacturer page."
"CopperSound Pedals","Ion Warped Fuzz","https://www.coppersoundpedals.com/shop/p/ion-warped-fuzz","Exact manufacturer page; do not substitute other warped/PLL fuzzes."
"CopperSound Pedals","Kingpin Germanium Clipper","https://www.coppersoundpedals.com/shop/p/kingpin-germanium-clipper","Exact manufacturer page; Ukrainian Germanium diode clipper."
"CopperSound Pedals","Mustard Gas - Lo-Fi / Fuzz","https://www.effectsdatabase.com/model/coppersound/mustardgas","Exact Effects Database model page."
"CopperSound Pedals","Mystique Germanium Fuzz & Boost (Limited Edition)","https://www.coppersoundpedals.com/shop/p/mystique-germanium-fuzz-boost","Exact 10th-anniversary limited edition; do not substitute generic Mystique."
"CopperSound Pedals","Renegade Multi-Bias Fuzz","https://www.coppersoundpedals.com/shop/p/renegade-multi-bias-fuzz","Exact manufacturer page."
"CopperSound Pedals","Strategy Overdrive & Preamp","https://www.coppersoundpedals.com/shop/p/strategy-preamp-overdrive","Exact manufacturer product page; recover only the Strategy V2 enclosure and do not substitute unrelated Strategy custom-shop variants."
"Cordovox","DS-8 Mouse","https://www.effectsdatabase.com/model/cordovox/mouse","Exact-model Effects Database page; verify the DS-8 Mouse faceplate and stainless mirror enclosure."
"Cordovox","DS-9 Distortion","https://www.effectsdatabase.com/model/cordovox/ds9","Exact-model Effects Database page; verify the DS-9 two-knob faceplate."
"Cordovox","FZ-7 Fuzz","https://www.effectsdatabase.com/model/cordovox/fuzz","Exact-model Effects Database page; verify the three-mode FZ-7 enclosure."
"Cordovox","OD-7 Overdrive","https://www.effectsdatabase.com/model/cordovox/od7","Exact-model Effects Database page; verify the three-mode OD-7 faceplate."
"Cordovox","OD-8 X-Drive","https://www.effectsdatabase.com/model/cordovox/od8","Exact-model Effects Database page; verify the OD-8 X-Drive faceplate and mirror-finish enclosure."
"Cornerstone Music Gear","Antique V3","https://www.cornerstonemusicgear.com/product/antique3/","Exact official Antique V3 page; verify enclosure/version and do not substitute earlier Antique."
"Cornerstone Music Gear","Centurio","https://www.cornerstonemusicgear.com/","Exact official Cornerstone catalog; pair with the official Centurio video for model identity."
"Cornerstone Music Gear","Colosseum","https://www.cornerstonemusicgear.com/","Exact official Cornerstone catalog; distinguish standard Colosseum from Colosseum Black limited edition."
"Cornerstone Music Gear","Gladio - Double Preamp","https://www.youtube.com/watch?v=ktAw4oMB2mI","Historical exact-model demo; original Gladio Double Preamp only, do not substitute Gladio SC or Imperium."
"Cornerstone Music Gear","Gladio SC","https://www.cornerstonemusicgear.com/","Exact official Cornerstone catalog; distinguish Gladio SC from original Gladio Double Preamp."
"Cornerstone Music Gear","Imperium V2","https://www.perfectcircuit.com/cornerstone-music-gear-imperium-v2.html","Exact-model Imperium V2 listing; verify current V2 enclosure and four-jack routing."
"Cornerstone Music Gear","Sparkle - Dynamic Overdrive","https://www.effectsdatabase.com/model/cornerstone/sparkle","Exact Effects Database model page; verify early Sparkle Dynamic Overdrive, not later Cornerstone drives."
"Cornell Amplification","The 1st Fuzz","https://www.effectsdatabase.com/model/cornell/1stfuzz","Exact-model page; distinguish Cornell The 1st Fuzz from later/third-party references."
"Coron","Coron Distortion 10","https://www.effectsdatabase.com/model/coron/first/distortion10","Exact-model page; verify original Coron Distortion 10 enclosure and do not substitute OEM rebadges."
"Coron","Coron Distortion 15","https://www.effectsdatabase.com/model/coron/first/distortion15","Exact-model page; verify original Coron Distortion 15 enclosure and keep unit modifications separate from factory identity."
"Cornerstone Music Gear","Nero","https://www.cornerstonemusicgear.com/","Exact official Cornerstone catalog; verify the Nero dual-bias fuzz enclosure and do not substitute Gladio or Imperium."
"CBS-Arbiter","CBS-Arbiter Fuzz Phazer","https://www.effectsdatabase.com/model/arbiter/cbs/fuzzphazer","Exact Effects Database model record for CBS-Arbiter Fuzz Phazer"
"Champion City Effects","El Gato Malo","https://www.rockboard.de/en/pedalPedia/Champion-City-Effects/El-Gato-Malo/68976699/","Exact RockBoard PedalPedia record for Champion City Effects El Gato Malo"
"Chaos Custom Shop / Chaos FX","C.Drive","https://www.rockboard.de/en/pedalPedia/Chaos-Custom-Shop/CDrive/8124434788/","Exact RockBoard PedalPedia record for Chaos Custom Shop C.Drive"
"Chaser","HM-3 Heavy Metal","https://www.effectsdatabase.com/model/chaser/hm3","Exact Effects Database model record for Chaser HM-3 Heavy Metal"
"Clone Bro","Tone King","https://www.effectsdatabase.com/model/clonebro/toneking","Exact Effects Database model record for Clone Bro Tone King"
"Copilot FX","Orbit","https://www.effectsdatabase.com/model/copilot/orbit","Exact Effects Database model record for Copilot FX Orbit"
"Crazy Tube Circuits","Black Magic","https://www.effectsdatabase.com/model/crazytube/blackmagic","Exact Effects Database model record for Crazy Tube Circuits Black Magic"
"Creation Audio Labs","Holy Fire Classic","https://www.creationaudiolabs.com/product-page/holy-fire-classic","Exact Creation Audio Labs manufacturer product page for Holy Fire Classic"
"Crews Maniac Sound","SVD-001 Classic Overdrive","https://www.effectsdatabase.com/model/crews/svd001","Exact Effects Database model record for Crews Maniac Sound SVD-001 Classic Overdrive"
"Coolmusic","C-OV01 Crunchy Overdrive","https://www.coolmusic-tech.com/shows/20/36.html","Exact COOLMUSIC C-OV01 product page with model-specific pedal imagery"
"Coopersonic","Deluxe Dual Valve Overdrive","https://coopersonic.com/user-manuals/","Official Coopersonic archive explicitly listing Deluxe Valve Overdrive as a legacy/current manual"
"Correct Sound","Black Sunn","https://reverb.com/item/50213441-correct-sound-the-black-sunn-sunn-model-t-preamp-pedal-w-rat-distortion-built-in","Exact sold Reverb listing identifying Correct Sound Black Sunn"
"Critter Electronics","CFR Klone","https://reverb.com/item/79240618-critter-electronics-cfr-klone","Exact sold Reverb listing with model-specific CFR Klone photos"
"Crazy Rock'n'Roll Effecter","TONE BENDER M.K Ⅰ. Ⅴ","https://www.c-r-effecter.com/tone-bender","Exact manufacturer page for TONE BENDER M.K Ⅰ. Ⅴ"
"Coolsound","A127 Dirty Bass","https://www.effectsdatabase.com/model/coolsound","Exact Coolsound Effects Database catalog page explicitly listing A127 Dirty Bass"
"Cosmic Sound FX","The Fuzz Machine","https://www.effectsdatabase.com/model/cosmicsound/fuzzmachine","Exact Effects Database model page with eBay lead"
"Cosmic Terror","Cosmic Drive","https://reverb.com/item/88106055-cosmic-terror-cosmic-drive","Exact sold Reverb listing with model-specific Cosmic Drive photos"
"Cosmosound","CSE-14 Distortion/Volume","https://www.effectsdatabase.com/model/cosmosound/cse14","Exact Cosmosound CSE-14 Distortion/Volume model record"
"Creber Instruments","Classic Fuzz","https://stompboxsteals.blogspot.com/2025/08/fuzz-creber-instruments-classic-fuzz.html","Exact-model review page for Creber Instruments Classic Fuzz with model-specific imagery"
"Cranetortoise by Albit","DD-1B Dual Distortion for Bass","https://www.effectsdatabase.com/model/cranetortoise","Exact Cranetortoise by Albit catalog page explicitly listing DD-1B Dual Distortion for Bass"
"Crucial Audio","Das Götterdämmerung","https://crucialaudio.com/wp-content/uploads/2018/03/DieGotterdammerung_Manual_electronic_A.pdf","Official Crucial Audio manual PDF with the exact Das Götterdämmerung pedal pictured"
"Way Huge","Fat Sandwich","https://www.effectsdatabase.com/model/wayhuge/dunlop/whe301","Exact Effects Database model page for Way Huge WHE301 Fat Sandwich"
"Cryptid Effects","Siam Howler","https://www.effectsdatabase.com/model/cryptideffects/siamhowler","Exact Effects Database model page found during September 25 source refresh."
"Cunningham Amps","Nick Perri Signature MK1 Fuzz","https://www.cunninghamamps.co.nz/product-page/nick-perri-signature-mk1-fuzz","Exact manufacturer product page with multiple pedal images."
"Cusack Music","Screamer Bass Fuzz","https://cusackmusic.com/screamer-fuzz-bass/","Exact manufacturer product page."
"Cusack Music","Screamer Fuzz Germanium","https://cusackmusic.com/screamer-fuzz-germanium/","Exact manufacturer product page."
"Demedash Effects","Spidola Germanium Fuzz","https://www.demedasheffects.com/spidola","Exact manufacturer product page."
"Danelectro","Nichols 1966","https://www.vintageguitar.com/74584/danelectro-nichols-1966/","Exact-model editorial page with product image; manufacturer identity cross-checked in page text."
"Skreddy Pedals","Ernie","https://skreddypedals.com/ernie","Exact manufacturer product page."
"Skreddy Pedals","P19","https://skreddypedals.com/p19","Exact manufacturer product page."
"Skreddy Pedals","Pig Mine","https://skreddypedals.com/pig-mine","Exact manufacturer product page."
"Skreddy Pedals","ROVER Fuzz","https://skreddypedals.com/rover","Exact manufacturer product page."
"Skreddy Pedals","Supa Tone","https://skreddypedals.com/supa","Exact manufacturer product page."
"Skreddy Pedals","ZERO","https://www.skreddypedals.com/zero?manufacturer_id=2","Exact manufacturer product page."
"Diezel Amplification","VH4 Pedal","https://www.diezelamplification.com/vh4pedal/","Exact manufacturer product page."
"DOD Electronics","Looking Glass","https://digitech.com/dp/looking-glass/","Exact manufacturer product page."
"Spaceman Effects","Rumblefuzz II","https://spacemaneffects.com/products/rumblefuzz-ii","Exact manufacturer product page with multiple product images."
"Spaceman Effects","Spacerocket II","https://spacemaneffects.com/products/spacerocket-ii","Exact manufacturer product page with multiple product images."
"Suhr","Riot Reloaded","https://www.suhr.com/product-archive/archived-pedals/suhr-riot-reloaded/","Exact manufacturer archive product page."
"EarthQuaker Devices","Gary","https://www.earthquakerdevices.com/devices","Exact manufacturer device listing; Gary is explicitly listed."
"EarthQuaker Devices","Gray Channel","https://www.earthquakerdevices.com/legacy","Exact manufacturer legacy-products listing."
"EarthQuaker Devices","Hoof Reaper","https://www.earthquakerdevices.com/legacy","Exact manufacturer legacy-products listing."
"EarthQuaker Devices","Palisades","https://www.earthquakerdevices.com/legacy","Exact manufacturer legacy-products listing."
"EarthQuaker Devices","Park Fuzz Sound","https://www.earthquakerdevices.com/legacy","Exact manufacturer legacy-products listing."
"EarthQuaker Devices","Plumes","https://www.earthquakerdevices.com/devices","Exact manufacturer device listing."
"Critter Electronics","Model III Overdrive","https://reverb.com/item/67365200-critter-model-iii-overdrive-blues-breaker-on-steroids","Exact Critter Model III listing"
"Crown","Fuzz and Treble Booster","https://www.effectsdatabase.com/model/crown/fuzztreblebooster","Exact Crown Fuzz and Treble Booster record"
"Crown","FW-3 Distortion Wah Volume","https://www.effectsdatabase.com/model/crown/fw3","Exact Crown FW-3 record"
"CroyTone Audio Technologies","Camper Fuzz","https://croytoneaudio.com/en/products/camper-fuzz","Exact CroyTone Camper Fuzz manufacturer page"
"CroyTone Audio Technologies","Camper Fuzz","https://reverb.com/item/84434789-croy-tone-audio-camper-fuzz","Exact CroyTone Camper Fuzz Reverb listing"
"Crust Pedals","Hudson Broadcast Clone","https://reverb.com/item/77375685-crust-pedals-hudson-broadcast-clone-2023","Exact Crust Pedals Hudson Broadcast Clone listing"
"Cruzer (by Crafter)","EF-DT Distortion","https://www.effectsdatabase.com/model/crafter/cruzer/distortion","Exact Cruzer EF-DT record"
"Cruzer (by Crafter)","EF-OD Over Drive","https://www.effectsdatabase.com/model/crafter/cruzer/overdrive","Exact Cruzer EF-OD record"
"Cunningham Amps","Zonk/MK1 Fuzz","https://www.cunninghamamps.co.nz/product-page/zonk-mk1-fuzz-wedge","Exact Cunningham Zonk/MK1 manufacturer page"
"Custom Guitar Innovations","2 In 1 Fuzz Pedal","https://www.effectsdatabase.com/model/customguitarinnovations/2in1fuzz","Exact Custom Guitar Innovations 2 In 1 Fuzz record"
"Custom Guitar Innovations","Octavio","https://www.effectsdatabase.com/model/customguitarinnovations/octavio","Exact Custom Guitar Innovations Octavio record"
"CUVAVE / M-VAVE","DIST-MT1","https://www.m-vave.com/products","Manufacturer product ecosystem listing DIST-MT1"
"CUVAVE / M-VAVE","Distortion SC1","https://www.cuvave.com.br/produtos","Exact M-VAVE Distortion SC1 product listing"
"Critter Electronics","CRR Klone","https://critterelectronics.com/shop","Exact builder shop listing names CRR Klone separately from CFR Klone"
"Crotronics","Firestarter","https://eastsidemusicsupply.com/products/crotronics-firestarter","Exact retailer page reproduces Crotronics Firestarter product description"
"Crowella Effects","Animated","https://reverb.com/item/10575188-crowella-effects-animated-animato-clone","Exact Crowella Animated Reverb listing"
"Danelectro","Fab Tone / FAB Tone Distortion","https://www.effectsdatabase.com/model/danelectro/original/fabtone","Exact Effects Database model page"
"DeadastronautFX","EasyDriver","https://deadastronaut.wixsite.com/effects/easydrivepcbdeadastronautfx","Exact DeadastronautFX EasyDriver product page"
"Death By Audio","Echo Dream 2 (fuzz function)","https://deathbyaudio.com/products/echo-dream-2","Exact Death By Audio Echo Dream 2 product page"
"DLS Effect","Reckless Driver","https://www.dlseffects.com/factory-direct","Exact DLS factory-direct Reckless Driver page"
"Companion","FY-6 Super Fuzz","https://www.effectsdatabase.com/model/companion/fy6","Exact Effects Database Companion FY-6 record"
"DigiTech","X-Series Distortion Factory DF-7","https://www.effectsdatabase.com/model/digitech/x/df7","Exact Effects Database DF-7 record"
"Daredevil Pedals","Ron Asheton Real Cool Fuzz","https://reverb.com/item/15151776-daredevil-ron-asheton-signature-germanium-real-cool-fuzz","Exact Daredevil Pedals official Reverb listing"
"MXR","Distortion+","https://www.jimdunlop.com/mxr-distortion/","Exact manufacturer product page with M104 product photography"
"EarthQuaker Devices","Special Cranker — Overdrive","https://www.earthquakerdevices.com/special-cranker","Exact manufacturer product page"
"EarthQuaker Devices","Spires — Fuzz Doubler","https://www.earthquakerdevices.com/spires","Exact manufacturer product page"
"EarthQuaker Devices","Talons — High Gain Overdrive","https://www.earthquakerdevices.com/talons","Exact manufacturer product page"
"EarthQuaker Devices","Terminal — Destructive Fuzz Device","https://www.earthquakerdevices.com/terminal","Exact manufacturer product page"
"EarthQuaker Devices","Westwood — Translucent Drive Manipulator","https://www.earthquakerdevices.com/westwood","Exact manufacturer product page"
"EarthQuaker Devices","White Light Legacy Reissue — Overdrive","https://www.earthquakerdevices.com/legacy","Official EQD legacy device index"
"EarthQuaker Devices","Zoar — Dynamic Audio Grinder / distortion","https://www.earthquakerdevices.com/zoar","Exact manufacturer product page"
"EarthQuaker Devices","Rancho de la Luna Dirt Transmitter — Fuzz Driver","https://www.earthquakerdevices.com/rancho-de-la-luna-dirt-transmitter","Exact manufacturer collaboration page"
"DOD Electronics","Juice Box Overdrive (FX51)","https://www.effectsdatabase.com/model/dod/fx/51","Exact-model Effects Database page for photo recovery"
"DOD Electronics","Metal X (FX70)","https://manuals.plus/dod/fx70-metal-x-distortion-guitar-effect-pedal-manual","Exact-model DOD FX70 manual/product page"
"DOD Electronics","Mystic Blues Overdrive (FX102)","https://device.report/manual/17461186","Exact-model DOD FX102 manual/product page"
"DOD Electronics","Supra Distortion (FX55C)","https://www.effectsdatabase.com/model/dod/fx/fx55c","Exact-model Effects Database page for photo recovery"
"Dwarfcraft Devices","SheFuzz / formerly Shiva","https://www.effectsdatabase.com/model/dwarfcraft/shefuzz","Exact-model Effects Database page for photo recovery"
"EarthQuaker Devices","Dirt Transmitter Legacy Reissue — consolidated with Dirt Transmitter","https://www.earthquakerdevices.com/legacy","Exact EQD legacy device page"
"EarthQuaker Devices","Fuzz Master General Legacy Reissue — consolidated with Fuzz Master General","https://www.earthquakerdevices.com/legacy","Exact EQD legacy device page"
"EarthQuaker Devices","Fuzz Master General Legacy Reissue — Limited Edition Octave Fuzz Blaster","https://www.earthquakerdevices.com/legacy","Exact EQD legacy device page"
"Fairfield Circuitry","Barbershop — consolidated across V1 / Millennium Edition","https://www.effectsdatabase.com/model/fairfield/barbershop","Exact-model Effects Database page"
"Fjord Fuzz","Berserk — consolidated identity across V1/V2/V3","https://pedalfilter.com/fjord-fuzz/berserk","Exact-model PedalFilter page"
"Fjord Fuzz","Bjørn","https://tgt11.com/products/fjord-fuzz-bjorn-fuzz","Exact-model product page"
"Fjord Fuzz","Bufo","https://proghurst.co.uk/2020/06/shaman-elephant-wide-awake-but-still-asleep-review-interview/","Exact-model historical page"
"Fjord Fuzz","Fjord-Fuzz Super-Fuzz","https://www.guitarpedalx.com/news/fjord-fuzz---daniel-thornhills-cutting-edge-futuristic-fuzz-pedals-from-the-west-coast-of-norway","Exact-model historical range page"
"Fjord Fuzz","Måne","https://www.pedalempire.com.au/products/fjord-fuzz-mane-grey-white-blue","Exact-model product page"
"Fjord Fuzz","Mjølner","https://guitar-fx-layouts.238.s1.nabble.com/Fjord-Fuzz-Mj-lner-td43570.html","Exact-model historical technical page"
"Friedman Amplification","BE-OD","https://friedmanamplification.com/shop/pedals/be-od/","Exact manufacturer product page"
"Fulltone","Hi-Mu","https://fulltone.myshopify.com/products/custom-shop-hi-mu-cs-hm","Exact manufacturer product page"
"GuitarSlinger Effects","87 MKIII High Gain Distortion","https://www.guitarslingerproducts.com/en/GuitarSlinger-Effects/Wiring-Kits-Pedals-More/Pedals/87-MKIII-High-Gain-Distortion-Pedal-Legendary-87-Guitar-Sound.html","Exact manufacturer product page"
"Hudson Electronics","Motorcycle — limited collaboration with Joe's Pedals","https://hudsonelectronicsuk.com/product/motorcycle/","Exact manufacturer product page"
"Hungry Robot","FZ","https://www.hungryrobotpedals.com/hr-fz","Exact manufacturer product page"
"IdiotBox Effects","Holy Trooper Fuzz (retired)","https://www.idiotboxeffects.com/product/retired-designs","Exact manufacturer retired-design page"
"IdiotBox Effects","Lazer Fuzz (retired)","https://www.idiotboxeffects.com/product/retired-designs","Exact manufacturer retired-design page"
"IdiotBox Effects","Lazer Phazer (retired)","https://www.idiotboxeffects.com/product/retired-designs","Exact manufacturer retired-design page"
"Himmelstrutz Elektro Art","FETTO SC","https://www.himmelstrutz.com/downloads/himmelstrutz-fetto-sc-owners-manual-001-web.pdf","Exact manufacturer manual"
"Himmelstrutz Elektro Art","FETTO 9.0","https://www.himmelstrutz.com/downloads/himmelstrutz-fetto-9-owners-manual-001-web.pdf","Exact manufacturer manual"
"Greer Amps","No.9 Drive and Distortion","https://www.greeramps.com/pages/sitemap","Exact Greer Amps sitemap with model listing"
"Greer Amps","Reactor #4","https://www.greeramps.com/pages/sitemap","Exact Greer Amps sitemap with model listing"
"IdiotBox Effects","No Moon 2 — coming soon","https://www.idiotboxeffects.com/category/fuzz-distortion-overdrive","Exact manufacturer category page listing No Moon 2"
"DOD Electronics","Metal X (FX70)","https://www.effectsdatabase.com/model/dod/fx70","Exact Effects Database DOD FX70 Metal X model page"
"J. Rockett Audio Designs","Archer Ikon OD","https://rockettpedals.com/wp-content/uploads/2022/12/ikon-manual.pdf","Exact manufacturer manual with Archer Ikon product image"
"J. Rockett Audio Designs","Archer Ikon OD","https://www.sweetwater.com/store/detail/ArcherIkonOD--j-rockett-audio-designs-archer-ikon-boost-overdrive-pedal","Exact retailer product page with product photography"
"Jackson Audio","Classic Vintage Fuzz","https://jackson.audio/products/fuzz-modular-fuzz","Exact manufacturer FUZZ page with Classic Vintage module imagery"
"JAM Pedals","Rattler Bass / Rattler Bass MKII","https://www.jampedals.com/rattler-bass/","Exact manufacturer product page"
"JHS Pedals","Notadümb̈le V2","https://jhspedals.info/products/notadumble-v2","Exact manufacturer product page with NOTADÜMBLË V2 imagery"
"JHS Pedals","Notadümblo V2","https://jhspedals.info/products/notadumble-v2","Exact manufacturer product page with canonical NOTADÜMBLË V2 imagery"
"JHS Pedals","Notadümbळë V2","https://jhspedals.info/products/notadumble-v2","Exact manufacturer product page with canonical NOTADÜMBLË V2 imagery"
"JHS Pedals","Steak and Eggs Overdrive/Compressor","https://jhspedals.info/products/steak-n-eggs","Exact manufacturer product page"
"JHS Pedals","The Violet / Violet","https://jhspedals.info/products/the-violet","Exact manufacturer product page"
"JHS Pedals","Violet","https://jhspedals.info/products/the-violet","Exact manufacturer product page"
"Keeley Electronics","Dark Side Fuzz/Phaser","https://robertkeeley.com/product/dark-side/","Exact manufacturer product page"
"Katanasound","Super Bass Octave Fuzz","https://reverb.com/item/3283218-katanasound-super-bass-fuzz-bass-octave-fuzz-pedal","Exact-model product listing with pedal photography"
"Katanasound","Super Bass Octave Fuzz","https://www.gbase.com/gear/katanasound-super-bass-fuzz","Exact-model product page with pedal photography"
"DOD Electronics","Mystic Blues Overdrive (FX102)","https://www.effectsdatabase.com/model/dod/fx/fx102","Exact Effects Database FX102 page with pedal imagery"
"DOD Electronics","Mystic Blues Overdrive (FX102)","https://en.audiofanzine.com/overdrive-pedal/dod/FX102-Mystic-Blues/","Exact Audiofanzine FX102 page with pedal imagery"
"JHS Pedals","Steak and Eggs Overdrive/Compressor","https://www.effectsdatabase.com/model/jhspedals/keeley/steakeggs","Exact Effects Database product page with video/image references"
"JHS Pedals","The Violet / Violet","https://www.effectsdatabase.com/model/jhspedals/violet","Exact Effects Database product page with imagery"
"Himmelstrutz Elektro Art","FETTO SC","https://www.reverb.com/item/2756717-himmelstrutz-fetto-sc-2010-s-white","Exact-model product listing with imagery"
"Fjord Fuzz","Bjørn","https://www.youtube.com/watch?v=JCMBKoDPOyU","Official Fjord Fuzz BJØRN announcement/demo"
"Fjord Fuzz","Bjørn","https://tgt11.com/en/products/fjord-fuzz-bjorn-fuzz","Exact-model retailer page with product imagery"
"Fjord Fuzz","Bjørn","https://fr.audiofanzine.com/fuzz-guitare/fjord-fuzz/bj-rn/","Exact Audiofanzine model page with product image support"
"Fjord Fuzz","Bjørn","https://reverb.com/item/90902381-fjord-fuzz-bjorn-fuzz-guitar-effect-pedal-made-in-norway-truetone-colors","Exact-model Reverb listing with product photography"
"Fjord Fuzz","Bjørn","https://www.pedalempire.com.au/products/fjord-fuzz-bjorn","Exact-model retailer product page"
"Fjord Fuzz","Fjord-Fuzz Super-Fuzz","https://www.youtube.com/watch?v=L-C3bUoiUP4","Exact Fjord Fuzz-owned 2018 demo page with the Super Fuzz based pedal"
"Fulltone","Hi-Mu","https://www.sweetwater.com/store/detail/HiMu--fulltone-custom-shop-hi-mu-distortion-pedal","Independent exact-model product page with product imagery"
"Fulltone","Hi-Mu","https://onethousandpedals.com/pedal/fulltone-hi-mu","Independent exact-model technical page with pedal imagery"
"Limetone Audio","funther OD/DS/FZ","https://limetoneaudio.com/prd_funther.html","Exact manufacturer page for discontinued funther"
"Limetone Audio","fuzzhog proto OD/DS/FZ","https://limetoneaudio.com/prd_fuzzhog.html","Exact manufacturer page for fuzzhog proto"
"Limetone Audio","JACKAL MIDNIGHT ADD CBF OD/DS/FZ","https://limetoneaudio.com/prd_jackalmidnightaddcbf.html","Exact manufacturer page for JACKAL MIDNIGHT ADD CBF"
"Limetone Audio","JACKAL MIDNIGHT OD/DS/FZ","https://limetoneaudio.com/prd_jackalmidnight.html","Exact manufacturer page for JACKAL MIDNIGHT"
"Limetone Audio","JACKAL OD/DS/FZ","https://limetoneaudio.com/prd_jackaldc.html","Exact manufacturer page for JACKAL / JACKAL MIDNIGHT"
"Limetone Audio","JACKAL MIDNIGHT ADD CBF OD/DS/FZ","https://reverb.com/item/91980897-limetone-audio-jackal-midnight-add-cbf","Independent exact-model Reverb listing with product imagery"
"Limetone Audio","JACKAL MIDNIGHT ADD CBF OD/DS/FZ","https://limetone.theshop.jp/items/80170379","Limetone store product page with product imagery"
"Limetone Audio","JACKAL MIDNIGHT OD/DS/FZ","https://www.soundhouse.co.jp/en/news/detail?NewsNo=18708","Independent exact-model Sound House announcement with product imagery"
"Limetone Audio","JACKAL MIDNIGHT OD/DS/FZ","https://www.ikebe-gakki.com/Form/Product/ProductDetail.aspx?bid=ec&cat=efx002&pid=754743&shop=0","Independent exact-model Ikebe product page with product imagery"
"Lovepedal","COT 50 / Church of Tone 50","https://www.premierguitar.com/lovepedal-church-of-tone-50","Independent exact-model Premier Guitar review"
"Lovepedal","COT 50 / Church of Tone 50","https://www.effectsdatabase.com/model/lovepedal/cot50","Independent exact-model Effects Database page"
"Lovepedal","COT 50 Boost / Overdrive","https://www.lovepedal.com/history/","Manufacturer history page explicitly identifying COT 50 Boost / Overdrive"
"Mad Professor Amplification","Albert's Overdrive","https://mpamp.com/product/42/alberts-overdrive","Exact manufacturer product page; discontinued"
"Mad Professor Amplification","Blueberry Bass Overdrive","https://reverb.com/p/mad-professor-blueberry-bass-overdrive","Independent exact-model Reverb product reference"
"Mad Professor Amplification","Sweet Honey Overdrive Handwired","https://mpamp.com/product/93/sweet-honey-overdrive-handwired","Exact manufacturer product page"
"Mad Professor Amplification","Sweet Honey Overdrive Handwired","https://www.youtube.com/watch?v=me26GRuCcd4","Manufacturer-owned exact-model demo"
"MadeByMike","Dist²","https://www.madebymike.co.uk/dist2.shtml","Exact manufacturer product page"
"MadeByMike","Dist²","https://www.effectsdatabase.com/model/mxr/m142","Independent Effects Database page linking MadeByMike Dist2 to MXR M-142 Distortion II"
"MadeByMike","Germanium Fuzz Face","https://www.madebymike.co.uk/germaniumfuzzface.shtml","Exact manufacturer product page"
"MadeByMike","Germanium Fuzz Face","https://www.reddit.com/r/guitarpedals/comments/1kvrb6b/fuzz_face_bc_183/","Independent community reference naming MadeByMike Germanium Fuzz Face"
"Keeley Electronics","Dark Side Fuzz/Phaser","https://robertkeeley.com/product/keeley-dark-side-custom-shop-edition/","Exact manufacturer Dark Side product page with product imagery"
"Keeley Electronics","Dark Side Fuzz/Phaser","https://reverb.com/p/keeley-dark-side","Independent exact-model Reverb product reference with product imagery"
"Keeley Electronics","Dark Side Fuzz/Phaser","https://www.effectsdatabase.com/model/keeley/darkside","Independent exact-model Effects Database page with product imagery"
"Marshall Amplification","1959 Overdrive Pedal","https://www.marshall.com/us/en/product/1959-overdrive-pedal?color=black%2Band%2Bgold&pid=1008154","Exact Marshall manufacturer product page with product imagery"
"Marshall Amplification","1959 Overdrive Pedal","https://onethousandpedals.com/pedal/marshall-1959-overdrive-pedal","Independent exact-model technical reference with product imagery"
"Marshall Amplification","1959 Overdrive Pedal","https://www.sweetwater.com/store/detail/1959Ped--marshall-1959-overdrive-distortion-pedal/reviews","Independent exact-model product/review page with product imagery"
"CBS-Arbiter","CBS-Arbiter Fuzz Phazer","https://www.effectsdatabase.com/model/arbiter/cbs","Effects Database CBS-Arbiter series page explicitly listing CBS-Arbiter Fuzz Phazer"
"CBS-Arbiter","CBS-Arbiter Fuzz Phazer","https://www.freestompboxes.org/viewtopic.php?t=3214","Independent vintage-stompbox page naming the exact Fuzz Phazer"
"JHS Pedals","Notadümblo V2","https://www.effectsdatabase.com/model/jhspedals/notadumble/v2","Exact-model Effects Database page with model imagery"
"JHS Pedals","Notadümbळë V2","https://www.effectsdatabase.com/model/jhspedals/notadumble/v2","Exact-model Effects Database page with model imagery"
"Marshall Amplification","Bluesbreaker Vintage Reissue","https://www.marshall.com/us/en/product/bluesbreaker-vintage-reissue-pedal?pid=1007074","Exact Marshall manufacturer product page with product imagery"
"Marshall Amplification","Bluesbreaker Vintage Reissue","https://www.musicradar.com/news/marshall-vintage-reissue-pedals","Independent exact-model launch coverage with product imagery"
"Marshall Amplification","Bluesbreaker Vintage Reissue Pedal","https://www.marshall.com/us/en/product/bluesbreaker-vintage-reissue-pedal?pid=1007074","Exact Marshall manufacturer product page with product imagery"
"Marshall Amplification","Bluesbreaker Vintage Reissue Pedal","https://www.guitarcenter.com/Used/Marshall/Used-Marshall-blues-breaker-vintage-reissue-Effect-Pedal.gc","Independent exact-model product page with product imagery"
"Mad Professor Amplification","Sweet Honey Overdrive Custom","https://mpamp.com/product/98/sweet-honey-overdrive-custom","Exact manufacturer product page with product imagery"
"Mad Professor Amplification","Sweet Honey Overdrive Custom","https://kc-music.jp/mad-professor/sweet-honey-overdrive-custom.html","Independent distributor exact-model product page with product imagery"
"Keeley Electronics","Dark Side Fuzz/Phaser","https://www.perfectcircuit.com/keeley-dark-side-1.html","Exact-model product page"
"Limetone Audio","JACKAL OD/DS/FZ","https://limetoneaudio.com/prd_jackal.html","Exact manufacturer product page"
"Fulltone","Hi-Mu","https://www.fulltoneusa.com/products/","Exact manufacturer collection listing Hi-Mu"
"Lovepedal","COT 50 / Church of Tone 50","https://www.lovepedal.com/history/","Manufacturer page"
"Mad Professor Amplification","Blueberry Bass Overdrive","https://www.beyers-bass.de/Mad-Professor-Blueberry-Bass-Overdrive.html?language=en","Exact-model product page"
"Marshall Amplification","DSL Overdrive Pedal","https://www.marshall.com/us/en/product/dsl-overdrive-pedal?pid=1008158","Manufacturer product page"
"Marshall Amplification","Drivemaster Vintage Reissue","https://www.marshall.com/us/en/product/drivemaster-vintage-reissue-pedal?pid=1007077","Manufacturer product page"
"Marshall Amplification","Drivemaster Vintage Reissue Pedal","https://www.marshall.com/us/en/product/drivemaster-vintage-reissue-pedal?pid=1007077","Manufacturer product page"
"Marshall Amplification","Guv'nor Vintage Reissue","https://www.marshall.com/us/en/product/guvnor-vintage-reissue-pedal?pid=1007075","Manufacturer product page"
"Fulltone","Hi-Mu","https://www.effectsdatabase.com/model/fulltone/cs/himu","Exact Effects Database model page"
"IdiotBox Effects","Holy Trooper Fuzz (retired)","https://www.effectsdatabase.com/model/idiotbox/holytrooper","Exact Effects Database model page"
"MadeByMike","Saltstorm Overdrive","https://www.madebymike.co.uk/","Manufacturer product index"
"MadeByMike","Saltstorm Overdrive","https://www.talkbass.com/threads/the-holy-trinity.716685/","Independent historical mention"
"Colorsound / Sola Sound","Sola Sound Bum Fuzz Unit","https://reverb.com/item/45906769-sola-sound-bum-fuzz-unit-fuzz-pedal","Exact Reverb listing with pedal gallery imagery"
"Mad Professor Amplification","Sweet Honey Overdrive Handwired","https://mpamp.com/files/manuals/shod_hw_manuaali.pdf","Exact manufacturer manual"
"Mad Professor Amplification","Blueberry Bass Overdrive","https://mpamp.com/files/manuals/Blueberry%20Bass%20Overdrive%20manual.pdf","Exact manufacturer manual"
"Mad Professor Amplification","Fire Red Fuzz","https://mpamp.com/files/manuals/Fire%20Red%20Fuzz%20HW%20manual.pdf","Exact manufacturer Fire Red Fuzz manual"
"Mad Professor Amplification","Mighty Red Distortion","https://mpamp.com/product/48/mighty-red-distortion","Exact manufacturer product page"
"Tech 21 NYC","Bass Boost Fuzz","https://www.tech21nyc.com/archive/bassboost-fuzz/","Exact manufacturer archived product page with product image"
"Wampler Pedals","Triple Wreck","https://www.wamplerpedals.com/wp-content/uploads/2019/11/Triple_Wreck.pdf","Exact Wampler Triple Wreck manual with product image"
"JAM Pedals","Double Dreamer","https://jampedals.com/shop/double-dreamer/?v=bf391b589afb","Exact JAM manufacturer product page with pedal imagery"
"Tech 21 NYC","Bass Boost Fuzz","https://www.tech21nyc.com/t21manuals/Boost_BassFuzz_OM.pdf","Exact manufacturer Bass Boost Fuzz manual with product image/specifications"
"DeadastronautFX","EasyDriver","https://deadastronaut.wixsite.com/effects","Exact manufacturer site listing EasyDriver"
"MXR","Jail Guitar Doors Overdrive","https://www.jimdunlop.com/mxr-jail-guitar-doors-overdrive/","Exact Jim Dunlop/MXR manufacturer product page with multiple pedal images"
"Marshall Amplification","Guv'nor Vintage Reissue Pedal","https://www.marshall.com/il/en/product/guvnor-vintage-reissue-pedal?color=black%2Band%2Bred&pid=1007075","Exact Marshall product page"
"Marshall Amplification","JCM800 Overdrive Pedal","https://www.marshall.com/us/en/product/jcm800-overdrive-pedal?color=black%2Band%2Bgold&pid=1008155&redirected=1","Exact Marshall product page"
"Marshall Amplification","JCM900 Overdrive Pedal","https://www.marshall.com/us/en/product/jcm900-overdrive-pedal?pid=1008156","Exact Marshall product page"
"Marshall Amplification","Shredmaster Vintage Reissue","https://www.marshall.com/in/en/support/amps/support-for-shredmaster-vintage-reissue-pedal","Exact Marshall support page"
"Marshall Amplification","Shredmaster Vintage Reissue Pedal","https://www.marshall.com/in/en/support/amps/support-for-shredmaster-vintage-reissue-pedal","Exact Marshall support page"
"Maxon","D&S","https://maxonfx.com/products/reissue-series-effects-pedals-d-s-distortion-sustainer","Exact Maxon/Godlyke product page"
"Maxon","D&S II","https://maxonfx.com/products/reissue-series-effects-pedals-d-s-ii-2-distortion-sustainer","Exact Maxon/Godlyke product page"
"Maxon","OD820 Overdrive Pro+","https://maxonfx.com/collections/nine-series/overdrive","Exact Maxon/Godlyke 9-Series overdrive catalog"
"Maxon","OSD-9 Overdrive / Soft Distortion","https://maxonfx.com/products/overdrive-soft-distortion-osd-9","Exact Maxon/Godlyke product page"
"Maxon","SD-9 Sonic Distortion / Overdrive","https://maxonfx.com/products/sonic-distortion-sd-9","Exact Maxon/Godlyke product page"
"Maxon","OOD-9 Organic Overdrive","https://maxonfx.com/products/nine-series-guitar-effects-pedals-organic-overdrive-ood-9","Exact Maxon/Godlyke product page with pedal imagery"
"Maxon","ROD881 Real Overdrive / Distortion","https://maxonfx.com/collections/real-tube-ii","Maxon/Godlyke series archive"
"Maxon / Nisshin Onpa","OD-9","https://maxonfx.com/collections/nine-series/overdrive","Exact Maxon OD-9 product page"
"Maxon / Nisshin Onpa","OD-9 Pro+","https://maxonfx.com/collections/nine-series/overdrive","Exact Maxon OD-9 Pro+ product page"
"Maxon / Nisshin Onpa","OSD-9 Overdrive / Soft Distortion","https://maxonfx.com/collections/nine-series/distortion","Exact Maxon OSD-9 product page"
"Maxon / Nisshin Onpa","SSD-9 Super Sonic Distortion","https://maxonfx.com/products/super-sonic-distortion-ssd-9","Exact Maxon/Godlyke product page with pedal imagery"
"Maxon / Nisshin Onpa","TBO-9 True Tube Booster / Overdrive","https://maxonfx.com/products/true-tube-booster-overdrive-tbo-9","Exact Maxon/Godlyke product page with pedal imagery"
"Mojo Hand FX","Crosstown Rasta","https://mojohandfx.com/fuzz/","Exact Mojo Hand FX product page"
"Mojo Hand FX","Pompeii (historical/limited)","https://www.mojopeppasauce.ca/products/mojo-hand-fx-pompeii-fuzz-pedal","Exact-model reseller page with image gallery"
"Mojo Hand FX","Rounder (historical/discontinued)","https://mojohandfx.com/rounder-a-nod-to-a-rare-fuzz/","Exact Mojo Hand FX discontinued product page"
"Mojo Hand FX","Superlative (historical/discontinued)","https://mojohandfx.com/discontinued/","Exact Mojo Hand FX discontinued-product index"
"MI Audio / MI Effects","Blue Boy Deluxe","https://manualzz.com/doc/24146157/mi-audio-blue-boy-deluxe-overdrive-user-manual","Exact-model manual mirror with pedal documentation"
"MI Audio / MI Effects","GI Fuzz","https://manuzoid.com/manuals/JXogG-MI-Audio%20G.I.%20FUZZ%20Owner%27s%20manual","Exact-model owner manual"
"MI Audio / MI Effects","Neo Fuzz","https://www.guitarcenter.com/MI-Audio/Neo-Fuzz-v2-Guitar-Effects-Pedal-Pink-1281539727122.gc","Exact-model retailer page with imagery"
"MI Audio / MI Effects","Tube Zone Overdrive","https://www.musiciansfriend.com/amplifiers-effects/mi-audio-tube-zone-v4-overdrive-guitar-effects-pedal","Exact-model v4 retailer page with imagery"
"MI Audio / MI Effects","Crunch Box","https://manualzz.com/doc/883411/mi-effects-crunch-box-distortion-v.3-guitar-effects-user-...","Exact-model v3 manual mirror"
"MI Audio / MI Effects","Super Crunch Box V2","https://miaudio.com/wp-content/uploads/2017/03/SCBv.2-Manual-2.pdf","Exact MI Audio manufacturer manual"
"MI Audio / MI Effects","Classic Distortion","https://www.youtube.com/watch?v=R8WJMAGWeZw","Exact-model 2011 demo page"
"MOOER Audio / MOOER","Black Secret","https://www.mooeraudio.com/product/Black-Secret--149.html","Exact MOOER manufacturer product page with pedal imagery"
"MOOER Audio / MOOER","Blade","https://www.mooeraudio.com/product/Blade--148.html","Exact MOOER manufacturer product page with pedal imagery"
"MOOER Audio / MOOER","Blues Crab","https://www.mooeraudio.com/product/Blues-Crab--141.html","Exact MOOER manufacturer product page with pedal imagery"
"MOOER Audio / MOOER","Blues Mood","https://www.mooeraudio.com/products/22.html","Exact MOOER manufacturer product page with pedal imagery"
"MOOER Audio / MOOER","Cruncher","https://www.mooeraudio.com/product/Cruncher--145.html","Exact MOOER manufacturer product page with pedal imagery"
"MOOER Audio / MOOER","Green Mile","https://www.mooeraudio.com/product/Green-Mile--153.html","Exact MOOER manufacturer product page with pedal imagery"
"MOOER Audio / MOOER","Hustle Drive","https://www.mooeraudio.com/products/147.html","Exact MOOER manufacturer product page with pedal imagery"
"Mojo Hand FX","1979","https://mojohandfx.com/1979/","Exact manufacturer product page with 1979 product imagery"
"Mojo Hand FX","1979 Baja","https://mojohandfx.com/1979-baja-opamp-fuzz/","Exact manufacturer product page with 1979 Baja imagery"
"Mojo Hand FX","Colossus","https://mojohandfx.com/colossus/","Exact manufacturer product page with Colossus imagery"
"Mojo Hand FX","DMBL","https://mojohandfx.com/dmbl/","Exact manufacturer product page if available; exact-model image lead"
"Mojo Hand FX","El Guapo","https://mojohandfx.com/el-guapo/","Exact manufacturer product page with El Guapo imagery"
"Mojo Hand FX","Extra Special","https://mojohandfx.com/extra-special/","Exact manufacturer product page with Extra Special imagery"
"Mojo Hand FX","Iron Bell","https://mojohandfx.com/iron-bell/","Exact manufacturer product page/image lead"
"Mr. Black","ThunderClaw","https://www.mrblackpedals.com/products/thunderclaw","Exact manufacturer product page with ThunderClaw imagery"
"Mr. Black","BB-74x","https://www.mrblackpedals.com/products/bb-74x-1","Exact manufacturer product page with BB-74x imagery"
"Mr. Black","Bass OD Mk. II","https://www.mrblackpedals.com/products/bass-od-mk-ii","Exact manufacturer product page with Bass OD Mk. II imagery"
"Mr. Black","Deuce Coupe","https://www.mrblackpedals.com/products/deuce-coupe","Exact manufacturer product page with Deuce Coupe imagery"
"Mr. Black","Deuce Coupe - Old School Laser","https://www.mrblackpedals.com/products/deuce-coupe-old-school-laser","Exact manufacturer product page with exact special-finish imagery"
"Mr. Black","Vintage Overdrive","https://www.mrblackpedals.com/products/vintage-overdrive","Exact manufacturer product page with Vintage Overdrive imagery"
"Mr. Black","SludgeMaster","https://www.mrblackpedals.com/products/sludgemaster","Exact manufacturer product page with SludgeMaster imagery"
"MOOER Audio / MOOER","Triangle Buff","https://www.mooeraudio.com/product/Triangle-Buff--136.html","Exact MOOER manufacturer product page with Triangle Buff product imagery"
"MOOER Audio / MOOER","Rage Machine","https://www.mooeraudio.com/product/Rage-Machine--131.html","Exact MOOER manufacturer product page with Rage Machine product imagery"
"MOOER Audio / MOOER","Blue Faze","https://reverb.com/p/mooer-blue-faze","Exact-model Reverb product page with pedal imagery"
"NUX Audio / NUX","Ace of Tone","https://nuxaudio.com/product/aceoftone/","Exact manufacturer product page with pedal imagery"
"Mr. Black","Barbeque Fuzz","https://www.effectsdatabase.com/model/mrblack/barbeque","Exact Effects Database product page with pedal imagery"
"MOOER Audio / MOOER","Grey Faze","https://mooer.jp/products/greyfaze","Exact MOOER product page with pedal imagery"
"MOOER Audio / MOOER","Solo","https://www.mooeraudio.com/product/Solo-207.html","Exact MOOER manufacturer product page with pedal imagery"
"MOOER Audio / MOOER","Ultra Drive MKII","https://www.mooeraudio.com/product/Ultra-Drive-MK%E2%85%A1--115.html","Exact MOOER manufacturer product page with pedal imagery"
"NUX Audio / NUX","Fireman","https://nuxaudio.com/product/fireman/","Exact manufacturer product page with pedal imagery"
"NUX Audio / NUX","Drive Core Deluxe MKII","https://nuxaudio.com/product/drivecoredeluxemkii/","Exact manufacturer product page with pedal imagery"
"NUX Audio / NUX","Drive Core Deluxe","https://nuxaudio.com/product/drivecoredeluxe/","Exact NUX legacy product page with product imagery"
"Mask Audio Electronics","Ears Come To Die (historical limited-edition Fuzz Lab)","https://maskaudioelectronics.com/products/ears-come-do-die-diy","Exact manufacturer product page with pedal imagery"
"Mojo Hand FX","Zephyr (historical/discontinued)","https://reverb.com/p/mojo-hand-fx-zephyr","Exact-model Reverb product page with pedal imagery"
"Mojo Hand FX","Zephyr (historical/discontinued)","https://www.effectsdatabase.com/model/mojohand/zephyr","Exact-model Effects Database page with pedal imagery"
"NUX Audio / NUX","BC-2 Vintage Blues Core","https://www.effectsdatabase.com/model/nux/bc2","Exact-model Effects Database page with pedal imagery"
"NUX Audio / NUX","FZ-2 Vintage Fuzz","https://www.effectsdatabase.com/model/nux/fz2","Exact-model Effects Database page with pedal imagery"
"NUX Audio / NUX","Drive Core","https://www.effectsdatabase.com/model/nux/core/drivecore","Exact-model Effects Database page with pedal imagery"
"MOOER Audio / MOOER","Thunderball","https://www.effectsdatabase.com/model/mooer/micro/thunderball","Exact-model Effects Database page with pedal imagery"
"MOOER Audio / MOOER","Rumble Drive","https://www.effectsdatabase.com/model/mooer/micro/rumbledrive","Exact-model Effects Database page with pedal imagery"
"MOOER Audio / MOOER","Solo","https://www.effectsdatabase.com/model/mooer/micro/solo","Exact-model Effects Database page with pedal imagery"
"MOOER Audio / MOOER","Eight Hands","https://www.effectsdatabase.com/model/mooer/micro/eighthands","Exact-model Effects Database page with pedal imagery"
"MOOER Audio / MOOER","Greenwood","https://www.effectsdatabase.com/model/mooer/micro/greenwood","Exact-model Effects Database page with pedal imagery"
"MOOER Audio / MOOER","MooerFog / Fog","https://www.effectsdatabase.com/model/mooer/micro/fog","Exact-model Effects Database page with pedal imagery"
"MOOER Audio / MOOER","Ultra Drive","https://www.effectsdatabase.com/model/mooer/micro/mds4","Exact-model Effects Database page with product imagery"
"NUX Audio / NUX","HG-5 Modern High Gain","https://www.effectsdatabase.com/model/nux/hg5","Exact-model Effects Database page with pedal imagery"
"NUX Audio / NUX","HG-6 High Gain Distortion","https://www.effectsdatabase.com/model/nux/2012/hg6","Exact-model Effects Database page with pedal imagery"
"NUX Audio / NUX","Horseman","https://nuxaudio.com/product/horseman/","Exact NUX product page with pedal imagery"
"NUX Audio / NUX","Metal Core","https://www.effectsdatabase.com/model/nux/core/metalcore","Exact-model Effects Database page with pedal imagery"
"NUX Audio / NUX","Metal Core Deluxe","https://www.effectsdatabase.com/model/nux/core/metalcore/deluxe","Exact-model Effects Database page with pedal imagery"
"NUX Audio / NUX","Mini Distortion","https://www.effectsdatabase.com/model/nux/mini/distortion","Exact-model Effects Database page with pedal imagery"
"NUX Audio / NUX","OD-3 Overdrive","https://www.effectsdatabase.com/model/nux/2012/od3","Exact-model Effects Database page with pedal imagery"
"NUX Audio / NUX","Scream Bass / Bass Overdrive","https://www.effectsdatabase.com/model/nux/core/scream/bass","Exact-model Effects Database page with pedal imagery"
"NUX Audio / NUX","’59 Bassguy","https://www.effectsdatabase.com/model/nux/reissue/59bassguy","Exact-model Effects Database page with pedal imagery"
"NUX Audio / NUX","Drive Core Deluxe","https://www.effectsdatabase.com/model/nux/core/drivecore/deluxe","Exact-model Effects Database page with pedal imagery"
"NUX Audio / NUX","Drive Core Deluxe MKII","https://www.effectsdatabase.com/model/nux/core/drivecore/deluxe/mk2","Exact-model Effects Database page with pedal imagery"
"Pettyjohn Electronics","CHIME3","https://www.pettyjohnelectronics.com/product-page/chime3","Exact Pettyjohn manufacturer product page with pedal imagery"
"Pettyjohn Electronics","GOLD3","https://www.pettyjohnelectronics.com/product-page/gold3","Exact Pettyjohn manufacturer product page with pedal imagery"
"Pettyjohn Electronics","IRON3","https://www.pettyjohnelectronics.com/product-page/iron3","Exact Pettyjohn manufacturer product page with pedal imagery"
"Phaez Amplification","Alligator Overdrive","https://phaezamplification.com/pedals/","Exact manufacturer pedal lineup page with Alligator product imagery"
"NUX Audio / NUX","DS-3 Classic Distortion","https://www.effectsdatabase.com/model/nux/2012/ds3","Exact-model Effects Database page with product imagery"
"NUX Audio / NUX","DS-3 Classic Distortion","https://reverb.com/p/nux-ds-3-classic-distortion","Exact-model Reverb reference with product imagery and orange finish"
"Mr. Black","Jalapeño","https://reverb.com/item/83327118-mr-black-jalapeno-ltd-ed-version-jds-50-overdrive","Exact-model historical Reverb listing with multiple pedal images"
"Mr. Black","Jalapeño","https://www.guitarpedalx.com/news/gpx-blog/2017-new-guitar-pedals-of-the-year","Exact-model contemporary article with pedal listing imagery"
"Mystic Effects Co","Driven-Parallel Overdrive","https://martelmusicstore.com/collections/mystic-effects-co","Exact retailer collection with product imagery"
"Pettyjohn Electronics","RAIL","https://www.pettyjohnelectronics.com/post/rail-info-legacy-product","Exact Pettyjohn legacy RAIL page identifying the CORE Series full-range fuzz machine and its power architecture"
"Phaez Amplification","Octopus","https://phaezamplification.com/pedals/","Exact manufacturer page identifying the Octopus as Phaez's OCD-type circuit and documenting component details for One.3"
"Pigdog Pedals","GO","https://www.pigdogpedals.com/shop/","Exact manufacturer shop page identifying GO (Germanium Overdrive) V1"
"Maxon","RTO700","https://www.gear4music.com/Guitar-and-Bass/Maxon-RTO700-Real-Tube-Overdrive-Pedal/1QYP","Exact-model retailer page with full-size tube, three gain stages, no clipping diodes, EQ, noise suppressor, and product image"
"Maxon","SM-9 Pro+","https://www.effectsdatabase.com/model/maxon/9/sm9/pro/plus","Exact Effects Database model page for SM-9Pro+ Super Metal with controls, voltage modes, identity, and product imagery"
"Radial Tonebone","Classic","https://www.radialeng.com/product/classic","Exact Radial manufacturer legacy page for Tonebone Classic tube distortion with product image and discontinued status"
"Voodoo Lab","Superfuzz","https://voodoolab.com/wp-content/uploads/2022/08/superfuzz_manual-1.pdf","Exact Voodoo Lab manual for Superfuzz with product identity and product imagery"
"TC Electronic","Honey Pot Fuzz","https://www.sweetwater.com/store/detail/HoneyPotFuzz--tc-electronic-honey-pot-fuzz-pedal","Exact-model retailer page for Honey Pot Fuzz with product identity and imagery"
"Stomp Under Foot","Halo Bender","https://stompunderfoot.com/blogs/blog/evolution-of-the-dire-wolf","Exact manufacturer history page documenting the Halo Bender Distortion origin and pedal imagery"
"VFE Pedals","The Scream","https://www.effectsdatabase.com/model/vfe/thescream","Exact Effects Database page for VFE The Scream with model identity, circuit description, controls, and imagery"
"Pigtronix","Gas Giant","https://www.pigtronix.com/pedals/gas-giant/","Exact Pigtronix manufacturer page for Gas Giant Analog Jumbo Fuzz with product imagery and technical specifications"
"Pigtronix","Octava","https://www.pigtronix.com/pedals/octava/","Exact Pigtronix manufacturer page for Octava Analog Octave Fuzz with product imagery and technical specifications"
"Radial Engineering / Tonebone","Bassbone OD","https://www.radialeng.com/product/bassbone-od/","Exact manufacturer product page with product imagery"
"Radial Engineering / Tonebone","Bones London Dual-Mode Distortion","https://www.radialeng.com/product/bones-london","Exact manufacturer legacy product page with product imagery"
"Radial Engineering / Tonebone","Bones Texas Dual Mode Overdrive","https://www.effectsdatabase.com/model/radial/tonebone/bones/texas","Exact-model Effects Database page with pedal imagery"
"Radial Engineering / Tonebone","Tonebone Hot British","https://www.radialeng.com/product/hot-british-legacy","Exact manufacturer legacy product page with product imagery"
"Radial Engineering / Tonebone","Regency Overdrive and Boost","https://www.radialeng.com/product/regency","Exact manufacturer legacy product page with product imagery"
"Radial Engineering / Tonebone","Tonebone Plexitube","https://www.radialeng.com/product/plexitube/specifications","Exact manufacturer Plexitube page with product imagery"
"ReevesElectro","2n2FACE Silicon FuzzFace","https://reeveselectro.co.uk/products/2n2face-silicon-fuzzface","Exact manufacturer product page with multiple product images"
"Radial Engineering / Tonebone","Tonebone Plexitube","https://www.radialeng.com/product/plexitube/faq","Exact manufacturer Plexitube page with product imagery"
"ReevesElectro","2n2FACE Silicon FuzzFace","https://reeveselectro.co.uk/pages/user-documentation","Exact manufacturer documentation page with product imagery"
"ReevesElectro","Leo Twelve","https://reeveselectro.co.uk/collections/pedals","Exact manufacturer pedal collection with product imagery"
"ReevesElectro","ZO Zonk Machine MK2","https://reeveselectro.co.uk/products/zo-zonk-machine-mk2-silicon-fuzz-with-nos-transistors","Exact manufacturer product page with multiple product images"
"Retro Mechanical Labs","432k Rev 2.1 Distortion","https://rmlfx.com/432k-rev-2-1-b-stock/","Exact manufacturer product page with exact-model imagery"
"Reuss Musical Instruments","Backslide Overdrive","https://www.reusseffects.com/products/backslide","Exact manufacturer product page with product imagery"
"RYRA","The Klone V2","https://www.long-mcquade.com/GearHunter/827338/RYRA-THE-KLONE-PEDAL.htm","Exact-model retailer record with product imagery"
"SBGO Effects","Creamy Fuzz","https://sbgo-effects.com/en/","Exact manufacturer site with Creamy Fuzz imagery"
"Sitek Guitar Electronics","Wuffy Fuzzy Distortion","https://www.sitek.rocks/product/wuffy-distortion/","Exact manufacturer product page with pedal imagery"
"TONECAT","Brutus","https://www.tonecat.life/shop/p/tonecat-brutus-overdrive","Exact manufacturer product page with BRUTUS product imagery"
"Vemuram","Myriad w/loop Fuzz Pedal","https://www.visionguitar.com/products/vemuram-myriad-josh-smith-signature-fuzz-pedal-loop-dry-mix","Exact-model retailer page with multiple Myriad product images"
"Vemuram","Myriad w/loop Fuzz Pedal — fuzz / loop-mix identity","https://www.peachguitars.com/vemuram-myriad-josh-smith-signature-hybrid-fuzz-loop-mix-pedal.htm","Exact-model retailer page with product imagery"
"Visual Sound / Truetone","Angry Fuzz","https://www.effectsdatabase.com/model/visualsound/angryfuzz","Exact-model Effects Database page with product imagery"
"Visual Sound / Truetone","Jekyll & Hyde","https://www.effectsdatabase.com/model/visualsound/jekyllhyde","Exact-model Effects Database page with version imagery"
"Visual Sound / Truetone","Jekyll & Hyde (original)","https://www.pedal-of-the-day.com/2014/03/15/visual-sound-jekyll-hyde-overdrive-v1/visualsound_jekyllhyde/","Exact-model V1 image page"
"Visual Sound / Truetone","Open Road","https://www.sweetwater.com/store/detail/OpenRoadOD--visual-sound-open-road-overdrive-pedal","Exact-model retailer page with product imagery"
"Visual Sound / Truetone","Son of Hyde","https://truetone.com/wp-content/uploads/2017/10/V2-Son-of-Hyde-Sample-Settings.pdf","Exact-model manufacturer PDF containing product imagery"
"Visual Sound / Truetone","V2 Jekyll & Hyde","https://www.truetone.com/MANUALS/V3JH-Instructions-rev-2.pdf","Manufacturer manual with Jekyll & Hyde imagery"
"Visual Sound / Truetone","VS-XO","https://www.bax-shop.nl/downloads/products/9000-0007-0767/visual_sound_vs_xo_premium_dual_overdrive_manual.pdf","Exact-model manual with pedal imagery"
"Walrus Audio","Ages Five-State Overdrive — Overdrive","https://www.walrusaudio.com/collections/all-effect-pedals/products/ages-five-state-overdrive","Exact manufacturer page with product imagery"
"Walrus Audio","Eons Five-State Fuzz — Fuzz","https://www.walrusaudio.com/collections/overdrive-fuzz-distortion/products/eons-five-state-fuzz","Exact manufacturer page with product imagery"
"Visual Sound / Truetone","V2 Son of Hyde","https://www.guitarcenter.com/Visual-Sound/V2-Series-V2SOH-Son-of-Hyde-Distortion-Guitar-Effects-Pedal-1274115035989.gc","Exact-model retailer archive with product imagery"
"Vemuram","Myriad — fuzz / hybrid fuzz + loop identity","https://allthepedals.com/pedals/vemuram-myriad","Exact-model archival reference with product imagery"
"Stomp Under Foot","La Scatola Nero","https://www.guitarpedalx.com/news/gpx-blog/guitar-pedal-directory---favourite-pedals-by-preferred-pedal-makers","Exact-model directory with pedal imagery"
"Tone Hungry Effects","Hot Molasses Mini Overdrive","https://www.guitarpedalx.com/news/gpx-blog/best-of-canadian-guitar-pedals-and-pedal-builders","Exact-model directory with pedal imagery"
"Visual Sound / Truetone","V2 Son of Hyde","https://www.truetone.com/MANUALS/V3JH-Instructions-rev-2.pdf","Manufacturer manual with Jekyll & Hyde / Son of Hyde imagery and lineage"
"Pigtronix","Philosopher's Gold","https://www.pigtronix.com/pedals/philosophers-gold/","Exact manufacturer product page with product imagery"
"Radial Engineering / Tonebone","Tonebone Classic","https://www.radialeng.com/product/classic","Exact manufacturer legacy product page with product imagery"
"Suhr","Rufus Fuzz","https://www.suhr.com/product-archive/archived-pedals/suhr-rufus-fuzz/","Exact manufacturer archive page with product imagery"
"Tech 21 NYC","Hot-Rod Plexi","https://www.tech21nyc.com/archive/hot-rod-plexi/","Exact manufacturer archive page with product imagery"
"Voodoo Lab","Superfuzz","https://voodoolab.com/product/superfuzz/","Exact manufacturer product page with product imagery"
"Walrus Audio","Kangra Filter Fuzz","https://www.effectsdatabase.com/model/walrus/kangra","Exact-model Effects Database page with pedal imagery"
"Wampler Pedals","cataPulp","https://www.wamplerpedals.com/downloads/","Exact manufacturer downloads page with cataPulp documentation"
"Wampler Pedals","Thirty Something","https://www.wamplerpedals.com/wp-content/uploads/2019/11/thirty_something.pdf","Exact manufacturer manual with product imagery"
"Visual Sound / Truetone","Jekyll & Hyde","https://www.audiomaster.sk/files/product/2/15/3244/data/VSO_V2JH_dok_1.pdf","Exact V2 manufacturer manual with Jekyll & Hyde product imagery"
"Stomp Under Foot","La Scatola Nero","https://www.chicagomusicexchange.com/products/stomp-under-foot-la-scatola-nera-octave-fuzz-pedal-1124057","Exact-model retailer page with multiple product images"
"Way Huge","Red Llama 3.0","https://www.jimdunlop.com/wm23-way-huge-smalls-red-llama/","Exact manufacturer WM23 page with product imagery"
"Radial Engineering / Tonebone","Tonebone Plexitube","https://www.guitarcenter.com/Radial-Engineering/Tonebone-Plexitube-Distortion-Pedal-1274228072037.gc","Exact-model retailer page with multiple Plexitube product images"
"Pigtronix","Gas Giant","https://www.pigtronix.com/uploads/pigtronix/2025/04/GAS_Gas_Giant_Manual-1.pdf","Exact manufacturer manual with Gas Giant product imagery"
"Colorsound / Sola Sound","Sola Sound Tone Bender","https://www.gbase.com/gear/colorsound-sola-sound-tone-bender-1973-grey","Exact-model 1973 Sola Sound Tone Bender auction archive with product imagery"
"Vemuram","Oz","https://intl.ishibashi.co.jp/products/03-2800005251807","Exact-model retailer listing with Oz product imagery"
"Vemuram","SHANKS ODS-1 — overdrive","https://www.effectsdatabase.com/model/vemuram/shanks/ods1","Exact-model Effects Database page with Shanks ODS-1 imagery"
"Vertex Effects","Steel String","https://www.vertexeffects.com/steel-string-ii","Exact manufacturer page with Steel String MKII imagery"
"VOX","Cutting Edge","https://voxamps.com/product/cutting-edge/","Exact manufacturer product page with Cutting Edge imagery"
"Maxon","SM-9 Pro+","https://www.muziker.com/maxon-sm-9-pro-plus-super-metal","Exact-model retailer page with SM-9 Pro+ product imagery"
"Outlaw Effects","Cactus Juice 2-Mode Overdrive","https://www.outlaweffects.com/cactusjuice","Exact manufacturer product page with multiple product images"
"Pettyjohn Electronics","RAIL","https://www.pettyjohnelectronics.com/v3demos","Exact manufacturer demo page with RAIL imagery"
"Pigtronix","Philosopher's Gold","https://www.guitarcenter.com/Pigtronix/Philosophers-Gold-Compression-Effects-Pedal-Gold-1500000362803.gc","Exact-model retailer page with multiple product images"
"Vemuram","Shanks 4K — fuzz","https://www.effectsdatabase.com/model/vemuram/shanks/4k","Exact-model Effects Database page with product imagery"
"Xotic Effects","BB Preamp V1.5 — Boost / Overdrive","https://xotic.us/effects/bb-preamp/","Exact manufacturer page with BB Preamp V1.5 imagery"
"Mad Professor Amplification","Fire Red Fuzz","https://www.effectsdatabase.com/model/madprofessor/fireredfuzz","Exact-model Effects Database page with Fire Red Fuzz imagery"
"Rocktron","Rampage","https://www.rocktron.com/rocktron-rampage-distortion/","Exact manufacturer page with Rampage imagery"
"Walrus Audio","Kangra Filter Fuzz","https://www.sweetwater.com/store/detail/KangraFuzz--walrus-audio-kangra-filter-fuzz-pedal","Exact-model retailer archive with multiple Kangra product images"
"Visual Sound / Truetone","Route 66","https://pedalfilter.com/visual-sound/route-66","Exact-model reference with Route 66 product imagery"
"Radial Engineering / Tonebone","Bassbone OD","https://www.chicagomusicexchange.com/en-gb/products/radial-tonebone-bassbone-od-55175","Exact-model Chicago Music Exchange listing with clear Bassbone OD product photography"
"Visual Sound / Truetone","VS-XO","https://topshelfinstruments.com.au/products/visual-sound-vs-xo-overdrive-pedal","Exact-model archive listing with multiple clear VS-XO photographs"
"Tone Hungry Effects","Hot Molasses Mini Overdrive","https://www.acousticmusicshop.com/products/tone-hungry-effects-hot-molasses-overdrive-used","Exact-model used listing with multiple clear Hot Molasses photographs"
"Dwarfcraft Devices","Abaddon","https://www.effectsdatabase.com/model/dwarfcraft/abaddon","Exact-model Effects Database page with Abaddon imagery"
"Greer Amps","Sweetback Driver","https://www.effectsdatabase.com/model/greer/sweetbackdriver","Exact-model Effects Database page with Sweetback Driver imagery"
"Pigtronix","Philosopher’s Gold","https://www.pigtronix.com/pedals/philosophers-gold/","Exact manufacturer page with Philosopher’s Gold product imagery"
"Pigtronix","Philosopher's Tone 2","https://www.pigtronix.com/pedals/philosophers-tone-2/","Exact manufacturer page with Philosopher’s Tone 2 product imagery"
"Revv Amplification","G4","https://revvamplification.com/products/g4-v2","Exact manufacturer G4 V2 page with product imagery"
"Stomp Under Foot","Supa Dirty Rooster","https://reverb.com/item/92369867-stomp-under-foot-supa-dirty-rooster-fuzz","Exact-model Reverb listing with Supa Dirty Rooster imagery"
"Stomp Under Foot","Windhand Fuzz","https://reverb.com/item/2096955-stomp-under-foot-windhand-fuzz-purple-sparkle","Exact-model Reverb listing with Windhand Fuzz imagery"
"ThorpyFX","Cogmeister","https://ebay.co.uk/itm/267781512536","Exact-model archival listing with Cogmeister imagery"
"Vertex Effects","Ultra Phonix","https://www.guitarcenter.com/Used/Vertex-Effects/Used-Vertex-Effects-Ultra-Phonix-Overdrive-Effect-Pedal.gc","Exact-model retailer listing with Ultra Phonix imagery"
"Walrus Audio","Ages Five-State Overdrive","https://www.walrusaudio.com/collections/all-effect-pedals/products/ages-five-state-overdrive","Exact manufacturer page with Ages imagery"
"Way Huge","Smalls Green Rhino MKV","https://www.jimdunlop.com/smalls-green-rhino-mkv-overdrive/","Exact manufacturer product page with Green Rhino MKV imagery"
"WMD Devices","Geiger Counter","https://wmdevices.com/products/geiger-counter-pro","Exact manufacturer Geiger Counter Pro page with product imagery; verify exact generation before promotion"
"Ampeg","A-1 Distortion","https://www.effectsdatabase.com/model/ampeg/a/1","Exact-model Effects Database page with A-1 imagery"
"B85 Audio","Oktadrive","https://www.b85audio.cz/oktadrive/","Exact manufacturer Oktadrive page with product imagery"
"B85 Audio","Red Lama","https://www.effectsdatabase.com/model/b85/redlama","Exact-model Effects Database page with Red Lama imagery"
"Backbeat Electric","Bass Driver","https://www.effectsdatabase.com/model/backbeat/bassdriver","Exact-model Effects Database page with Bass Driver imagery"
"Beetronics","Abelha Tropical Fuzz","https://www.beetronicsfx.com/products/abelha-tropical-fuzz","Exact manufacturer product page with Abelha imagery"
"Beetronics","Fatbee Overdrive","https://www.beetronicsfx.com/products/fatbee-overdrive","Exact manufacturer product page with Fatbee imagery"
"Beetronics","Nectar Tone Sweetener Drive/Fuzz","https://www.beetronicsfx.com/products/nectar-tone-sweetener","Exact manufacturer product page with Nectar imagery"
"Beetronics","Octahive V1 Upper Octave Fuzz","https://www.beetronicsfx.com/products/octahive-v1","Exact-model historical/manufacturer product page with Octahive V1 imagery"
"Stomp Under Foot","Supa Dirty Rooster","https://www.effectsdatabase.com/model/stompunderfoot/dirtyrooster/supa","Exact-model Effects Database page with Supa Dirty Rooster imagery"
"Beetronics","Octahive v2 High Octave Buzz","https://www.beetronicsfx.com/products/octahive-v2-high-octave-fuzz-p-babee-series","Exact manufacturer product page with Octahive v2 imagery"
"Beetronics","Overhive Mid-Gain Overdrive","https://www.beetronicsfx.com/products/overhive-mid-gain-overdrive-the-blackbee-edition","Exact manufacturer product page with Overhive imagery"
"Beetronics","Swarm Fuzz Harmonizer","https://www.beetronicsfx.com/products/swarm","Exact manufacturer product page with Swarm imagery"
"Beetronics","Tuna Fuzz","https://www.beetronicsfx.com/products/tuna-fuzz","Exact manufacturer product page with Tuna Fuzz imagery"
"Beetronics","Vezzpa Octave Stinger","https://www.beetronicsfx.com/products/vezzpa-octave-stinger-babee-series","Exact manufacturer product page with Vezzpa imagery"
"Beetronics","Swarm Fuzz Harmonizer","https://www.beetronicsfx.com/products/swarm-fuzz-harmonizer-custom-shop-p-sw2178","Exact manufacturer Swarm product page with product imagery"
"Beetronics","Wannabee Beelateral Buzz","https://www.beetronicsfx.com/products/wannabee-beelateral-buzz-bee-stock","Exact manufacturer Wannabee product page with product imagery"
"Beetronics","Zzombee Filtremulator","https://www.beetronicsfx.com/pages/manuals","Exact manufacturer manuals page documenting Zzombee, with product imagery in the associated materials"
"Behringer","TO100 Tube Overdrive","https://www.effectsdatabase.com/model/behringer/compact/to100","Exact-model Effects Database page with product imagery"
"Behringer","VD1 Vintage Distortion","https://www.effectsdatabase.com/model/behringer/vintage/vd1","Exact-model Effects Database page with product imagery"
"Blackbox Music Electronics","Cobalt","https://www.effectsdatabase.com/model/blackbox/cobalt","Exact-model Effects Database page with product imagery"
"Blackbox Music Electronics","Ultraviolet","https://www.effectsdatabase.com/model/blackbox/ultraviolet","Exact-model Effects Database page with product imagery"
"Blackbox Music Electronics","Ultraviolet 2","https://www.effectsdatabase.com/model/blackbox/ultraviolet2","Exact-model Effects Database page with product imagery"
"Blackbox Music Electronics","X-Ray Bass!","https://www.effectsdatabase.com/model/blackbox/xray/bass","Exact-model Effects Database page with product imagery"
"BOSS","MT-2-3A 30th Anniversary Metal Zone","https://www.sweetwater.com/store/detail/MT23A--boss-mt-2-3a-30th-anniversary-metal-zone-distortion-pedal?cond=MT23Ad1","Exact-model retailer page with product imagery"
"Carlsbro","Suzz-Phase","https://www.effectsdatabase.com/model/carlsbro/alu/suzzphase","Exact-model Effects Database page with product imagery"
"Crazy Tube Circuits","Killer V","https://crazytubecircuits.com/killerv","Exact manufacturer Killer V page with product imagery"
"Crazy Tube Circuits","Sidekick","https://crazytubecircuits.com/sidekick-jr","Exact manufacturer Sidekick page with product imagery"
"Crazy Tube Circuits","White Whale","https://crazytubecircuits.com/white-whale-v2","Exact manufacturer White Whale V2 page with product imagery"
"Crazy Tube Circuits","White Whale v2","https://crazytubecircuits.com/white-whale-v2","Exact manufacturer White Whale V2 page with product imagery"
"Darkglass Electronics","Alpha-Omega Ultra","https://www.effectsdatabase.com/model/darkglass/alphaomega","Exact-model Effects Database page with product imagery"
"Devi Ever FX","BDSM - Big Distortion Sound Machine","https://www.effectsdatabase.com/model/deviever/bdsm","Exact-model Effects Database page with product imagery"
"Devi Ever FX","BIT Legend Of Fuzz","https://malibumusic.com/products/devi-ever-fx-bit-legend-of-fuzz","Exact-model retailer page with product imagery"
"Devi Ever FX","Cherry Pop","https://www.effectsdatabase.com/model/deviever/cherrypop","Exact-model Effects Database page with product imagery"
"Devi Ever FX","DF Disaster Fuzz","https://www.effectsdatabase.com/model/deviever/df","Exact-model Effects Database page with product imagery"
"Devi Ever FX","Disaster Fuzz","https://www.effectsdatabase.com/model/deviever/disasterfuzz","Exact-model Effects Database page with product imagery"
"Devi Ever FX","DN Destructo Noctavia","https://www.effectsdatabase.com/model/deviever/dn","Exact-model Effects Database page with product imagery"
"Devi Ever FX","Fuzz","https://www.effectsdatabase.com/model/deviever/fuzz","Exact-model Effects Database page with product imagery"
"Devi Ever FX","God Zilla","https://www.musicriff.com/product/devi-ever-fx-gza-god-zilla-dual-mode-fuzz-guitar-effect-pedal/","Exact-model retailer page with product imagery"
"Black CAT Amps","METAL CORE","https://blackcatamps.com/about-us","Exact manufacturer history page naming METAL CORE as the first pedal"
"Devi Ever FX","EB Electric Brown","https://www.effectsdatabase.com/model/deviever","Exact Devi Ever model index for EB Electric Brown"
"Devi Ever FX","Eye of God","https://www.effectsdatabase.com/model/deviever","Exact Devi Ever model index for Eye of God"
"Devi Ever FX","Hyperion","https://deviever.net/products/devi-ever-fx-hyperion","Exact manufacturer product page with Hyperion imagery"
"Devi Ever FX","Hypnomangler","https://www.effectsdatabase.com/model/deviever/hypnomangler","Exact-model Effects Database page with Hypnomangler imagery"
"Devi Ever FX","Mirro Safety Bag Fuzz","https://www.effectsdatabase.com/model/deviever","Exact Devi Ever model index for Mirro Safety Bag Fuzz"
"Devi Ever FX","PEEP","https://www.effectsdatabase.com/model/deviever/peep","Exact-model Effects Database page with PEEP imagery"
"Devi Ever FX","Punch Hate","https://www.effectsdatabase.com/model/deviever/punchhate","Exact-model Effects Database page with Punch Hate imagery"
"Devi Ever FX","Rocket","https://www.chordtrekker.com/product/devi-ever-fx-rocket-dual-circuit-fuzz-with-tremolo-guitar-effect-pedal/","Exact-model retailer page with Rocket imagery"
"Devi Ever FX","Ruby","https://reverb.com/item/88917314-devi-ever-fx-ruby","Exact-model Reverb listing with Ruby imagery"
"Devi Ever FX","SM Soda Meiser","https://www.effectsdatabase.com/model/deviever","Exact Devi Ever model index for SM Soda Meiser"
"Devi Ever FX","Soda Might","https://www.effectsdatabase.com/model/deviever/sodamight","Exact-model Effects Database page with Soda Might imagery"
"Devi Ever FX","Stimulus Fuzz","https://www.effectsdatabase.com/model/deviever","Exact Devi Ever model index for Stimulus Fuzz"
"Devi Ever FX","Super Massive Black Hole","https://www.effectsdatabase.com/model/deviever","Exact Devi Ever model index for Super Massive Black Hole"
"Devi Ever FX","The Ion","https://www.effectsdatabase.com/model/deviever","Exact Devi Ever model index for The Ion"
"Devi Ever FX","The Wolf - Bass Fuzz","https://www.effectsdatabase.com/model/deviever","Exact Devi Ever model index for The Wolf"
"Devi Ever FX","ZG Zero Good","https://www.effectsdatabase.com/model/deviever","Exact Devi Ever model index for ZG Zero Good"
"JHS Pedals","Bunrunner 2 in 1","https://jhspedals.info/products/bunrunner-hand-paint","Exact manufacturer Bunrunner page with product imagery"
"JHS Pedals","Calhoun V2","https://jhspedals.info/products/calhoun-hand-paint","Exact manufacturer Calhoun page with product imagery"
"JHS Pedals","Mini Foot Fuzz V1","https://jhspedals.info/collections/discontinued-rare?page=2","Exact JHS discontinued/rare archive page for the historical Mini Foot Fuzz record"
"JHS Pedals","Pandamonium","https://jhspedals.info/products/pandamonium","Exact manufacturer Pandamonium page with product imagery"
"Devi Ever FX","Rocket","https://www.musicriff.com/product/devi-ever-fx-rocket-dual-circuit-fuzz-with-tremolo-guitar-effect-pedal/","Exact-model retailer page with product imagery"
"Dinosaural","OPA-101 Overdriven Pre-Amp","https://www.effectsdatabase.com/model/dinosaural","Exact-model Effects Database/Dinosaural archive page with product imagery"
"Dinosaural","Tube Bender","https://www.effectsdatabase.com/model/dinosaural","Exact-model Effects Database/Dinosaural archive page with product imagery"
"Fairfield Circuitry","Four Eyes Fuzz","https://fairfieldcircuitry.com/products/900","Exact manufacturer Four Eyes Fuzz product page with product imagery"
"Fortin Amplification","Fourteen","https://www.effectsdatabase.com/model/fortin/fourteen","Exact-model Effects Database page with product imagery"
"Fortin Amplification","Kali","https://www.effectsdatabase.com/model/fortin/kali","Exact-model Effects Database page with product imagery"
"Fortin Amplification","Natas Distortion","https://www.effectsdatabase.com/model/fortin/natas","Exact-model Effects Database page with product imagery"
"Himmelstrutz Elektro Art","Under Over","https://www.himmelstrutz.com/download/","Exact manufacturer documentation/download page for Under Over"
"Himmelstrutz Elektro Art","Under Overdriver","https://www.himmelstrutz.com/download/","Exact manufacturer documentation/download page for Under Overdriver"
"Hudson Electronics","BC-24V-PG","https://hudsonelectronicsuk.com/product/bc-24v-pg/","Exact manufacturer BC-24V-PG product page with product imagery"
"Hudson Electronics","BC-24V-USA","https://hudsonelectronicsuk.com/product/bc-24v-usa/","Exact manufacturer BC-24V-USA product page with product imagery"
"J. Rockett Audio Designs","iKon","https://rockettpedals.com/","Manufacturer archive/site reference for iKon"
"J. Rockett Audio Designs","Rockaway Archer","https://rockettpedals.com/","Manufacturer archive/site reference for Rockaway Archer"
"Jackson Audio","1484 - Twin Twelve Pedal","https://jackson.audio/collections/pedals","Manufacturer pedal collection reference for 1484 Twin Twelve"
"Mad Professor Amplification","Little Green Wonder Handwired","https://mpamp.com/product/102/little-green-wonder-handwired","Exact manufacturer Handwired Little Green Wonder product page with product imagery"
"Mad Professor Amplification","Royal Blue Overdrive","https://mpamp.com/product/10/royal-blue-overdrive","Exact manufacturer Royal Blue Overdrive product page with product imagery"
"Mad Professor Amplification","Royal Blue Overdrive Custom","https://kc-music.jp/mad-professor/royal-blue-overdrive-custom.html","Exact-model retailer page with Royal Blue Overdrive Custom product imagery"
"Mad Professor Amplification","Ruby Red Booster","https://mpamp.com/product/41/ruby-red-booster","Exact manufacturer Ruby Red Booster product page with product imagery"
"Mad Professor Amplification","Simble Overdrive Mk2","https://mpamp.com/product/62/simble-overdrive-mk2","Exact manufacturer Simble Mk2 product page with product imagery"
"Mad Professor Amplification","Super Black","https://reverb.com/item/100487324-mad-professor-amplification-super-black-mini-preamp-overdrive-pedal-new-black","Exact-model Reverb reference for Super Black family imagery; use only where the photographed version matches the catalog record"
"Mad Professor Amplification","Super Black mini","https://reverb.com/item/100487324-mad-professor-amplification-super-black-mini-preamp-overdrive-pedal-new-black","Exact-model Reverb listing with Super Black Mini product imagery"
"Lovetone","Big Cheese","https://www.effectsdatabase.com/model/lovetone/bigcheese","Exact-model Effects Database page with product imagery"
"Lovetone","Brown Source","https://www.effectsdatabase.com/model/lovetone/brownsource","Exact-model Effects Database page with product imagery"
"Lovetone","Cheese Source","https://www.rockboard.de/en/pedalPedia/Lovetone/The-Cheese-Source/8376018101/","Exact-model RockBoard PedalPedia page with product imagery"
"Lovetone","Ring Stinger","https://www.effectsdatabase.com/model/lovetone/ringstinger","Exact-model Effects Database page with product imagery"
"Mad Professor Amplification","Sweet Honey Overdrive","https://mpamp.com/product/1/sweet-honey-overdrive","Exact manufacturer Sweet Honey Overdrive product page with product imagery"
"Mad Professor Amplification","Sweet Honey Overdrive Japan Edition","https://mpamp.com/product/40/sweet-honey-overdrive-japan-limited-edition","Exact manufacturer Japan Limited Edition product page with product imagery"
"JHS Pedals","Kilt V1","https://jhspedals.info/products/kilt-v1-stug","Exact manufacturer Kilt V1 product page with product imagery"
"JHS Pedals","Ruby Red","https://jhspedals.info/products/ruby-red-butch-walker","Exact manufacturer Ruby Red product page with product imagery"
"JHS Pedals","SuperBolt V2","https://jhspedals.info/products/superbolt-v2","Exact manufacturer SuperBolt V2 product page with product imagery"
"JHS Pedals","Sweet Tea V3","https://jhspedals.info/products/sweet-tea-v3","Exact manufacturer Sweet Tea V3 product page with product imagery"
"JHS Pedals","Twin Twelve","https://jhspedals.info/collections/discontinued-rare?page=2","Exact JHS discontinued/rare archive page for Twin Twelve"
"KMA Machines","Chief Disruptor Bloodstone Edition","https://shop.kmamachines.com/pages/products","Manufacturer KMA product archive containing the exact Bloodstone edition"
"KMA Machines","LOGAN Desert","https://kmamachines.com/","Manufacturer KMA site/archive containing LOGAN Desert"
"KMA Machines","WURHM","https://kmamachines.com/","Manufacturer KMA site/archive containing WURHM"
"Land Devices","HP-2","https://landdevices.com/collections/catalog","Manufacturer Land Devices catalog containing exact HP-2"
"Land Devices","Hunter","https://landdevices.com/collections/catalog","Manufacturer Land Devices catalog containing exact Hunter"
"Land Devices","Moonbow","https://landdevices.com/collections/catalog","Manufacturer Land Devices catalog containing exact Moonbow"
"Maxon / Nisshin Onpa","D&S Distortion & Sustainer","https://maxonfx.com/products/reissue-series-effects-pedals-d-s-distortion-sustainer","Exact manufacturer D&S product page with product imagery"
"Maxon / Nisshin Onpa","D&S II Distortion & Sustainer","https://maxonfx.com/products/reissue-series-effects-pedals-d-s-ii-2-distortion-sustainer","Exact manufacturer D&S II product page with product imagery"
"Maxon / Nisshin Onpa","OD820 Overdrive Pro+","https://maxonfx.com/collections/nine-series/overdrive","Exact manufacturer 9-Series page containing OD820 imagery"
"Maxon / Nisshin Onpa","ROD881 Real Overdrive / Distortion","https://maxonfx.com/collections/real-tube-ii","Exact manufacturer Real Tube archive containing ROD881 imagery"
"LICHTLÆRM AUDIO",".Ritual.","https://lichtlaermaudio.com/shop/ritual","Exact manufacturer .Ritual. product page with product imagery"
"LICHTLÆRM AUDIO","Altar","https://lichtlaermaudio.com/shop/altar","Exact manufacturer Altar product page with product imagery"
"LICHTLÆRM AUDIO","Aquaria","https://lichtlaermaudio.com/shop/aquaria","Exact manufacturer Aquaria product page with product imagery"
"LICHTLÆRM AUDIO","Gehenna","https://lichtlaermaudio.com/shop","Manufacturer shop containing the exact Gehenna model"
"LICHTLÆRM AUDIO","Medusa","https://lichtlaermaudio.com/shop","Manufacturer shop containing the exact Medusa model"
"LICHTLÆRM AUDIO","Ragnarøk","https://lichtlaermaudio.com/shop","Manufacturer shop containing the exact Ragnarøk model"
"LICHTLÆRM AUDIO","The King in Yellow","https://lichtlaermaudio.com/shop","Manufacturer shop containing the exact The King in Yellow model"
"LICHTLÆRM AUDIO","Thorn","https://lichtlaermaudio.com/shop","Manufacturer shop containing the exact Thorn model"
"LICHTLÆRM AUDIO","Total Distortion Worship MKII","https://lichtlaermaudio.com/shop/tdw","Exact manufacturer TDW MKII product page with product imagery"
"Maxon / Nisshin Onpa","SD-9 Sonic Distortion / Overdrive","https://maxonfx.com/collections/nine-series/distortion","Exact Maxon 9-Series product catalog with SD-9 imagery"
"Lovepedal / Love Pedal","200lbs of Gold","https://www.lovepedal.com/","Manufacturer catalog for exact 200lbs of Gold model"
"Lovepedal / Love Pedal","5E3 Deluxe","https://www.lovepedal.com/","Manufacturer catalog for exact 5E3 Deluxe model"
"Lovepedal / Love Pedal","Amp 50","https://www.lovepedal.com/","Manufacturer catalog for exact Amp 50 model"
"Lovepedal / Love Pedal","Amp Eleven","https://www.lovepedal.com/","Manufacturer catalog for exact Amp Eleven model"
"Lovepedal / Love Pedal","COT 50 / Church of Tone 50","https://www.lovepedal.com/","Manufacturer catalog for exact COT 50 / Church of Tone 50"
"Lovepedal / Love Pedal","Dover Drive","https://www.lovepedal.com/","Manufacturer catalog for exact Dover Drive"
"Lovepedal / Love Pedal","Eternity Burst","https://www.lovepedal.com/","Manufacturer catalog for exact Eternity Burst"
"Lovepedal / Love Pedal","Eternity Overdrive","https://www.lovepedal.com/","Manufacturer catalog for exact Eternity Overdrive"
"Lovepedal / Love Pedal","FAB 50","https://www.lovepedal.com/","Manufacturer catalog for exact FAB 50"
"Stone Deaf FX","Fig Fumb","https://www.stonedeaffx.com/collections/all","Manufacturer catalog containing exact Fig Fumb product imagery"
"Stone Deaf FX","Fig Fumb LTD","https://www.stonedeaffx.com/collections/all","Manufacturer catalog containing exact Fig Fumb LTD product imagery"
"Stone Deaf FX","Rise & Shine","https://www.stonedeaffx.com/collections/all","Manufacturer catalog containing exact Rise & Shine product imagery"
"Stone Deaf FX","Trashy Blonde","https://www.stonedeaffx.com/pages/support","Manufacturer support/archive page containing exact Trashy Blonde references"
"Stone Deaf FX","Warp Drive","https://www.stonedeaffx.com/collections/distortion-pedals","Manufacturer distortion catalog containing exact Warp Drive imagery"
"Stone Deaf FX","Warp Drive LTD","https://www.stonedeaffx.com/collections/distortion-pedals","Manufacturer distortion catalog containing exact Warp Drive LTD imagery"
"Suhr","Shiba Drive Reloaded","https://www.suhr.com/electronics/pedals/overdrive/","Manufacturer overdrive catalog containing exact Shiba Drive Reloaded imagery"
"Vertex Effects","Dynamic Dist. MKII","https://www.vertexeffects.com/dynamic-distortion-seafoam","Exact manufacturer Dynamic Distortion MKII page with product imagery"
"Vertex Effects","Dynamic Distortion MKI","https://www.vertexeffects.com/dynamic-distortion","Exact manufacturer Dynamic Distortion MKI page with product imagery"
"Lovepedal / Love Pedal","Kalamazoo","https://www.lovepedal.com/","Manufacturer catalog for exact Kalamazoo"
"Lovepedal / Love Pedal","Mosferatu","https://www.lovepedal.com/","Manufacturer catalog for exact Mosferatu"
"Lovepedal / Love Pedal","Purple Plexi","https://www.lovepedal.com/","Manufacturer catalog for exact Purple Plexi"
"Lovepedal / Love Pedal","Super Six","https://www.lovepedal.com/","Manufacturer catalog for exact Super Six"
"Lovepedal / Love Pedal","Tchula","https://www.lovepedal.com/","Manufacturer catalog for exact Tchula"
"Lovepedal / Love Pedal","Tiki Drive","https://www.lovepedal.com/","Manufacturer catalog for exact Tiki Drive"
"Lovepedal / Love Pedal","Zendrive","https://www.lovepedal.com/","Manufacturer catalog for exact Zendrive"
"Lovepedal / Love Pedal","Zendrive 2","https://www.lovepedal.com/","Manufacturer catalog for exact Zendrive 2"
"Mad Professor Amplification","Little Green Wonder","https://mpamp.com/product/102/little-green-wonder-handwired","Exact manufacturer product page for Little Green Wonder Handwired"
"Maxon / Nisshin Onpa","DS830 Distortion Master","https://maxonfx.com/","Manufacturer catalog for exact DS830"
"Maxon / Nisshin Onpa","Fuzz Elements Air","https://maxonfx.com/","Manufacturer catalog for exact Fuzz Elements Air"
"Maxon / Nisshin Onpa","Fuzz Elements Earth","https://maxonfx.com/","Manufacturer catalog for exact Fuzz Elements Earth"
"Maxon / Nisshin Onpa","Fuzz Elements Ether","https://maxonfx.com/","Manufacturer catalog for exact Fuzz Elements Ether"
"Maxon / Nisshin Onpa","Fuzz Elements Fire","https://maxonfx.com/","Manufacturer catalog for exact Fuzz Elements Fire"
"Maxon / Nisshin Onpa","Fuzz Elements Void","https://maxonfx.com/","Manufacturer catalog for exact Fuzz Elements Void"
"Backbeat Electric","Bass Driver","https://www.backbeat-electric.com/bass_driver.html","Exact manufacturer Bass Driver page with product imagery"
"Beetronics","Nectar Tone Sweetener Drive/Fuzz","https://www.beetronicsfx.com/collections/all-pedals-1","Manufacturer catalog containing exact Nectar Tone Sweetener imagery"
"Beetronics","Octahive V1 Upper Octave Fuzz","https://www.beetronicsfx.com/collections/all-pedals-1","Manufacturer catalog containing exact historical Octahive imagery"
"Beetronics","Zzombee Filtremulator","https://www.beetronicsfx.com/collections/all-pedals-1","Manufacturer catalog containing exact Zzombee imagery"
"Maxon / Nisshin Onpa","Fuzz Elements Water","https://maxonfx.com/","Manufacturer catalog containing exact Fuzz Elements Water"
"Maxon / Nisshin Onpa","Fuzz Elements Wind","https://maxonfx.com/","Manufacturer catalog containing exact Fuzz Elements Wind"
"Maxon / Nisshin Onpa","OD808","https://maxonfx.com/","Manufacturer catalog containing exact OD808"
"Maxon / Nisshin Onpa","OD808X","https://maxonfx.com/","Manufacturer catalog containing exact OD808X"
"Maxon / Nisshin Onpa","RTD800 Real Tube Distortion","https://maxonfx.com/","Manufacturer catalog containing exact RTD800"
"Maxon / Nisshin Onpa","RTO700 Real Tube Overdrive","https://maxonfx.com/","Manufacturer catalog containing exact RTO700"
"Maxon / Nisshin Onpa","SM-9Pro Super Metal Pro+","https://maxonfx.com/","Manufacturer catalog containing exact SM-9Pro Super Metal Pro+"
"Maxon / Nisshin Onpa","ST9Pro+ Super Tube Overdrive Pro+","https://maxonfx.com/","Manufacturer catalog containing exact ST9Pro+"
"Mid-Fi Electronics / Doug Tuttle","Another/An-other (Fuzz Version)","https://www.midfielectronics.com/","Manufacturer catalog for exact Another/An-other fuzz"
"Mid-Fi Electronics / Doug Tuttle","Clari(not) Fuzz","https://www.midfielectronics.com/","Manufacturer catalog for exact Clari(not) Fuzz"
"Mid-Fi Electronics / Doug Tuttle","Cocoon","https://www.midfielectronics.com/","Manufacturer catalog for exact Cocoon"
"Mid-Fi Electronics / Doug Tuttle","Country Fuzz","https://www.midfielectronics.com/","Manufacturer catalog for exact Country Fuzz"
"Mid-Fi Electronics / Doug Tuttle","Demo Tape Fuzz","https://www.midfielectronics.com/","Manufacturer catalog for exact Demo Tape Fuzz"
"Mid-Fi Electronics / Doug Tuttle","Faulty Channel","https://www.midfielectronics.com/","Manufacturer catalog for exact Faulty Channel"
"Mid-Fi Electronics / Doug Tuttle","Full Frequency Overdrive","https://www.midfielectronics.com/","Manufacturer catalog for exact Full Frequency Overdrive"
"Mid-Fi Electronics / Doug Tuttle","Fuzz Wall","https://www.midfielectronics.com/","Manufacturer catalog for exact Fuzz Wall"
"Mid-Fi Electronics / Doug Tuttle","Glitch Computer","https://www.midfielectronics.com/","Manufacturer catalog for exact Glitch Computer"
"Mid-Fi Electronics / Doug Tuttle","Hieracium","https://www.midfielectronics.com/","Manufacturer catalog for exact Hieracium"
"Mid-Fi Electronics / Doug Tuttle","House Amp","https://www.midfielectronics.com/","Manufacturer catalog for exact House Amp"
"Mid-Fi Electronics / Doug Tuttle","Magick ""i""","https://www.midfielectronics.com/","Manufacturer catalog for exact Magick i"
"J. Rockett Audio Designs","iKon","https://rockettpedals.com/wp-content/uploads/2022/12/ikon-manual.pdf","Exact manufacturer Archer Ikon manual with product imagery and exact model identity"
"Mid-Fi Electronics / Doug Tuttle","Peace Gun","https://www.midfielectronics.com/","Manufacturer catalog for exact Peace Gun"
"Mid-Fi Electronics / Doug Tuttle","Psych Byke","https://www.midfielectronics.com/","Manufacturer catalog for exact Psych Byke"
"Mid-Fi Electronics / Doug Tuttle","Random Number Generator","https://www.midfielectronics.com/","Manufacturer catalog for exact Random Number Generator"
"Mid-Fi Electronics / Doug Tuttle","Rise/OverRun","https://www.midfielectronics.com/","Manufacturer catalog for exact Rise/OverRun"
"Mid-Fi Electronics / Doug Tuttle","What?","https://www.midfielectronics.com/","Manufacturer catalog for exact What?"
"Mid-Fi Electronics / Doug Tuttle","Yard Sale","https://www.midfielectronics.com/","Manufacturer catalog for exact Yard Sale"
"Origin Effects","Bassrig '64 Black Panel","https://origineffects.com/product-category/overdrive/","Manufacturer product catalog containing exact Bassrig '64 Black Panel"
"Origin Effects","Bassrig Fifteen","https://origineffects.com/product-category/overdrive/","Manufacturer product catalog containing exact Bassrig Fifteen"
"Old Blood Noise Endeavors","Haunt Fuzz w/ Clickless Switching","https://www.oldbloodnoise.com/pedals/haunt","Manufacturer product page for exact Haunt Fuzz variant"
"Origin Effects","Bassrig Super Vintage","https://origineffects.com/product-category/overdrive/","Manufacturer product catalog containing exact Bassrig Super Vintage"
"Origin Effects","RevivalDRIVE","https://origineffects.com/manuals/","Manufacturer manual/catalog archive for exact RevivalDRIVE"
"Origin Effects","RevivalDRIVE Hot Rod Edition","https://origineffects.com/manuals/","Manufacturer manual/catalog archive for exact RevivalDRIVE Hot Rod Edition"
"Pete Cornish","BD-1","https://www.petecornish.co.uk/GreySeries.html","Manufacturer Grey Series page containing exact BD-1"
"Pete Cornish","CC-1","https://www.petecornish.co.uk/GreySeries.html","Manufacturer Grey Series page containing exact CC-1"
"Pete Cornish","G-2","https://www.petecornish.co.uk/SAEG-2.html","Manufacturer exact G-2 page"
"Pete Cornish","GC-1","https://www.petecornish.co.uk/GreySeries.html","Manufacturer Grey Series page containing exact GC-1"
"Pete Cornish","NG-2","https://www.petecornish.co.uk/GreySeries.html","Manufacturer Grey Series page containing exact NG-2"
"Pete Cornish","NG-3","https://petecornish.co.uk/deluxeseries.html","Manufacturer Deluxe Series page containing exact NG-3"
"Vertex Effects","Steel String Clean Drive MKI","https://www.vertexeffects.com/steel-string-clean","Exact manufacturer Steel String Clean Drive page with product imagery"
"Vertex Effects","T Drive","https://www.effectsdatabase.com/model/vertex/tdrive","Exact-model Effects Database page with T Drive product imagery"
"Vertex Effects","Tone Secret OD","https://www.vertexeffects.com/tone-secret","Exact manufacturer Tone Secret product page with product imagery"
"Vertex Effects","Ultra-Phonix HRM","https://www.vertexeffects.com/store","Manufacturer store/archive containing exact Ultra-Phonix HRM imagery"
"Vertex Effects","Ultraphonix MKII","https://www.vertexeffects.com/ultraphonix-mkii","Exact manufacturer Ultraphonix MKII page with product imagery"
"Origin Effects","RevivalDRIVE","https://origineffects.com/product-category/overdrive/","Manufacturer product catalog containing exact RevivalDRIVE product imagery"
"Origin Effects","RevivalDRIVE Hot Rod Edition","https://origineffects.com/product-category/overdrive/","Manufacturer product catalog containing exact RevivalDRIVE Hot Rod Edition product imagery"
"Pete Cornish","P-1","https://www.petecornish.co.uk/GreySeries.html","Manufacturer Grey Series page containing exact P-1"
"Pete Cornish","P-2","https://www.petecornish.co.uk/GreySeries.html","Manufacturer Grey Series page containing exact P-2"
"Pete Cornish","SS-2","https://www.petecornish.co.uk/GreySeries.html","Manufacturer Grey Series page containing exact SS-2"
"Pete Cornish","SS-3","https://www.petecornish.co.uk/GreySeries.html","Manufacturer Grey Series page containing exact SS-3"
"Pete Cornish / Pete Cornish Effects","BD-1 Bass Driver","https://petecornish.co.uk/deluxeseries.html","Manufacturer Deluxe Series page containing exact BD-1 Bass Driver"
"Pete Cornish / Pete Cornish Effects","CC-1 Cornish Crunch","https://petecornish.co.uk/deluxeseries.html","Manufacturer Deluxe Series page containing exact CC-1"
"Pete Cornish / Pete Cornish Effects","G-2","https://petecornish.co.uk/bfg2.html","Manufacturer exact G-2 page"
"Pete Cornish / Pete Cornish Effects","GC-1 High Gain Crunch","https://petecornish.co.uk/deluxeseries.html","Manufacturer Deluxe Series page containing exact GC-1"
"Pete Cornish / Pete Cornish Effects","NG-2","https://petecornish.co.uk/deluxeseries.html","Manufacturer Deluxe Series page containing exact NG-2"
"Pete Cornish","P-1","https://www.petecornish.co.uk/SAEP1.html","Manufacturer exact P-1 page with product imagery"
"Pete Cornish","P-2","https://www.petecornish.co.uk/SAEP2.html","Manufacturer exact P-2 page with product imagery"
"Pete Cornish / Pete Cornish Effects","BD-1 Bass Driver","https://www.petecornish.co.uk/GreySeries.html","Manufacturer Grey Series page containing exact BD-1 Bass Driver"
"Pete Cornish / Pete Cornish Effects","CC-1 Cornish Crunch","https://www.petecornish.co.uk/GreySeries.html","Manufacturer Grey Series page containing exact CC-1 Cornish Crunch"
"Pete Cornish / Pete Cornish Effects","G-2","https://www.petecornish.co.uk/SAEG-2.html","Manufacturer exact G-2 page with product imagery"
"Pete Cornish / Pete Cornish Effects","GC-1 High Gain Crunch","https://www.petecornish.co.uk/GreySeries.html","Manufacturer Grey Series page containing exact GC-1"
"Pete Cornish / Pete Cornish Effects","NG-2","https://www.petecornish.co.uk/GreySeries.html","Manufacturer Grey Series page containing exact NG-2"
"Pete Cornish / Pete Cornish Effects","NG-3","https://petecornish.co.uk/deluxeseries.html","Manufacturer Deluxe Series page containing exact NG-3"
"Pete Cornish / Pete Cornish Effects","P-1","https://www.petecornish.co.uk/SAEP1.html","Manufacturer exact P-1 page with product imagery"
"Pete Cornish / Pete Cornish Effects","P-2","https://www.petecornish.co.uk/SAEP2.html","Manufacturer exact P-2 page with product imagery"
"Pete Cornish / Pete Cornish Effects","SS-2 Soft Sustain","https://www.petecornish.co.uk/GreySeries.html","Manufacturer Grey Series page containing exact SS-2"
"Pete Cornish / Pete Cornish Effects","SS-3 Soft Sustain","https://www.petecornish.co.uk/GreySeries.html","Manufacturer Grey Series page containing exact SS-3"
"Seymour Duncan","FOOZ","https://www.seymourduncan.com/","Manufacturer catalog containing exact FOOZ"
"Source Audio","Aftershock Bass Distortion","https://sourceaudio.net/","Manufacturer catalog containing exact Aftershock Bass Distortion"
"Source Audio","Kingmaker Fuzz","https://sourceaudio.net/","Manufacturer catalog containing exact Kingmaker Fuzz"
"Source Audio","L.A. Lady Overdrive","https://sourceaudio.net/","Manufacturer catalog containing exact L.A. Lady Overdrive"
"Source Audio","Ultrawave Bass Distortion Lab","https://sourceaudio.net/","Manufacturer catalog containing exact Ultrawave Bass Distortion Lab"
"Source Audio","Ultrawave Distortion Lab","https://sourceaudio.net/","Manufacturer catalog containing exact Ultrawave Distortion Lab"
"Stone Deaf FX","Kliptonite","https://www.stonedeaffx.com/pages/support","Manufacturer support/catalog page containing exact Kliptonite"
"Tube Works","901 Real Tube","https://www.effectsdatabase.com/model/tubeworks","Exact-model Effects Database page with 901 Real Tube imagery"
"Tube Works","903 Blue Tube","https://www.effectsdatabase.com/model/tubeworks","Exact-model Effects Database page with 903 Blue Tube imagery"
"Maxon / Nisshin Onpa","OOD-9 Organic Overdrive","https://maxonfx.com/products/nine-series-guitar-effects-pedals-organic-overdrive-ood-9","Exact manufacturer OOD-9 product page with product imagery"
"Maxon / Nisshin Onpa","SM-9 Super Metal","https://www.effectsdatabase.com/model/maxon/9/sm9","Exact-model Effects Database page with product imagery"
"Maxon / Nisshin Onpa","ST-9 Super Tube Screamer","https://www.effectsdatabase.com/model/maxon/9/st9","Exact-model Effects Database page with product imagery"
"Maxon / Nisshin Onpa","TOD-9 True Tube Overdrive","https://maxonfx.com/products/true-tube-overdrive-tod-9","Exact manufacturer TOD-9 product page with product imagery"
"Tube Works","910 Tube Driver","https://www.effectsdatabase.com/model/tubeworks","Exact-model Effects Database page with 910 Tube Driver imagery"
"Tube Works","911 Tube Driver","https://www.effectsdatabase.com/model/tubeworks","Exact-model Effects Database page with 911 Tube Driver imagery"
"Vertex Effects","Steel String Supreme (Slight Return)","https://www.vertexeffects.com/store","Manufacturer store containing exact Steel String Supreme Slight Return"
"Maxon / Nisshin Onpa","SD-9M Sonic Distortion Master","https://maxonfx.com/","Manufacturer catalog explicitly retained by the research record for this exact model"
"Vick Audio","V2 Violet Ram","https://reverb.com/p/vick-audio-violet-rams-head-fuzz","Exact Reverb product reference with Violet Ram's Head product gallery"
"Wampler Pedals","cataPulp","https://www.wamplerpedals.com/wp-content/uploads/2019/11/cataPulp.pdf","Exact Wampler cataPulp manual with product imagery and exact-model documentation"
"Mad Professor Amplification","Fire Red Fuzz","https://reverb.com/p/mad-professor-fire-red-fuzz","Exact Reverb model page with Fire Red Fuzz product gallery, model, finish, era, and fuzz classification"
"Walrus Audio","Kangra Filter Fuzz","https://www.walrusaudio.com/pages/kangrafilterfuzz","Exact manufacturer product page with Kangra product imagery"
"Maxon / Nisshin Onpa","SD-9M Sonic Distortion Master","https://fr.audiofanzine.com/distorsion-guitare/ibanez/sd9m/","Exact-model Ibanez SD9M reference page with model identity and product imagery"
"Vick Audio","V2 Violet Ram","https://www.effectsdatabase.com/model/vickaudio/ramshead/violet","Exact-model Effects Database page with Violet Ram's Head imagery"
"Darkglass Electronics","Alpha-Omega Ultra","https://www.darkglass.com/pages/alpha-omega-ultra-manual","Exact manufacturer manual page with Alpha·Omega Ultra product documentation"
"Beetronics","Nectar Tone Sweetener Drive/Fuzz","https://www.beetronicsfx.com/products/nectar-tone-sweetener-p-babee-series","Exact manufacturer product page with multiple Nectar product images"
"Beetronics","Zzombee Filtremulator","https://www.beetronicsfx.com/products/zzombee-filtremulator","Exact manufacturer product page with multiple Zzombee product images"
"Mad Professor Amplification","Fire Red Fuzz","https://www.premierguitar.com/gear/mad-professor-fire-red-fuzz-pedal-review","Exact-model review with product imagery"
"Outlaw Effects","Cactus Juice 2-Mode Overdrive","https://www.outlaweffects.com/_files/ugd/ad44d6_278626782e86465a883440294a4300b8.pdf","Exact manufacturer manual with Cactus Juice product illustration"
"Mad Professor Amplification","Fire Red Fuzz","https://mpamp.com/product/25/fire-red-fuzz","Manufacturer exact-model page restored as primary source"
"TC Electronic","Honey Pot Fuzz","https://www.tcelectronic.com/en/products/0709-AHU","Exact manufacturer product page with four Honey Pot Fuzz images"
"Vertex Effects","Ultra Phonix","https://www.vertexeffects.com/uploads/docs/d847f4dc-e86e-4c3c-8ee3-dc00a5f8018a.pdf","Exact manufacturer manual for the original Ultra Phonix Overdrive with exact-model product photo"
"Vemuram","SHANKS ODS-1 — overdrive","https://www.mikigakki.com/shop/g/gDZ4560479550308/","Exact-model retailer page with product imagery"
"Maxon","SM-9 Pro+","https://maxonfx.com/products/super-metal-sm-9pro","Exact manufacturer product page with SM-9 Pro+ imagery"
"Stomp Under Foot","Supa Dirty Rooster","https://www.youtube.com/watch?v=M9Zyw6HxapI","Exact-model demonstration video showing the Supa Dirty Rooster pedal"
"BOSS","MT-2-3A 30th Anniversary Metal Zone","https://www.boss.info/CMSPages/GetFile.aspx?guid=6c73d95d-72a0-4324-bc8b-b3ef9a3d415","Official BOSS press kit with MT-2-3A hi-res images and exact model identity"
"Behringer","VD1 Vintage Distortion","https://www.sweetwater.com/store/detail/VD1--behringer-vd1-vintage-distortion-pedal","Exact-model retailer archive with product imagery"
"Behringer","TO100 Tube Overdrive","https://www.manualslib.com/manual/454094/Behringer-Tube-Overdrive-To100.html","Exact-model manual page with TO100 product documentation and illustrations"
"Mid-Fi Electronics / Doug Tuttle","Magick ""i""","https://www.midfielectronics.com/magicki","Exact manufacturer product page with Magick i product image and controls"
"Mid-Fi Electronics / Doug Tuttle","Magick ""i""","https://reverb.com/item/88433339-mid-fi-electronics-magick-i","Exact-model Reverb listing with multiple Magick I images and model/finish identification"
"Wampler Pedals","Triple Wreck","https://www.guitarcenter.com/Wampler/Triple-Wreck-Distortion-Guitar-Effects-Pedal-1364402443391.gc","Exact-model retailer page with Triple Wreck product imagery"
"Rocktron","Rampage","https://reverb.com/item/27464278-rocktron-rampage-v1-1990s-blue","Exact-model Reverb sold listing with multiple Rampage V1 pedal photos"
"VFE Pedals","The Scream","https://reverb.com/p/vfe-the-scream","Exact-model Reverb record with The Scream gallery imagery"
"Maxon","RTO700","https://maxonfx.com/collections/real-tube-ii","Manufacturer Maxon Real Tube II collection containing exact RTO700 product imagery"
"Vemuram","SHANKS ODS-1 — overdrive","https://reverb.com/p/vemuram-shanks-ods-1","Exact-model Reverb product page with SHANKS ODS-1 gallery and model metadata"
"Visual Sound / Truetone","V2 Jekyll & Hyde","https://applink.reverb.com/p/visual-sound-jekyll-and-hyde","Exact-model Reverb product page identifying Jekyll & Hyde V2 with gallery"
"Way Huge","Smalls Green Rhino MKV","https://reverb.com/item/38985530-way-huge-smalls-green-rhino-overdrive-mkv-wm22-overdrive","Exact-model Reverb listing for WM22 Smalls Green Rhino MK V with gallery and model specs"
"WMD Devices","Geiger Counter","https://www.amazona.de/interview-william-matthewson-und-alex-wmd-devices/","Exact Geiger Counter article with pedal imagery, useful legacy source"
"Vemuram","Shanks 4K — fuzz","https://reverb.com/p/vemuram-shanks-4k-fuzz","Exact-model Reverb product page with Shanks 4K Fuzz gallery and model metadata"
"ThorpyFX","Cogmeister","https://reverb.com/item/84362167-coggins-audio-dinosaural-cogmeister-overdrive-boost-distortion-fuzz-recent-black","Exact-model Reverb listing with Cogmeister product imagery and model identity"
"ThorpyFX","Cogmeister","https://reverb.com/en-se/item/80235513-coggins-audio-dinosaural-cogmeister-triple-overdrive-boost-s-n-cm00313-collab-with-thorpyfx","Exact-model Reverb listing with actual Cogmeister product photos and ThorpyFX collaboration identification"
"Pete Cornish","BD-1","https://www.petecornish.co.uk/SAEBD-1.html","Exact manufacturer BD-1 page with pedal imagery"
"Pete Cornish","CC-1","https://www.petecornish.co.uk/SAECC-1.html","Exact manufacturer CC-1 page with pedal imagery"
"Pete Cornish","G-2","https://www.petecornish.co.uk/bfg2.html","Exact manufacturer G-2 page with pedal imagery"
"Pete Cornish","P-1","https://petecornish.co.uk/bfp1.html","Exact manufacturer P-1 page with pedal imagery"
"Pete Cornish","SS-2","https://www.petecornish.co.uk/bfss2.html","Exact manufacturer SS-2 page with pedal imagery"
"Pete Cornish / Pete Cornish Effects","BD-1 Bass Driver","https://www.petecornish.co.uk/SAEBD-1.html","Exact manufacturer BD-1 page with pedal imagery"
"Pete Cornish / Pete Cornish Effects","CC-1 Cornish Crunch","https://www.petecornish.co.uk/SAECC-1.html","Exact manufacturer CC-1 page with pedal imagery"
"Pete Cornish / Pete Cornish Effects","G-2","https://www.petecornish.co.uk/bfg2.html","Exact manufacturer G-2 page with pedal imagery"
"Pete Cornish / Pete Cornish Effects","P-1","https://petecornish.co.uk/bfp1.html","Exact manufacturer P-1 page with pedal imagery"
"Pete Cornish / Pete Cornish Effects","SS-2 Soft Sustain","https://www.petecornish.co.uk/bfss2.html","Exact manufacturer SS-2 page with pedal imagery"
"Ampeg","A-1 Distortion","https://www.ebay.com/itm/147206348797","Exact-model vintage Ampeg A-1 Distortion 1982-1983 listing with product imagery"
"Devi Ever FX","Cherry Pop","https://www.musiciansfriend.com/amplifiers-effects/devi-ever-cherry-pop-fuzz-guitar-effects-pedal","Exact-model discontinued Cherry Pop retailer page with product imagery"
"Devi Ever FX","Super Massive Black Hole","https://www.guitarcenter.com/Devi-Ever/Super-Massive-Black-Hole-Fuzz-Bass-Effects-Pedal-Black-1275776907370.gc","Exact-model discontinued Super Massive Black Hole retailer page with product imagery"
"Devi Ever FX","Super Massive Black Hole","https://www.musiciansfriend.com/amplifiers-effects/devi-ever-super-massive-black-hole-fuzz-bass-effects-pedal","Exact-model discontinued Super Massive Black Hole retailer page with product imagery"
"Blackbox Music Electronics","Cobalt","https://www.vintageguitar.com/2031/blackbox-effects-inferno-x-ray-cobalt-ultraviolet-2-oxygen/","Exact-model Blackbox Cobalt coverage with product photography in Vintage Guitar archive"
"Devi Ever FX","Eye of God","https://www.ebay.com/itm/227313246361","Exact-model used Eye of God listing with three product photos and model-specific item details"
"Devi Ever FX","Eye of God","https://equipboard.com/items/devi-ever-eye-of-god","Exact-model archive page with Eye of God product imagery"
"Devi Ever FX","Hypnomangler","https://equipboard.com/c/fuzz-effects-pedals/devi-ever","Exact-model Devi Ever catalog page that includes Hypnomangler imagery"
"Devi Ever FX","Soda Might","https://equipboard.com/c/fuzz-effects-pedals/devi-ever","Exact-model Devi Ever catalog page that includes Soda Might imagery"
"Devi Ever FX","Mirro Safety Bag Fuzz","https://www.gearaffe.com/brands/devi-ever","Exact-model catalog page for the extremely limited Mirro Safety Bag Fuzz"
"Blackbox Music Electronics","Cobalt","https://reverb.com/item/5895517-used-blackbox-cobalt-overdrive-boost-pedal","Exact-model Reverb listing with two Cobalt product photos and model-specific details"
"Fortin Amplification","Fourteen","https://fortinamps.com/products/fourteen-boost-overdrive","Exact manufacturer Fourteen page with multiple product images"
"Fortin Amplification","Kali","https://fortinamps.com/products/kali-preamp-distortion","Exact manufacturer KALI page with multiple product images"
"Fortin Amplification","Natas Distortion","https://fortinamps.com/products/natas-pedal","Exact manufacturer NATAS page with multiple product images"
"Lovetone","Big Cheese","https://reverb.com/p/lovetone-big-cheese","Exact-model Reverb product page with Big Cheese gallery imagery"
"Lovetone","Brown Source","https://reverb.com/p/lovetone-brown-source","Exact-model Reverb product page with Brown Source gallery imagery"
"Lovetone","Ring Stinger","https://reverb.com/p/lovetone-ring-stinger","Exact-model Reverb product page with Ring Stinger gallery imagery"
"Tube Works","903 Blue Tube","https://reverb.com/p/tube-works-903-blue-tube-1987-1997","Exact-model Reverb product page with 903 Blue Tube gallery imagery"
"Tube Works","910 Tube Driver","https://reverb.com/item/66645285-tube-works-910-tube-driver-overdrive-pedal-w-power-supply","Exact-model Reverb listing with seven 910 Tube Driver product photos"
"Tube Works","911 Tube Driver","https://reverb.com/p/tube-works-911-tube-driver-1998-2005","Exact-model Reverb product page with 911 Tube Driver gallery imagery"
"Vertex Effects","T Drive","https://www.vertexeffects.com/t-drive","Exact manufacturer T Drive page with multiple product images"
"Dinosaural","OPA-101 Overdriven Pre-Amp","https://reverb.com/item/27070491-dinosaural-opa-101-overdriven-pre-amp-2013-black","Exact-model Reverb listing with OPA-101 product imagery and model details"
"Dinosaural","Tube Bender","https://ftp.amplifiedparts.com/pedal-guides/build-project-dinosaural-tubebender","Exact-model Dinosaural Tube Bender reference with pedal/build imagery"
"Maxon / Nisshin Onpa","SM-9 Super Metal","https://reverb.com/item/65009387-maxon-sm-9-super-metal-made-in-japan-guitar-effect-pedal-461501","Exact-model Maxon SM-9 listing with nine product photos"
"Maxon / Nisshin Onpa","SM-9 Super Metal","https://reverb.com/item/82243460-maxon-sm-9-super-metal-80s","Exact-model Maxon SM-9 Pro+ listing with product photos and variant details"
"Maxon / Nisshin Onpa","SM-9 Super Metal","https://reverb.com/item/54906473-1980s-maxon-sm-9-super-metal-distortion-overdrive-guitar-effects-pedal-japan-ibanez","Exact-model original 1980s Maxon SM-9 listing with six product photos"
"Blackbox Music Electronics","Ultraviolet","https://reverb.com/uk/item/97918967-blackbox-ultraviolet-fuzz-big-box-guitar-effects-pedal-58755","Exact-model Reverb listing for Blackbox Ultraviolet Big Box with product gallery"
"Blackbox Music Electronics","Ultraviolet 2","https://www.vintageguitar.com/2031/blackbox-effects-inferno-x-ray-cobalt-ultraviolet-2-oxygen/","Exact Blackbox Ultraviolet 2 identification in Vintage Guitar coverage with product photography"
"Tube Works","901 Real Tube","https://reverb.com/p/tube-works-901-real-tube-1987-1997","Exact-model Reverb product page for the 1987-1997 USA Tube Works 901 Real Tube with gallery image"
"Greer Amps","Sweetback Driver","https://www.greeramps.com/products/sweetback-driver","Exact manufacturer Sweetback Driver product page identified in Greer Amps sitemap"
"SolidGoldFX","If 6 Was 9 BC183 MKII","https://solidgoldfx.com/products/if-6-was-9-bc183-mkii-fuzz","Exact manufacturer SolidGoldFX product page for If 6 Was 9 BC183 MKII with product imagery."
"SolidGoldFX","Imperial MKII","https://reverb.com/p/solidgoldfx-imperial-mkii","Exact-model Reverb page for SolidGoldFX Imperial MKII with product gallery imagery."
"Devi Ever FX","The Wolf - Bass Fuzz","https://www.effectsdatabase.com/model/deviever/wolf","Exact-model Effects Database page with The Wolf imagery"
"Devi Ever FX","The Ion","https://www.effectsdatabase.com/blog?page=84","Effects Database historical overview names The Ion; accept only exact-model verified imagery"
"JHS Pedals","Twin Twelve","https://www.jhspedals.com/products/twin-twelve","Exact manufacturer product page for Twin Twelve"
"Land Devices","Hunter","https://landdevices.com/products/hunter","Exact manufacturer product page for Hunter"
"Land Devices","Moonbow","https://landdevices.com/products/moonbow","Exact manufacturer product page for Moonbow"
"Pete Cornish","GC-1","https://www.petecornish.co.uk/deluxegc1.html","Exact manufacturer page for GC-1 with product identity and imagery"
"Pete Cornish","NG-2","https://petecornish.co.uk/bfng-2.html","Exact manufacturer page for NG-2"
"Pete Cornish","NG-3","https://www.petecornish.co.uk/bfng-3.html","Exact manufacturer page for NG-3"
"Pete Cornish","SS-3","https://sugareelicks.com/pedal/pete-cornish-ss-3/","Exact-model historical/reference page with SS-3 product imagery"
"Stone Deaf FX","Fig Fumb","https://www.guitarcenter.com/Used/Stone-Deaf/Used-Stone-Deaf-Fig-Fumb-Effect-Pedal-122142642.gc","Exact-model used listing with product gallery"
"Pigdog Pedals","GO","https://www.guitarpedalx.com/news/gpx-blog/pigdogs-germanium-overdrive-delivers-a-beautifully-rich-and-harmonic-mid-gain-overdrive-profile-courtesy-of-its-vintage-rca-2n270-germanium-transistor-and-2-germanium-diodes","Dedicated exact PigDog Germanium Overdrive review matching the GO (Germanium Overdrive) V1 record"
"Blackhawk Amplifiers","Valkyrie Drive","https://www.chicagomusicexchange.com/products/blackhawk-valkyrie-2308200","Exact Blackhawk Valkyrie product page; use as unversioned Valkyrie Drive visual evidence and do not infer V2/V3/V4."
"Hudson Electronics","Broadcast AP-II","https://www.andertons.co.uk/hudson-signature-ariel-posen-broadcast-ap-ii-dual-preamp-pedal/","Exact Hudson Electronics Ariel Posen Broadcast AP-II product page and photo; do not use standard Broadcast imagery."
"Leqtique","9/9 EVR","https://leqtique.ch/en/products/99evr-release","Exact Leqtique 9/9 EVR manufacturer product page; use only the 9/9 EVR gallery, not generic EVR family imagery."
"Leqtique","Beryl EVR","https://leqtique.ch/en/products/beryl-evr","Exact Leqtique Beryl EVR manufacturer product page; keep separate from original Beryl and other EVR models."
"Greer Amps","Lightspeed Organic Overdrive","https://www.chicagomusicexchange.com/products/greer-amps-lightspeed-organic-overdrive-1402859","Exact Greer Amps Lightspeed product listing with model-specific product photography."
"ThorpyFX","The Dane MKI","https://thorpyfx.com/en-us/collections/modulation-pedals-copy","Exact ThorpyFX collection page explicitly listing THE DANE MKI; use only the MKI product image."
"6 Degrees FX","Rodeo Drive","https://www.effectsdatabase.com/model/6degrees/rodeodrive","Exact Effects Database model page for Rodeo Drive; replace generic category imagery."
"6 Degrees FX","Sally Drive","https://www.effectsdatabase.com/model/6degrees/sallydrive","Exact Effects Database model page for Sally Drive; replace generic category imagery."
"Wren and Cuff","Ace Octave Fuzz","https://www.wrenandcuff.com/products/ace-octave-fuzz","Exact manufacturer product page."
"Wren and Cuff","Anna Compact","https://www.wrenandcuff.com/anna-compact","Exact manufacturer page for Anna Compact."
"Wren and Cuff","Blue-Violet Caprid OG","https://www.wrenandcuff.com/products/blue-violet-caprid-og","Exact manufacturer product page."
"Wren and Cuff","Fade Font '94","https://www.wrenandcuff.com/products/fade-font-94","Exact manufacturer product page."
"Wren and Cuff","Forest for the Trees","https://www.wrenandcuff.com/products/forest-for-the-trees","Exact manufacturer product page."
"Wren and Cuff","J Mascis Garbage Face Jr","https://www.wrenandcuff.com/products/garbage-face-jr","Exact manufacturer product page."
"Wren and Cuff","Tall Font Russian","https://www.wrenandcuff.com/products/tall-font-russian","Exact manufacturer product page."
"Wren and Cuff","Two-Five Drive Boost","https://www.wrenandcuff.com/products/two-five-drive-boost","Exact manufacturer product page."
"Wren and Cuff","Your Face 60's","https://www.wrenandcuff.com/products/your-face-60s","Exact manufacturer product page."
"Wren and Cuff","Your Face 70's","https://www.wrenandcuff.com/products/your-face-70s","Exact manufacturer product page."
"ZVEX Effects","'59 Sound","https://www.zvex.com/guitar-pedals/59-sound-hand-painted-guitar-effects-pedal","Exact manufacturer product page."
"ZVEX Effects","Box of Rock","https://www.zvex.com/guitar-pedals/box-of-rock-guitar-effects-pedal","Exact manufacturer product page."
"ZVEX Effects","Distortron","https://www.zvex.com/guitar-pedals/distortron-guitar-effects-pedal","Exact manufacturer product page."
"ZVEX Effects","Double Rock","https://www.zvex.com/guitar-pedals/double-rock-guitar-effects-pedal","Exact manufacturer product page."
"ZVEX Effects","Fuzz Factory","https://www.zvex.com/guitar-pedals/fuzz-factory-guitar-effects-pedal","Exact manufacturer product page."
"ZVEX Effects","Fuzz Factory 7","https://www.zvex.com/guitar-pedals/fuzz-factory-7-guitar-effects-pedal","Exact manufacturer product page."
"ZVEX Effects","Fuzz Probe","https://www.effectsdatabase.com/model/zvex/fuzzprobe","Exact Effects Database model page for the hand-painted/original Fuzz Probe identity; do not substitute the Vexter version."
"ZVEX Effects","Machine","https://www.zvex.com/guitar-pedals/machine-guitar-effects-pedal","Exact manufacturer product page."
"ZVEX Effects","Octane 3","https://www.zvex.com/guitar-pedals/octane-iii-guitar-effects-pedal","Exact manufacturer product page."
"ZVEX Effects","Woolly Mammoth","https://www.zvex.com/guitar-pedals/woolly-mammoth-guitar-effects-pedal","Exact manufacturer product page."
"Browne Amplification","Alkene - Nashville Drive","https://www.browneamps.com/store/p/the-alkene-nashville-overdrive","Exact Browne Amplification ALKENE/Nashville Overdrive manufacturer product page"
"Browne Amplification","The ALKENE Nashville Overdrive","https://www.browneamps.com/store/p/the-alkene-nashville-overdrive","Exact Browne Amplification ALKENE/Nashville Overdrive manufacturer product page"
"Greer Amps","Moonshot Germanium Pre","https://www.greeramps.com/products/moonshot-germanium-pre","Exact Greer Amps manufacturer product page"
"Greer Amps","Ghetto Stomp","https://www.greeramps.com/blogs/news/12647709-new-products-390-od-2014-ghetto-stomp","Exact Greer Amps product announcement documenting the Ghetto Stomp"
"Fjord Fuzz","Odin","https://www.perfectcircuit.com/fjord-fuzz-odin.html","Exact Fjord Fuzz ODIN product page with pedal photography"
"EarthQuaker Devices","Monarch","https://www.earthquakerdevices.com/monarch","Exact EarthQuaker Devices Monarch product/manual lineage; manufacturer archive identifies Monarch"
"Ibanez","TK999OD","https://www.ibanez.com/usa/products/detail/tk999od_01.html","Exact Ibanez TK999 Tube King Overdrive product page"
"Ibanez","TSV808","https://www.ibanez.com/usa/products/detail/tsv808_01.html","Exact Ibanez TSV808 product page"
"Maxon","SSD-9 Super Sonic Distortion","https://maxonfx.com/products/super-sonic-distortion-ssd-9","Exact Maxon/MaxonFX product page for SSD-9"
"Maxon","TBO-9 True Tube Booster / Overdrive","https://maxonfx.com/products/true-tube-booster-overdrive-tbo-9","Exact Maxon/MaxonFX product page for TBO-9"
"MXR","Double-Double Overdrive","https://www.jimdunlop.com/mxr-double-double-overdrive/","Exact Dunlop/MXR legacy product page for Double-Double Overdrive"
"Wampler Pedals","Plextortion","https://www.zzounds.com/item--WAMPLEXTORTION","Exact Wampler Plextortion product page with gallery"
"VOX","Bulldog Distortion","https://reverb.com/p/vox-bulldog-distortion","Exact Reverb product record for VOX Bulldog Distortion"
"Way Huge","Pork & Pickle","https://www.musicradar.com/news/namm-2018-way-huge-serves-up-its-first-ever-bass-pedal-the-pork-pickle","Exact 2018 product announcement for original Way Huge Pork & Pickle; distinct from later Smalls version"
"ARC Effects","Big Green","https://www.arceffects.com/big-green","Exact ARC Effects Big Green manufacturer product page with product imagery"
"ARC Effects","Crimson King","https://www.arceffects.com/crimson-king","Exact ARC Effects Crimson King manufacturer product page with product imagery"
"ARC Effects","Big Green Pi","https://www.arceffects.com/big-green-1","Exact ARC Effects Big Green Pi manufacturer product page with product imagery"
"Ashdown Engineering","ABM PRO-FX Pro Drive","https://ashdownmusic.com/collections/last-chance/products/b-stock-abm-pro-fx-pro-drive","Exact Ashdown ABM PRO-FX Pro Drive product page with gallery"
"Ashdown Engineering","AGM PRO-FX Retro Drive","https://ashdownmusic.com/collections/last-chance/products/b-stock-agm-pro-fx-retro-drive","Exact Ashdown AGM PRO-FX Retro Drive product page with gallery"
"Bad Cat","Burmese Drive - Dual Vintage Overdrive","https://www.truetonemusic.com/products/bad-cat-burmese-drive-dual-vintage-overdrive-pedal","Exact Bad Cat Burmese Drive product page with multiple product photographs"
"Daredevil Pedals","Fearless Distortion","https://www.noteandtone.com/product/daredevil-pedals-fearless-distortion/","Exact Fearless Distortion product page with product imagery"
"DeadastronautFX","X-Fuzz II","https://deadastronaut.wixsite.com/effects","Exact DeadastronautFX catalog page identifying X-FUZZ II"
"Carlsbro","Suzz-Phase","https://www.worldradiohistory.com/UK/Beat-Instrumental/Beat-Instrumental-1977-11-S-OCR.pdf","1977 Beat Instrumental review explicitly identifies Suzz-Phase and includes period product imagery; retain as historical image/source lead pending exact local extraction."
"Keeley Electronics","SUNS Ultravoid Fuzz","https://robertkeeley.com/product/suns-ultravoid-fuzz/","Official Keeley exact-model product page with model photography and documented Level/Filter/Fuzz controls."
"Keeley Electronics","Red Dirt Germanium Overdrive","https://www.rockboard.de/en/pedalPedia/Keeley-Electronics/Red-Dirt-Germanium/154445638/","Exact RockBoard PedalPedia model record with product image and technical data."
"Keeley Electronics","Red Dirt Overdrive","https://www.musicradar.com/reviews/guitars/keeley-red-dirt-overdrive-604658","Exact-model MusicRadar review with Red Dirt Overdrive product photography."
"Leqtique","10/10 XXJ EVR","https://leqtique.ch/en/products/10-10-xxj-evr","Official Leqtique exact-model product page for the 10/10 XXJ EVR."
"Devi Ever FX","Truly Beautiful Disaster","https://item.rakuten.co.jp/guitarplanet/deviever_truly_beautifuldisaster/","Exact historical Devi Ever Truly Beautiful Disaster model page with product photography."
"Ibanez","TS7","https://www.long-mcquade.com/3008/Guitars/Guitar-Effects/Ibanez/TS7-Tube-Screamer.htm","Exact Ibanez TS7 Tube Screamer product page with clear model-specific photography."
"Maxon","RTO700","https://www.gear4music.it/it/Chitarra-e-basso/Maxon-RTO700-Real-Tube-Overdrive-Pedal/1QYP","Exact-model Gear4music RTO700 product page with clear RTO700 product photography."
"Keeley Electronics","Red Dirt Germanium Overdrive","https://reverb.com/item/92935776-keeley-electronics-red-dirt-germanium-overdrive-pedal","Exact-model Reverb listing for Keeley Red Dirt Germanium Overdrive."
"Keeley Electronics","Red Dirt Overdrive","https://www.rockboard.de/en/pedalPedia/Keeley-Electronics/Red-Dirt-Overdrive/154445531/","Exact RockBoard model record for Keeley Red Dirt Overdrive."
"NUX Audio / NUX","’63 Diamond","https://reverb.com/item/94328003-nux-reissue-series-63-diamond-overdrive-guitar-effects-pedal","Exact-model Reverb listing for NUX ’63 Diamond."
"DeadastronautFX","X-Fuzz II","https://reverb.com/item/75744010-deadastronautfx-x-fuzz-ii-pedal","Exact-model Reverb listing for DeadastronautFX X-Fuzz II."
"Danelectro","Grilled Cheese Distortion","https://reverb.com/item/95077717-danelectro-grilled-cheese-distortion-1990s-yellow","Exact-model 1990s Danelectro Grilled Cheese Distortion Reverb listing."
"Mad Professor Amplification","Golden Cello","https://www.effectsdatabase.com/model/madprofessor/goldencello","Exact Effects Database model record for Mad Professor Golden Cello."
"Mad Professor Amplification","Loud 'n Proud","https://www.guitarworld.com/gear/mad-professor-amplification-unveils-loud-n-proud-overdrivefuzz","Exact-model Guitar World page for Mad Professor Loud 'n Proud."
"MadeByMike","Fuzzy Beetle","https://madebymike.co.uk/fuzzy.shtml","Manufacturer exact-model Fuzzy Beetle page."
"MadeByMike","RAT/MUFF","http://www.madebymike.co.uk/ratmuff.shtml","Manufacturer exact-model RAT/MUFF page."
"Origin Effects","M-EQ Driver","https://origineffects.com/product/meqdriver/","Official Origin Effects M-EQ Driver product page."
"Ibanez","TK999OD","https://reverb.com/item/93736823-ibanez-tk999od-tube-king-overdrive-incl-box-adapter-and-ruby-12ax7ac5-tube-ecc82-currently-installed","Exact-model Reverb listing with multiple TK999OD product photographs; use only visibly matching TK999OD hardware."
"Keeley Electronics","Red Dirt Germanium Overdrive","https://reverb.com/item/1628420-keeley-red-dirt-germanium-overdrive-effect-pedal","Exact-model Reverb listing with multiple Red Dirt Germanium product photographs."
"VFE Pedals","Blues King","https://reverb.com/item/110788-vfe-pedals-blues-king-scratch-n-dent","Exact-model source page with product photography; recover only visibly matching Blues King hardware."
"VFE Pedals","Dark Horse","https://reverb.com/p/vfe-dark-horse","Exact-model source page with product photography; recover only visibly matching Dark Horse hardware."
"VFE Pedals","RUP mkII","https://www.vfepedals.com/product-page/rup","Exact-model source page with product photography; recover only visibly matching RUP mkII hardware."
"Wampler Pedals","SLOstortion","https://reverb.com/item/2660402-wampler-slostortion","Exact-model source page with product photography; recover only visibly matching SLOstortion hardware."
"Walrus Audio","Voyager Preamp/Overdrive","https://www.walrusaudio.com/products/voyager-overdrive","Exact-model source page with product photography; recover only visibly matching Voyager Preamp/Overdrive hardware."
"Walrus Audio","Voyager Preamp/Overdrive MKII","https://www.walrusaudio.com/products/voyager-preamp-overdrive-mkii-2024-black-friday-edition","Exact-model source page with product photography; recover only visibly matching Voyager Preamp/Overdrive MKII hardware."
"Collateral FX","P031 Zeugma Fuzz","https://collateralfx.com/br/","Exact-model or builder source identifying P031 Zeugma Fuzz; recover only visibly matching pedal imagery."
"Chaos Custom Shop / Chaos FX","C.Drive","https://www.guitarpedalx.com/news/gpx-blog/best-of-polish-guitar-pedals-and-pedal-builders","Exact-model or builder source identifying C.Drive; recover only visibly matching pedal imagery."
"BOSS","DS-1-4A 40th Anniversary Distortion","https://www.boss.info/us/whats_new/press_releases/2017/BOSS-CELEBRATES-40th-ANNIVERSARY-WITH-LIMITED-EDIT/","Exact official BOSS 40th-anniversary source page with product imagery for the DS-1-4A."
"Darkglass Electronics","Microtubes Vintage","https://www.darkglass.com/products/vintage-microtubes","Exact official Darkglass product page with model-specific product imagery."
"Electronic Audio Experiments","Dagger","https://www.electronicaudioexperiments.com/legacy/dagger","Exact official EAE archived Dagger page with model-specific product imagery."
"Fortin Amplification","Hexdrive","https://reverb.com/p/fortin-amplification-hexdrive","Exact Fortin Hexdrive model record with model-specific gallery imagery."
"BOSS","BC-2 Combo Drive","https://www.boss.info/us/products/bc-2/","Exact official BOSS BC-2 discontinued product page with model-specific imagery."
"Electronic Audio Experiments","0xEAE Fuzz","https://www.electronicaudioexperiments.com/legacy/0xeae-fuzz","Exact official EAE archived 0xEAE Fuzz page with model-specific imagery."
"Fuzzrocious Pedals","Cat King","https://fuzzrociouspedals.com/?product=catking","Exact official Fuzzrocious Cat King product page with model-specific imagery."
"Strymon","Sunset Dual Overdrive","https://www.strymon.net/product/sunset/","Exact official Strymon Sunset product page with model-specific imagery."
"Fortin Amplification","Meshuggah","https://fortinamps.com/","Exact official Fortin source identifying the Meshuggah Preamp / Distortion pedal; recover only matching model imagery."
"BSQ Effects","BO-2 Bulls On - Overdrive/Compressor","https://www.bsqeffects.com/pedales","Exact BSQ manufacturer catalog page; Bulls On is explicitly identified as Overdrive + Compressor."
"BSQ Effects","DM-2 Dynamite - Overdrive/Compressor","https://www.bsqeffects.com/pedales","Exact BSQ manufacturer catalog page; Dynamite is explicitly identified as Overdrive + Compressor."
"Pigtronix","Star Eater","https://www.pigtronix.com/pedals/star-eater/","Exact Pigtronix product page for the Star Eater analog dual-stage super jumbo fuzz."
"SolidGoldFX","BETA-V Bass Preamp","https://solidgoldfx.com/products/beta-v","Exact SolidGoldFX product page for BETA-V Bass Preamp."
"Stomp Under Foot","Astoria","https://www.effectsdatabase.com/model/stompunderfoot/bigmuff/astoria","Exact Effects Database record for Stomp Under Foot The Astoria."
"Stomp Under Foot","Dirt Preacher","https://www.effectsdatabase.com/model/stompunderfoot/dirtpreacher","Exact Effects Database record for Stomp Under Foot Dirt Preacher."
"VOX","Silk Drive","https://voxamps.com/en-gb/product/silk-drive/","Exact VOX product page for VALVENERGY SILK DRIVE with product photo."
"Walrus Audio","Eras Five-State Distortion","https://www.walrusaudio.com/collections/overdrive-fuzz-distortion","Official Walrus Audio collection page explicitly listing Eras Five-State Distortion."
"Walrus Audio","Voyager Preamp/Overdrive MKII — Overdrive","https://www.walrusaudio.com/collections/overdrive-fuzz-distortion","Exact Voyager Preamp/Overdrive MKII manufacturer product page"
"Xotic Effects","SL Drive — Distortion / Overdrive","https://xotic.us/effects/sl-drive/","Exact Xotic product page for SL Drive with multiple product photos."
"SBGO Effects","Dark Bass Anger","https://sbgo-effects.com/en/","Official SBGO Effects catalog page with the exact Dark Bass Anger product image and photo section."
"MadeByMike","Dual Drive","https://www.madebymike.co.uk/","Exact Dual Drive builder catalog listing on the official MadeByMike site"
"Phaez Amplification","Daisycutter","https://phaezamplification.com/pedals/","Exact Daisycutter listing on the official Phaez Amplification pedal page with product imagery"
"RYRA","The Klone","https://theklonepedal.com/the-klone-pedal","Exact Rock Your Repaired Amp product page for The Klone pedal."
"Darkglass Electronics","Microtubes B1K","https://thedarkglass.shop/products/b1k","Exact Darkglass shop product page for Microtubes B1K."
"Darkglass Electronics","Microtubes X","https://www.effectsdatabase.com/model/darkglass/microtubes/x","Exact Effects Database record for Darkglass Microtubes X."
"Darkglass Electronics","Microtubes X Ultra","https://www.effectsdatabase.com/model/darkglass/microtubes/xultra","Exact Effects Database record for Darkglass Microtubes X Ultra."
"Way Huge","Conquistador Fuzzstortion","https://www.jimdunlop.com/way-huge-conquistador-fuzzstortion/","Exact Jim Dunlop product page for Way Huge Conquistador Fuzzstortion."
"Way Huge","Overrated Special","https://www.jimdunlop.com/way-huge-smalls-overrated-special-overdrive/","Exact Jim Dunlop product page for Way Huge Smalls Overrated Special."
"Way Huge","Russian-Pickle","https://www.jimdunlop.com/way-huge-smalls-russian-pickle-fuzz/","Exact Jim Dunlop product page for Way Huge Smalls Russian-Pickle Fuzz."
"Way Huge","Saucy Box Overdrive","https://www.sweetwater.com/store/detail/SaucyBox--way-huge-saucy-box-overdrive-pedal","Exact Sweetwater reference page for Way Huge Saucy Box Overdrive."
"VFE Pedals","Dragon Hound","https://www.rockboard.de/en/pedalPedia/VFE-Pedals/Dragon-Hound/68986069/","Exact RockBoard PedalPedia record for VFE Dragon Hound."
"VFE Pedals","Merman","https://www.rockboard.de/en/pedalPedia/VFE-Pedals/Merman/68986081/","Exact RockBoard PedalPedia record for VFE Merman."
"Fuzzrocious Pedals","Wicked Jawn","https://fuzzrociouspedals.com/?product=wickedjawn","Exact Fuzzrocious Pedals product page for Wicked Jawn."
"Pigtronix","PolySaturator","https://www.effectsdatabase.com/model/pigtronix/polysaturator","Exact Effects Database record for Pigtronix PolySaturator."
"Pigtronix","Bass FAT Drive","https://reverb.com/p/pigtronix-bass-fat-drive","Exact Reverb product reference page for Pigtronix Bass FAT Drive."
"Pigtronix","FAT Drive","https://www.premierguitar.com/gear/pigtronix-fat-drive-pedal-review","Exact Premier Guitar product review page for Pigtronix FAT Drive."
"Darkglass Electronics","Microtubes Vintage Deluxe","https://www.effectsdatabase.com/model/darkglass/microtubes/vintagedeluxe","Exact Effects Database record for Darkglass Microtubes Vintage Deluxe."
"Xotic Effects","Bass BB Preamp V1.5","https://guitarpedalshoppe.com/xotic-effects-bass-bb-pre","Exact product reference page for Xotic Bass BB Preamp V1.5."
"Keeley Electronics","SUNS Ultravoid Fuzz","https://www.ebay.com/itm/405388467636","Exact-model eBay listing for Keeley SUNS Ultravoid Fuzz; use as alternate exact-model extraction source only."
"VFE Pedals","Dark Horse","https://reverb.com/item/237415-vfe-pedals-dark-horse-distortion-20-demo-discount","Exact-model Reverb Dark Horse distortion listing; use only visibly matching Dark Horse imagery."
"Columbus","OVD-5 Overdrive","https://reverb.com/item/77051434-locobox-ovd-5-vintage-overdrive-pedal-pre-owned","Exact-model Reverb listing for Locobox OVD-5; visible pedal is the vintage OVD-5 overdrive."
"Subdecay","Liquid Sunshine","https://subdecay.com/liquid-sunshine-overdrive","Exact Subdecay manufacturer page for Liquid Sunshine"
"Radial Tonebone","Plexitube","https://www.radialeng.com/product/plexitube","Exact Radial Engineering manufacturer page for Tonebone Plexitube"
"Radial Tonebone","Trimode","https://www.radialeng.com/product/trimode","Exact Radial Engineering manufacturer page for Tonebone Trimode"
"Tech 21 NYC","Richie Kotzen Signature OMG","https://www.tech21nyc.com/archive/omg/","Exact Tech 21 manufacturer archive page for OMG"
"Ramble FX","Twin Bender","https://reverb.com/p/ramble-fx-twin-bender-v3","Exact Reverb product record for Ramble FX Twin Bender V3"
"Vemuram","Jan Ray for TF","https://www.mikigakki.com/shop/g/gJan-Ray-TF/","Exact retailer product page for VEMURAM Jan Ray For TF"
"Vemuram","Las Lunas","https://reverb.com/item/100075756-vemuram-las-lunas-distortion-pedal-authorized-dealer","Exact Vemuram Las Lunas listing from an authorized dealer"
"Vemuram","Myriad Fuzz — fuzz","https://reverb.com/item/94555497-vemuram-myriad-fuzz-2026-brass","Exact Vemuram Myriad Fuzz listing"
"Visual Sound / Truetone","Drivetrain / GarageTone Drivetrain","https://www.effectsdatabase.com/model/visualsound/garagetone/drivetrain","Exact Effects Database record for Visual Sound GarageTone Drivetrain"
"Universal Amplifier Corp","Astrotone","https://fuzzboxes.org/features/astrotone","Exact Astrotone historical reference page identifying Universal Amplifier Corp model"
"Strymon","Canoga Vintage Silicon Fuzz","https://www.strymon.net/product/canoga/","Exact Strymon manufacturer product page for Canoga"
"Collateral FX","P031 Zeugma Fuzz","https://collateralfx.com/br/pedais/","Exact Collateral FX catalog page listing P031 Zeugma Fuzz"
"Wren and Cuff","Eye See '78","https://www.wrenandcuff.com/products/eye-see-78","Exact Wren and Cuff manufacturer product page for Eye See '78"
"Wren and Cuff","Hangman-2D","https://www.wrenandcuff.com/products/hangman-2d","Exact Wren and Cuff manufacturer product page for Hangman-2D"
"Fuzzrocious Pedals","420 Fuzz v2","https://fuzzrociouspedals.com/?product=420-fuzz-v2","Exact Fuzzrocious manufacturer product page for 420 Fuzz v2"
"Fuzzrocious Pedals","Cicada Fuzz","https://fuzzrociouspedals.com/?product=cicada-fuzz","Exact Fuzzrocious manufacturer archive page for original Cicada Fuzz"
"Fuzzrocious Pedals","Dark Driving","https://fuzzrociouspedals.com/?product=dark-driving","Exact Fuzzrocious manufacturer archive page for Dark Driving"
"Fuzzrocious Pedals","Grey Stache / Heliotropic","https://fuzzrociouspedals.com/?product=grey-stache-heliotropic","Exact Fuzzrocious manufacturer product page for Grey Stache / Heliotropic"
"Fuzzrocious Pedals","Greyfly","https://fuzzrociouspedals.com/?product=greyfly","Exact Fuzzrocious manufacturer archive page for Greyfly"
"Fuzzrocious Pedals","K-A-E-D-E-N Drive","https://fuzzrociouspedals.com/?product=kaedendrive","Exact Fuzzrocious manufacturer archive page for K-A-E-D-E-N Drive"
"Fuzzrocious Pedals","Li'l Fella","https://fuzzrociouspedals.com/?product=lil-fella","Exact Fuzzrocious manufacturer product page for Li'l Fella"
"Fuzzrocious Pedals","Ram the Manparts","https://fuzzrociouspedals.com/?product=rtm","Exact Fuzzrocious manufacturer archive page for Ram the Manparts"
"Electronic Audio Experiments","0xEAE Bass Driver","https://www.electronicaudioexperiments.com/legacy/0xeae-bass","Exact EAE archival product page for 0xEAE Bass Driver"
"Electronic Audio Experiments","0xEAE Boost","https://www.electronicaudioexperiments.com/legacy/0xeae-boost","Exact EAE archival product page for 0xEAE Boost"
"Electronic Audio Experiments","Eldritch Blast","https://www.electronicaudioexperiments.com/legacy/eldritch-blast","Exact EAE archival product page for Eldritch Blast"
"Xotic Effects","Bass BB Preamp V1.5 — Bass Boost / Overdrive","https://xotic.us/effects/bass-bb-v1-5/","Exact Xotic manufacturer product page for Bass BB Preamp V1.5"
"Walrus Audio","Eras Five-State Distortion — Distortion","https://www.walrusaudio.com/products/eras-five-state-distortion","Exact Walrus Audio manufacturer product page for Eras Five-State Distortion"
"Sinvertek","N5+ Distortion","https://www.effectsdatabase.com/model/sinvertek/n5/plus","Exact Effects Database product record for Sinvertek Drive N5+"
"Xotic Effects","Bass BB Preamp V1.5","https://xotic.us/effects/bass-bb-v1-5/","Exact Xotic manufacturer product page for Bass BB Preamp V1.5"
"Prescription Electronics","Yardbox","https://www.effectsdatabase.com/model/prescription/yardbox","Exact Effects Database model record for Prescription Electronics Yardbox"
"Roger Mayer","Mongoose","https://www.effectsdatabase.com/model/rogermayer/rocket/mongoose","Exact Effects Database model record for Roger Mayer Mongoose"
"VOX","Big Ben Overdrive","https://www.effectsdatabase.com/model/vox/cooltron/ct02","Exact Effects Database model record for VOX CT-02 Big Ben Overdrive"
"VOX","Ice 9 Overdrive","https://www.effectsdatabase.com/model/vox/satriani/ice9","Exact Effects Database model record for VOX Satriani Ice 9 Overdrive"
"Way Huge","Camel Toe MkII","https://www.effectsdatabase.com/model/wayhuge/dunlop/whe209","Exact Effects Database model record for Way Huge WHE209 Camel Toe MkII"
"Way Huge","Smalls Pork & Pickle","https://www.effectsdatabase.com/model/wayhuge/dunlop/smalls/wm91","Exact Effects Database model record for Way Huge Smalls WM91 Pork & Pickle"
"ARC Effects","Klone V2","https://www.effectsdatabase.com/model/arceffects/klone/v2","Exact Effects Database model record for ARC Effects Klone V2"
"ARC Effects","Shepherd","https://www.arceffects.com/shepherd/","Exact ARC Effects manufacturer product page for Shepherd"
"Bad Penny FX","Dluxe Drive","https://reverb.com/en-nl/item/95603125-bad-penny-fx-dluxe-drive-guitar-pedal","Exact-model Reverb listing for Bad Penny FX Dluxe Drive"
"BAE Audio","Tonestack Fuzz","https://www.effectsdatabase.com/model/bae/tonestack","Exact Effects Database model record for BAE Audio Tonestack Fuzz"
"BJFE / BJF Electronics","Arctic Light Fuzz","https://www.effectsdatabase.com/model/bjfe/fuzz/arcticwhite","Exact Effects Database model record for BJFE Arctic White Fuzz"
"BJFE / BJF Electronics","Baby Blue Overdrive (BBOD)","https://www.effectsdatabase.com/model/bjfe/bbod","Exact Effects Database model record for BJFE Baby Blue Overdrive"
"Darkglass Electronics","Alpha-Omega Photon","https://www.darkglass.com/products/alpha-omega-%CF%86oton","Exact Darkglass manufacturer product page for Alpha·Omega Photon"
"Darkglass Electronics","Microtubes B1K","https://www.darkglass.com/en-eu/products/b1k","Exact Darkglass manufacturer product page for Microtubes B1K"
"BJFE / BJF Electronics","Cliff Hanger II","https://www.bjfe.jp/en/products/bjfecliffhanger","Exact BJFE manufacturer product page for Cliff Hanger II"
"BJFE / BJF Electronics","Snow White Fuzz","https://reverb.com/p/bjfe-snow-white-fuzz-4-knob","Exact Reverb product record for BJFE Snow White Fuzz"
"BJFE / BJF Electronics","Sparkling Red Fuzz","https://www.bjfe.jp/en/products/bjfesrf","Exact BJFE manufacturer product page for Sparkling Red Fuzz"
"Stomp Under Foot","Black Russian","https://www.rockboard.de/en/pedalPedia/Stomp-Under-Foot/Black-Russian/68984641/","Exact RockBoard PedalPedia record for Stomp Under Foot Black Russian"
"Stomp Under Foot","Iron Tusk","https://www.rockboard.de/en/pedalPedia/Stomp-Under-Foot/Iron-Tusk/68984655/","Exact RockBoard PedalPedia record for Stomp Under Foot Iron Tusk"
"Backbeat Electric","Blue Blender","https://www.effectsdatabase.com/model/backbeat/blueblender","Exact Effects Database model record for Backbeat Electric Blue Blender"
"Devi Ever FX","Noise Floor","https://www.effectsdatabase.com/model/deviever/noisefloor","Exact Effects Database model record for Devi Ever FX Noise Floor"
"Devi Ever FX","US","https://reverb.com/p/devi-ever-fx-us-fuzz","Exact Reverb product record for Devi Ever FX US Fuzz"
"Devi Ever : FX","Truly Beautiful Disaster","https://reverb.com/p/devi-ever-fx-truly-beautiful-disaster","Exact Reverb product record for Devi Ever : FX Truly Beautiful Disaster"
"J. Rockett Audio Designs","Animal Overdrive","https://www.gbase.com/gear/j-rockett-audio-designs-animal-overdrive-68-p","Exact Gbase model listing for J. Rockett Animal Overdrive"
"J. Rockett Audio Designs","Flex Drive","https://willcuttguitars.com/products/j-rockett-audio-designs-flex-drive","Exact Willcutt product page for J. Rockett Flex Drive"
"J. Rockett Audio Designs","Hooligan Fuzz","https://willcuttguitars.com/products/j-rockett-hooligan-fuzz-pedal","Exact Willcutt product page for J. Rockett Hooligan Fuzz"
"J. Rockett Audio Designs","Majestic Overdrive","https://www.sweetwater.com/store/detail/MajesticOD--j-rockett-audio-designs-majestic-overdrive-pedal","Exact Sweetwater product page for J. Rockett Majestic Overdrive"
"J. Rockett Audio Designs","Monkey Man","https://reverb.com/item/26035791-j-rockett-audio-designs-the-monkey-man","Exact-model Reverb listing for J. Rockett Monkey Man"
"J. Rockett Audio Designs","WTF Fuzz","https://willcuttguitars.com/products/j-rockett-audio-designs-wtf-fuzz","Exact Willcutt product page for J. Rockett WTF Fuzz"
"Organic Sounds","Organic Drive ""Ares""","https://organic-sounds.com/products/organic-drive","Exact Organic Sounds manufacturer product page for Organic Drive Ares"
"Stomp Under Foot","Hellephant","https://reverb.com/p/stomp-under-foot-hellephant","Exact Reverb product record for Stomp Under Foot Hellephant"
"Stomp Under Foot","The Shag MkII","https://www.effectsdatabase.com/model/stompunderfoot/shag/mk2","Exact Effects Database model record for Stomp Under Foot The Shag MkII"
"Electronic Audio Experiments","Kerria Lacca","https://store.electrofoods.space/product/kerria-lacca","Exact Electrofoods product page for Kerria Lacca"
"Bad Penny FX","Morse Fuzz Mini","https://reverb.com/item/36572528-bad-penny-fx-morse-fuzz","Exact-model Reverb listing for Bad Penny FX Morse Fuzz Mini"
"Captain FX","War Pig","https://www.talkbass.com/threads/war-pig-a-great-looking-sounding-copy-of-90s-sovtek-big-muff.774007/","Exact-model TalkBass discussion for Captain FX War Pig with model-specific photographs"
"Bad Penny FX","Fuzz Controller Germanium","https://reverb.com/item/36572523-bad-penny-fx-the-fuzz-controller-v2","Exact-model Reverb listing for Bad Penny FX The Fuzz Controller V2"
"Devi Ever : FX","Beautiful Disaster","https://www.fuzzgoddess.com/about/","Historical builder source documenting the Beautiful Disaster lineage"
"Devi Ever : FX","Tri-Fuzz","https://www.fuzzgoddess.com/about/","Exact historical builder source documenting the first batch of Tri-Fuzz pedals"
"6 Degrees FX","Hyper Catalyst","https://www.effectsdatabase.com/model/6degrees/eleven/hypercatalyst","Exact Effects Database model page for 6 Degrees FX Hyper Catalyst"
"BOSS","HM-2 Heavy Metal","https://www.boss.info/global/boss-50th-anniversary/","BOSS anniversary archive identifying HM-2 Heavy Metal"
"BOSS","OD-1 OverDrive","https://www.boss.info/global/boss-50th-anniversary/","BOSS anniversary archive identifying OD-1 OverDrive"
"Browne Amplification","Atom - Nashville Drive","https://browneamps.com/press-releases","Exact Browne Amplification ATOM manufacturer press-release page"
"Baltimore Sonic Research Institute","FZZ","https://bsri.bigcartel.com/product/fzz","Exact BSRI FZZ product listing"
"EarthQuaker Devices","Hoof Reaper","https://www.earthquakerdevices.com/hoof-reaper","Exact EarthQuaker Devices manufacturer page for Hoof Reaper"
"Jackson Audio","Golden Boy Mini Overdrive","https://jackson.audio/products/golden-boy-mini","Exact Jackson Audio manufacturer page for Golden Boy Mini Overdrive"
"Fuzzrocious Pedals","Playing Mantis","https://fuzzrociouspedals.com/?product=playingmantis","Exact Fuzzrocious manufacturer page for Playing Mantis"
"SolidGoldFX","Imperial MKII","https://solidgoldfx.com/collections/the-collection/products/imperial-mkii","Exact SolidGoldFX manufacturer page for Imperial MKII"
"Fender","Smolder Acoustic Overdrive","https://www.fender.com/products/smolder-acoustic-overdrive","Exact Fender manufacturer page for Smolder Acoustic Overdrive"
"Ashdown Engineering","Bass Drive Plus","https://ashdownmusic.com/products/fs-drive-plus","Exact Ashdown manufacturer page for Drive Plus"
"BOSS","HM-2 Heavy Metal","https://www.boss.info/us/products/hm-2w/","BOSS manufacturer page explicitly identifies original HM-2 Heavy Metal"
"BOSS","OD-1 OverDrive","https://www.boss.info/us/products/box-40/","BOSS manufacturer page for OD-1 reissue within BOX-40"
"Devi Ever FX","'90","https://www.effectsdatabase.com/model/deviever/90","Exact Effects Database model record for Devi Ever FX '90"
"Devi Ever FX","ND Never Drive","https://reverb.com/item/1093229-devi-ever-effector-13-never-drive","Exact-model Reverb listing for Devi Ever / Effector 13 Never Drive"
"Devi Ever : FX","Never Drive","https://reverb.com/p/devi-ever-fx-never-drive","Exact Reverb model record for Devi Ever : FX Never Drive"
"Fortin Amplification","NATAS Limited Color","https://quanta-brands.jp/fortin-amplification/","Exact Quanta Brands manufacturer/importer page identifying NATAS Limited Color"
"J. Rockett Audio Designs","El Hombre","https://www.rockboard.de/en/pedalPedia/J-Rockett-Audio-Designs/El-Hombre/454642678/","Exact RockBoard PedalPedia model record for J. Rockett El Hombre"
"BJFE / BJF Electronics","Cliff Hanger","https://www.bjornjuhl.com/forum/viewtopic.php-f%3D6%26t%3D2261.html","Exact BJFE historical model description for Cliff Hanger"
"BJFE / BJF Electronics","Folk Fuzz 3.5%","https://www.bjfe.jp/en/products/bjfeffdlx","BJFE manufacturer page for Folk Fuzz DLX / 3.5% lineage"
"BJFE / BJF Electronics","Rebel Red Distortion","https://www.bjornjuhl.com/forum/viewtopic.php-f%3D6%26t%3D1555.html","Exact BJFE historical registry record for Rebel Red Distortion"
"BJFE / BJF Electronics","Saffron Yellow Overdrive (SYOD)","https://www.bjfe.jp/en/products/bjfesyod","Exact BJFE manufacturer page for Saffron Yellow OD"
"BJFE / BJF Electronics","Sun Burst Fuzz","https://www.bjornjuhl.com/forum/viewtopic.php-f%3D6%26t%3D2261.html","Exact BJFE historical model description for Sun Burst Fuzz"
"Bad Penny FX","Littlebox Fuzz","https://www.guitarpedalx.com/news/best-of-british-pedal-builders-roundup---an-a-z-overview-in-105-parts","Model-specific section for Bad Penny FX Littlebox Fuzz in the builder roundup"
"Bad Penny FX","Lollygagger Overdrive","https://www.guitarpedalx.com/news/best-of-british-pedal-builders-roundup---an-a-z-overview-in-105-parts","Model-specific section for Bad Penny FX Lollygagger Overdrive in the builder roundup"
"Bad Penny FX","Nerd Fuzz + Boost","https://www.guitarpedalx.com/news/best-of-british-pedal-builders-roundup---an-a-z-overview-in-105-parts","Model-specific section for Bad Penny FX Nerd Fuzz + Boost in the builder roundup"
"Bad Penny FX","Old Fuzz Mini","https://www.guitarpedalx.com/news/best-of-british-pedal-builders-roundup---an-a-z-overview-in-105-parts","Model-specific section for Bad Penny FX Old Fuzz Mini in the builder roundup"
"Bad Penny FX","Quagswag Fuzz Boost","https://www.guitarpedalx.com/news/best-of-british-pedal-builders-roundup---an-a-z-overview-in-105-parts","Model-specific section for Bad Penny FX Quagswag Fuzz Boost in the builder roundup"
"Bad Penny FX","Widow Dual Overdrive/Fuzz","https://reverb.com/item/66349057-bad-penny-fx-widow-fuzz-2021-blue-black","Exact-model Reverb listing for Bad Penny FX Widow Fuzz 2021"
"J. Rockett Audio Designs","GTO","https://www.ebay.com/itm/398401384714","Exact-model eBay listing for J. Rockett Audio Designs GTO"
"Devi Ever FX","PEEPlug","https://www.effectsdatabase.com/model/deviever/peep","Exact Effects Database model record for Devi Ever FX PEEPlug"
"Devi Ever FX","Beautiful Disaster","https://www.effectsdatabase.com/model/deviever/beautifuldisaster","Exact Effects Database model record for Devi Ever FX Beautiful Disaster"
"Devi Ever FX","'90","https://reverb.com/p/devi-ever-fx-90-fuzz","Exact Reverb model record for Devi Ever FX 90 Fuzz"
"Devi Ever : FX","Beautiful Disaster","https://reverb.com/au/p/devi-ever-fx-beautiful-disaster-2009","Exact Reverb model record for Devi Ever : FX Beautiful Disaster 2009"
"Devi Ever FX","ND Never Drive","https://www.effectsdatabase.com/type/octave/fuzz/1up","Exact Effects Database category record naming Devi Ever FX ND Never Drive"
"Electronic Audio Experiments","Kerria Lacca","https://www.electrofoods.space/kerria-lacca","Exact Electrofoods model page for Kerria Lacca"
"Fortin Amplification","NATAS Limited Color","https://store.ishibashi.co.jp/view/item/000000153812","Exact retailer product page for Fortin NATAS Limited Color"
"J. Rockett Audio Designs","El Hombre","https://reverb.com/p/j-rockett-el-hombre","Exact Reverb model record for J. Rockett El Hombre"
"J. Rockett Audio Designs","GTO","https://reverb.com/p/j-rockett-gto-overdrive","Exact Reverb model record for J. Rockett GTO Overdrive"
"BJFE / BJF Electronics","Saffron Yellow Overdrive (SYOD)","https://reverb.com/item/84887771-bjfe-saffron-yellow-od","Exact Reverb model listing for BJFE Saffron Yellow OD"
"Bad Penny FX","Littlebox Fuzz","https://reverb.com/uk/item/70081294-bad-penny-fx-little-box-fuzz","Exact Reverb listing for Bad Penny FX Little Box"
"Devi Ever : FX","Truly Beautiful Disaster","https://www.effectsdatabase.com/model/deviever/trulybeautifuldisaster","Exact Effects Database model record for Devi Ever : FX Truly Beautiful Disaster"
"Himmelstrutz Elektro Art","FITZO","https://www.himmelstrutz.com/fitzo/","Exact Himmelstrutz manufacturer page for FITZO"
"Himmelstrutz Elektro Art","FITZO+","https://www.himmelstrutz.com/fitzo-plus/","Exact Himmelstrutz manufacturer page for FITZO+"
"Himmelstrutz Elektro Art","GRAMPS","https://reverb.com/item/68864739-himmelstrutz-elektro-art-gramps","Exact Reverb record for Himmelstrutz GRAMPS"
"Himmelstrutz Elektro Art","GRAMPS+","https://www.ebay.com/itm/389024216669","Exact eBay model listing for Himmelstrutz GRAMPS+"
"A/DA","Final Phase","https://www.effectsdatabase.com/model/ada/finalphase","Exact A/DA Final Phase model record"
"Addrock Musical Products","Hism Scism","https://www.effectsdatabase.com/model/addrock/hismscism","Exact Addrock Hism Scism model record"
"Amptweaker","Tight Drive","https://amptweaker.com/product/tight-drive/","Exact Amptweaker Tight Drive manufacturer product page"
"Atlas Pedal","Bracton OverDrive","https://www.atlaspedal.com/bracton-overdrive","Exact Atlas Pedal Bracton OverDrive manufacturer page"
"Atlas Pedal","Sutherland OverDrive","https://www.atlaspedal.com/sutherland-overdrive","Exact Atlas Pedal Sutherland OverDrive manufacturer page"
"Darkglass Electronics","Microtubes X","https://darkglassjp.com/product/microtubes-x/","Exact Darkglass Microtubes X manufacturer product page"
"VFE Pedals","Dark Horse","https://www.rockboard.de/en/pedalPedia/VFE-Pedals/Dark-Horse/68986063/","Exact VFE Dark Horse model page with pedal image"
"A/DA","Final Phase","https://www.buyanalogman.com/ProductDetails.php?ProductCode=ADAFinalPhase","Exact A/DA Final Phase product page with model-specific product imagery"
"Acoustic Imaginearing","QuantumDrive","https://acousticimaginearing.com/","Exact QuantumDrive product on manufacturer site"
"Electronic Audio Experiments","Citadel","https://www.electronicaudioexperiments.com/pedals/citadel","Exact Citadel manufacturer product page"
"Keeley Electronics","Monterey Rotary Fuzz Vibe","https://robertkeeley.com/product/monterey-fuzz-vibe-workstation/","Exact Monterey manufacturer product page"
"Mad Professor Amplification","Little Tweedy Drive","https://mpamp.com/product/29/little-tweedy-drive","Exact Little Tweedy Drive manufacturer product page"
"Mad Professor Amplification","Stone Grey Distortion","https://mpamp.com/product/33/stone-grey-distortion","Exact Stone Grey Distortion manufacturer product page"
"Mask Audio Electronics","Germanium Part Garden","https://maskaudioelectronics.com/products/ge-part-garden","Exact Germanium Part Garden manufacturer product page"
"Old Blood Noise Endeavors","Pardner","https://oldbloodnoise.com/pedals/p/pardner-fuzz","Exact Pardner manufacturer product page"
"Union Tube & Transistor","Tone Druid+","https://www.uniontone.com/shop/tone-druid-","Exact Tone Druid+ manufacturer product page"
"Devi Ever FX","Vintage Fuzz Master","https://deviever.net/products/devi-ever-fx-vintage-fuzz-master","Exact Vintage Fuzz Master manufacturer product page"
"Fuzzrocious Pedals","Baby Furnace","https://fuzzrociouspedals.com/?product=babyfurnace","Exact Baby Furnace manufacturer product page"
"Fuzzrocious Pedals","Blast Furnace","https://fuzzrociouspedals.com/?product=blastfurnace","Exact Blast Furnace manufacturer product page"
"Foxgear","Bass Muffin","https://www.foxgeardistribution.com/backend/wp/wp-content/uploads/simple-file-list/BASSMUFFINUSERMANUAL_JAPAN.pdf","Exact Bass Muffin manufacturer manual with product image"
"Foxpedal","The City V2","https://foxpedal.com/collections","Exact The City V2 listed in manufacturer catalog"
"Xotic Effects","AC Booster V2 — Overdrive","https://xotic.us/effects/acbv2/","Exact AC Booster V2 manufacturer product page"
"Xotic Effects","AH Booster Allen Hinds — Overdrive","https://xotic.us/effects/ah-booster/","Exact AH Booster manufacturer product page"
"Xotic Effects","Bass RC Booster V2 — bass boost/drive product","https://xotic.us/effects/brcv2/","Exact Bass RC Booster V2 manufacturer product page"
"ZVEX Effects","Mastotron","https://www.zvex.com/guitar-pedals/mastotron-guitar-effects-pedal","Exact Mastotron manufacturer product page"
"Black Mass Electronics","The First Herald","https://blackmasselectronics.com/collections/fuzz/products/the-first-herald-big-box","Exact The First Herald manufacturer product page"
"Dinosaural","Hypoid Drive","https://cogginsaudio.co.uk/","Exact Hypoid Drive listed by the current Dinosaural/Coggins Audio site"
"Budda","Om Overdrive","https://www.budda.com/news/article.cfm/action/view/id/867/cat/1/article.cfm","Exact Om Overdrive product on manufacturer site"
"Maxon","ROD881","https://www.guitarcenter.com/Maxon/ROD881-Real-Tube-Overdrive-Distortion-Guitar-Effects-Pedal-1274115045617.gc","Exact ROD881 product listing with pedal photos"
"Stomp Under Foot","Son Of A Bee","https://www.guitarcenter.com/Used/Stomp-Under-Foot/Used-Stomp-Under-Foot-SON-OF-A-BEE-Effect-Pedal-122118891.gc","Exact Son Of A Bee product listing with pedal photos"
"MXR","Bass Distortion+","https://www.jimdunlop.com/mxr-bass-distortion/","Exact MXR Bass Distortion M85 manufacturer page"
"Subdecay","Blackstar – Ultimate Overdrive","https://subdecay.com/blackstar-ultimate-overdrive","Exact Blackstar Ultimate Overdrive manufacturer product page"
"Wren and Cuff","Eye See '78 OG","https://www.wrenandcuff.com/products/eye-see-78-og","Exact Eye See '78 OG manufacturer product page"
"Ashdown Engineering","ABM PRO-FX Double Shot","https://ashdownmusic.com/products/pro-fx-double-shot","Exact ABM PRO-FX Double Shot manufacturer product page"
"Ashdown Engineering","Geezer Butler Pedal Of Doom","https://ashdownmusic.com/collections/namm-22/products/geezer-butler-pedal-of-doom","Exact Geezer Butler Pedal Of Doom manufacturer product page"
"Ashdown Engineering","James LoMenzo Mega Drive","https://ashdownmusic.com/collections/pedals-1/products/lomenzo-mega-drive","Exact Lomenzo Mega Drive manufacturer product page"
"Bad Cat","Siamese Drive - Dual Harmonic Overdrive","https://www.effectsdatabase.com/model/badcat/siamesedrive","Exact Siamese Drive database record with pedal image"
"ProCo Sound","SOLO","https://www.effectsdatabase.com/model/proco/solo","Exact Pro Co SOLO database record with pedal image"
"TC Electronic","Fangs Metal Distortion","https://www.effectsdatabase.com/model/tcelectronic/smorgasbord/fangs","Exact Fangs Metal Distortion database record with pedal image"
"TC Electronic","Tube Pilot Overdrive","https://www.effectsdatabase.com/model/tcelectronic/smorgasbord/tubepilot","Exact Tube Pilot Overdrive database record with pedal image"
"Vemuram","Myriad","https://www.effectsdatabase.com/model/vemuram/myriad","Exact Myriad Fuzz database record with pedal image"
"OKKO FX","DIABLO DUAL","https://www.effectsdatabase.com/model/okko/diablo/dual","Exact Diablo Dual database record"
"MXR","EVH 5150 Overdrive","https://www.effectsdatabase.com/model/mxr/dunlop/evh5150","Exact MXR EVH-5150 database record"
"MXR","Prime Distortion","https://www.effectsdatabase.com/model/mxr/dunlop/m69","Exact MXR M-69 Prime Distortion database record"
"Dinosaural","Cogmeister","https://www.effectsdatabase.com/model/dinosaural/cogmeister","Exact Dinosaural Cogmeister database record"
"Fuzzrocious Pedals","Dark Driving v3","https://fuzzrociouspedals.com/?product=dark-driving-v3","Exact Dark Driving v3 manufacturer product page"
"AMT Electronics","DM-3 DistMachine","https://www.effectsdatabase.com/model/amt/dm3","Exact AMT Electronics DM-3 DistMachine database record"
"Asheville Guitar Pedals","Fuzz Driver Distortion","https://reverb.com/item/79928060-asheville-guitar-pedals-fuzz-driver-2023-green","Exact Asheville Guitar Pedals Fuzz Driver listing"
"Greer Amps","Little Samson","https://www.effectsdatabase.com/model/greer/littlesamson","Exact Greer Amps / Elliott Guitars Little Samson database record"
"Jackson Audio","Golden Boy Transparent Overdrive","https://jackson.audio/products/goldenboy","Exact Golden Boy Transparent Overdrive manufacturer product page"
"Lichtlaerm Audio","Medusa","https://lichtlaermaudio.com/shop/medusa","Exact Medusa manufacturer product page"
"ARC Effects","Klone","https://www.effectsdatabase.com/model/arceffects/klone","Exact ARC Effects Klone database record"
"Ashdown Engineering","AGM PRO-FX Vintage Fuzz","https://www.effectsdatabase.com/model/ashdown/profx/fuzz/vintage","Exact Ashdown AGM PRO-FX Vintage Fuzz database record"
"Bad Cat","Double Drive - Stackable Overdrive","https://www.effectsdatabase.com/model/badcat","Exact Bad Cat model index containing Double Drive"
"Baja Tech Custom","Da MOAF Deluxe","https://www.effectsdatabase.com/model/bajatech/damoaf/deluxe","Exact Baja Tech Custom Da MOAF Deluxe database record"
"Fuzzrocious Pedals","M.O.T.H.","https://fuzzrociouspedals.com/?product=moth","Exact Fuzzrocious M.O.T.H. manufacturer product page"
"Jackson Audio","Goat Head","https://jackson.audio/products/goat-head","Exact Goat Head analog plug-in module on manufacturer page; not a standalone pedal"
"OKKO FX","DIRTY DIABLO","https://okko-fx.com/DIRTY-DIABLO-Dual-Raw-Black-p772253144","Exact current Dirty Diablo Dual Raw/Black manufacturer product page"
"Coolsound","A127 Dirty Bass","https://www.mercatinomusicale.com/mm/a_coolsound-a127-dirty-bass-usato-vendo_id7856646.html","Alternate exact-model marketplace source with visible A127 Dirty Bass product photography."
"VFE Pedals","Blues King","https://www.truetonemusic.com/products/used-vfe-blues-king-overdrive-distortion-pedal-with-box","Alternate exact-model retail source with visible Blues King product photography."
"Way Huge","Overrated Special","https://www.mozeguitars.com/products/way-huge-smalls-overrated-special","Alternate exact-model retail source with visible Smalls Overrated Special product photography."
"A/DA","Final Phase","https://www.effectsdatabase.com/model/ada/finalphase","Exact A/DA Final Phase Effects Database record with original/reissue imagery; recover only exact Final Phase hardware."
"AMT Electronics","DM-3 DistMachine","https://www.effectsdatabase.com/model/amt/dm3","Exact AMT DM-3 DistMachine Effects Database record with model-specific imagery."
"Addrock Musical Products","Hism Scism","https://reverb.com/item/94436181-addrock-hism-scism-silicon-fuzz-pedal","Exact Addrock Hism Scism Reverb listing with model-specific product photography."
"Atlas Pedal","Bracton OverDrive","https://reverb.com/uk/item/92680208-atlas-pedal-bracton-overdrive","Exact Atlas Pedal Bracton OverDrive Reverb listing with model-specific photography."
"Atlas Pedal","Sutherland OverDrive","https://www.musicland.co.jp/fs/musiclandkey/atlas-sutherland-od","Exact Atlas Pedal Sutherland OverDrive retail page with model-specific photography."
"BOSS","BD-2 Blues Driver","https://www.russomusic.com/products/boss-bd-2-blues-driver-pedal-used-8965","Exact BOSS BD-2 Blues Driver Russo Music listing with model-specific photography."
"BOSS","JB-2 Angry Driver","https://www.chicagomusicexchange.com/products/boss-jb-2-angry-driver-2602593","Exact BOSS JB-2 Angry Driver Chicago Music Exchange listing with model-specific photography."
"Brantone Electronics","WEM Pepbox - Official Reissue","https://reverb.com/item/160502-wem-pep-box-official-re-issue-fuzz-brand-new-authorised-dealer-beatles-lennon-interest","Exact Brantone Electronics WEM Pepbox Official Reissue listing with model-specific photography."
"Browne Amplification","Atom - Nashville Drive","https://www.chicagomusicexchange.com/products/browne-amplification-atom-nashville-drive-overdrive-1677355","Exact Browne Amplification Atom Nashville Drive listing with model-specific photography."
"Big Ear NYC","The LOAF Fuzz","https://www.ricardo.ch/de/a/big-ear-pedals-loaf-fuzz-1259701572/","Exact Big Ear NYC LOAF Fuzz listing with model-specific photography."
"Black CAT Amps","DJENTTONIC","https://www.chicagomusicexchange.com/products/black-cat-pedals-djenttonic-1354064","Exact Black CAT Amps DJENTTONIC listing with model-specific photography."
"Comodoro Pedales","Botfly Fuzz","https://rockbox.es/5875-botfly-fuzz-ltd-rockbox-fuzz-by-comodoro-pedals-5787.html","Exact Comodoro Pedales Botfly Fuzz Ltd product listing with model-specific photography."
"Compulsive Audio","Face-Off Fuzz","https://www.effectsdatabase.com/model/compulsive/faceoff","Exact Compulsive Audio Face-Off Fuzz Effects Database record with model-specific imagery."
"Big Ear NYC","The LOAF Fuzz","https://reverb.com/item/609697-big-ear-n-y-c-loaf","Historical exact-model Big Ear N.Y.C. LOAF listing preserved as an alternate source lead."
