Builder,Pedal,Catalog Type,Pedal Info,Picture,PRP Complete,Research Record
1981 Inventions,DRV,Distortion,DONE,DONE,DONE,./research/pedals/1981 Inventions/DRV.md
1981 Inventions,DRV MOD 1,Distortion,DONE,DONE,DONE,./research/pedals/1981 Inventions/DRV MOD 1.md
1981 Inventions,DRV MOD 1 (WHITE),Distortion,DONE,DONE,DONE,./research/pedals/1981 Inventions/DRV MOD 1 (WHITE).md
1981 Inventions,DRV MOD 2,Distortion,DONE,DONE,DONE,./research/pedals/1981 Inventions/DRV MOD 2.md
1981 Inventions,DRV MOD 2 HYPERFADE,Distortion,DONE,DONE,DONE,./research/pedals/1981 Inventions/DRV MOD 2 HYPERFADE.md
1981 Inventions,DRV2,Distortion,DONE,DONE,DONE,./research/pedals/1981 Inventions/DRV2.md
1981 Inventions,Forget and Not Slow Down LVL,Overdrive,DONE,DONE,DONE,./research/pedals/1981 Inventions/Forget and Not Slow Down LVL.md
1981 Inventions,LVL,Overdrive,DONE,DONE,DONE,./research/pedals/1981 Inventions/LVL.md
6 Degrees FX,Amplitude Eleven,Overdrive,DONE,DONE,DONE,./research/pedals/6 Degrees FX/Amplitude Eleven.md
A Sound Of Failure,Death Driver,Overdrive,DONE,DONE,DONE,./research/pedals/A Sound Of Failure/Death Driver.md
A.Y.A,Bass Fuzz,Fuzz,DONE,DONE,DONE,./research/pedals/A.Y.A/Bass Fuzz.md
A.Y.A,BM-Fuzz 70,Fuzz,DONE,DONE,DONE,./research/pedals/A.Y.A/BM-Fuzz 70.md
A.Y.A,BM-Fuzz 80,Fuzz,DONE,DONE,DONE,./research/pedals/A.Y.A/BM-Fuzz 80.md
A.Y.A,Drivesta,Overdrive,DONE,DONE,DONE,./research/pedals/A.Y.A/Drivesta.md
A.Y.A,Frontgate Bass Drive,Overdrive,DONE,DONE,DONE,./research/pedals/A.Y.A/Frontgate Bass Drive.md
A/DA,APP-1 Pedal Preamp with D-Torsion Core,Overdrive,DONE,DONE,DONE,./research/pedals/A/DA/APP-1 Pedal Preamp with D-Torsion Core.md
A/DA,Final Phase,Distortion / Overdrive,DONE,DONE,DONE,./research/pedals/A/DA/Final Phase.md
A/DA,MP-1 Channel,Overdrive,DONE,DONE,DONE,./research/pedals/A/DA/MP-1 Channel.md
A&M Custom Effects,Crash Central - Crunch Distortion,Distortion,DONE,DONE,DONE,./research/pedals/A&M Custom Effects/Crash Central - Crunch Distortion.md
A&M Custom Effects,Crazyboy - Double Fuzz,Fuzz,DONE,DONE,DONE,./research/pedals/A&M Custom Effects/Crazyboy - Double Fuzz.md
A&M Custom Effects,Metal Maniac - Mega Distortion,Distortion,DONE,DONE,DONE,./research/pedals/A&M Custom Effects/Metal Maniac - Mega Distortion.md
A&M Custom Effects,Twin Pro - Overdrive,Overdrive,DONE,DONE,DONE,./research/pedals/A&M Custom Effects/Twin Pro - Overdrive.md
Abasi Concepts,Pathos Distortion,Distortion,DONE,DONE,DONE,./research/pedals/Abasi Concepts/Pathos Distortion.md
AbbyTone,Screwed Driver,Overdrive,DONE,DONE,DONE,./research/pedals/AbbyTone/Screwed Driver.md
ABL Pedals,The Szczur,Overdrive,DONE,DONE,DONE,./research/pedals/ABL Pedals/The Szczur.md
ABL Pedals,The Toor,Fuzz,DONE,DONE,DONE,./research/pedals/ABL Pedals/The Toor.md
Abominable Electronics,Cat Dirt Mini - Killer Acid Artwork,Overdrive,DONE,DONE,DONE,./research/pedals/Abominable Electronics/Cat Dirt Mini - Killer Acid Artwork.md
Abominable Electronics,Demon Lung,Fuzz,DONE,DONE,DONE,./research/pedals/Abominable Electronics/Demon Lung.md
Abominable Electronics,Hail Satan,Distortion / Fuzz,DONE,DONE,DONE,./research/pedals/Abominable Electronics/Hail Satan.md
Abominable Electronics,Hail Satan Deluxe,Distortion / Fuzz,DONE,DONE,DONE,./research/pedals/Abominable Electronics/Hail Satan Deluxe.md
Abominable Electronics,Hellmouth,Overdrive,DONE,DONE,DONE,./research/pedals/Abominable Electronics/Hellmouth.md
Abominable Electronics,Oppressive Cult Destroyer,Distortion / Overdrive,DONE,DONE,DONE,./research/pedals/Abominable Electronics/Oppressive Cult Destroyer.md
Abominable Electronics,Throne Torcher,Distortion,DONE,DONE,DONE,./research/pedals/Abominable Electronics/Throne Torcher.md
Abominable Electronics,Toke Machine,Fuzz,DONE,DONE,DONE,./research/pedals/Abominable Electronics/Toke Machine.md
Abominable Electronics,Yeti Fuzz,Fuzz,DONE,DONE,DONE,./research/pedals/Abominable Electronics/Yeti Fuzz.md
AboveGroundFX,El Griton Overdrive,Overdrive,DONE,DONE,DONE,./research/pedals/AboveGroundFX/El Griton Overdrive.md
AboveGroundFX,Rocks Hard,Distortion,DONE,DONE,DONE,./research/pedals/AboveGroundFX/Rocks Hard.md
Absolutely Analog,Ratzo,Distortion,DONE,DONE,DONE,./research/pedals/Absolutely Analog/Ratzo.md
AC Efectos,Green 808 Overdrive,Overdrive,DONE,DONE,DONE,./research/pedals/AC Efectos/Green 808 Overdrive.md
AC Efectos,Triplex Distortion,Distortion,DONE,DONE,DONE,./research/pedals/AC Efectos/Triplex Distortion.md
AC Noises,Arpiona,Fuzz,DONE,DONE,DONE,./research/pedals/AC Noises/Arpiona.md
AC Noises,Combatti,Distortion,DONE,DONE,DONE,./research/pedals/AC Noises/Combatti.md
AC Noises,Esplora,Fuzz,DONE,DONE,DONE,./research/pedals/AC Noises/Esplora.md
AC Noises,Urla,Fuzz,DONE,DONE,DONE,./research/pedals/AC Noises/Urla.md
AC Noises,Vola,Overdrive,DONE,DONE,DONE,./research/pedals/AC Noises/Vola.md
Accel Audio,OD-SS Express Overdrive,Overdrive,DONE,DONE,DONE,./research/pedals/Accel Audio/OD-SS Express Overdrive.md
Accel Audio,Stompzilla Fuzz,Fuzz,DONE,DONE,DONE,./research/pedals/Accel Audio/Stompzilla Fuzz.md
Accel Audio,Vintage Scream'in Overdrive,Overdrive,DONE,DONE,DONE,./research/pedals/Accel Audio/Vintage Scream'in Overdrive.md
Acid Age Electronics,Acid Pig - LM308 Distortion Unit,Distortion,DONE,DONE,DONE,./research/pedals/Acid Age Electronics/Acid Pig - LM308 Distortion Unit.md
Acid Fuzz,Acid Fuzzer MkI,Fuzz,DONE,DONE,DONE,./research/pedals/Acid Fuzz/Acid Fuzzer MkI.md
Acid Fuzz,Italian Fuzz,Fuzz,DONE,DONE,DONE,./research/pedals/Acid Fuzz/Italian Fuzz.md
Acid Fuzz,Mk1.5,Fuzz,DONE,DONE,DONE,./research/pedals/Acid Fuzz/Mk1.5.md
Acid Fuzz,NKT275 Acid Fuzz Face,Fuzz,DONE,DONE,DONE,./research/pedals/Acid Fuzz/NKT275 Acid Fuzz Face.md
Acid Fuzz,Professional MkII,Fuzz,DONE,DONE,DONE,./research/pedals/Acid Fuzz/Professional MkII.md
Acid Fuzz,Selmer Buzz Tone,Fuzz,DONE,DONE,DONE,./research/pedals/Acid Fuzz/Selmer Buzz Tone.md
Acid Fuzz,Sonic Boom,Fuzz,DONE,DONE,DONE,./research/pedals/Acid Fuzz/Sonic Boom.md
Acid Fuzz,The Zoink Machine,Fuzz,DONE,DONE,DONE,./research/pedals/Acid Fuzz/The Zoink Machine.md
Acid Fuzz,Zonk Machine - Vintage Series Re-build,Fuzz,DONE,DONE,DONE,./research/pedals/Acid Fuzz/Zonk Machine - Vintage Series Re-build.md
Aclam Guitars,Cinnamon Drive,Distortion / Overdrive,DONE,DONE,DONE,./research/pedals/Aclam Guitars/Cinnamon Drive.md
Aclam Guitars,Cinnamon Drive - Dreamer Edition,Distortion / Overdrive,DONE,DONE,DONE,./research/pedals/Aclam Guitars/Cinnamon Drive - Dreamer Edition.md
Aclam Guitars,Dr. Robert,Distortion,DONE,DONE,DONE,./research/pedals/Aclam Guitars/Dr. Robert.md
Aclam Guitars,Go Rocky Go,Distortion / Fuzz / Overdrive,DONE,DONE,DONE,./research/pedals/Aclam Guitars/Go Rocky Go.md
Aclam Guitars,Go Rocky Go - White Album Edition,Distortion / Fuzz / Overdrive,DONE,DONE,DONE,./research/pedals/Aclam Guitars/Go Rocky Go - White Album Edition.md
Aclam Guitars,The Mocker,Fuzz,DONE,DONE,DONE,./research/pedals/Aclam Guitars/The Mocker.md
Aclam Guitars,The Windmiller Preamp,Overdrive,DONE,DONE,DONE,./research/pedals/Aclam Guitars/The Windmiller Preamp.md
Aclam Guitars,The Woman Tone,Overdrive,DONE,DONE,DONE,./research/pedals/Aclam Guitars/The Woman Tone.md
Acorn Amps,Epstein Didn't Kill Himself Fuzz,Fuzz,DONE,DONE,DONE,./research/pedals/Acorn Amps/Epstein Didn't Kill Himself Fuzz.md
Acorn Amps,Epstein Isn't Dead Op-Amp Boost/Distortion,Distortion,DONE,DONE,DONE,./research/pedals/Acorn Amps/Epstein Isn't Dead Op-Amp Boost-Distortion.md
Acorn Amps,Kakarot Fuzz,Fuzz,DONE,DONE,DONE,./research/pedals/Acorn Amps/Kakarot Fuzz.md
Acorn Amps,Mind Killer Dual Distortion,Distortion,DONE,DONE,DONE,./research/pedals/Acorn Amps/Mind Killer Dual Distortion.md
Acorn Amps,Solid State Amp/Preamp,Distortion,DONE,DONE,DONE,./research/pedals/Acorn Amps/Solid State Amp-Preamp.md
Acorn Amps,TMA-1 Fuzz,Fuzz,DONE,DONE,DONE,./research/pedals/Acorn Amps/TMA-1 Fuzz.md
Acorn Amps,Vegeta Drive,Overdrive,DONE,DONE,DONE,./research/pedals/Acorn Amps/Vegeta Drive.md
Acoustic Imaginearing,QuantumDrive,Distortion / Overdrive,DONE,DONE,DONE,./research/pedals/Acoustic Imaginearing/QuantumDrive.md
AD Pedals,Aerodynamic overdrive,Overdrive,DONE,DONE,DONE,./research/pedals/AD Pedals/Aerodynamic overdrive.md
ADA Amps,MP-1 Channel,Distortion / Overdrive,DONE,DONE,DONE,./research/pedals/ADA Amps/MP-1 Channel.md
Add+ Pedals,Blues Player,Overdrive,DONE,DONE,DONE,./research/pedals/Add+ Pedals/Blues Player.md
Add+ Pedals,Der Fuzzer,Fuzz,DONE,DONE,DONE,./research/pedals/Add+ Pedals/Der Fuzzer.md
Add+ Pedals,Distortion,Distortion,DONE,DONE,DONE,./research/pedals/Add+ Pedals/Distortion.md
Add+ Pedals,Fuzz Face,Fuzz,DONE,DONE,DONE,./research/pedals/Add+ Pedals/Fuzz Face.md
Add+ Pedals,Fuzz Machine,Fuzz,DONE,DONE,DONE,./research/pedals/Add+ Pedals/Fuzz Machine.md
Add+ Pedals,Great White,Overdrive,DONE,DONE,DONE,./research/pedals/Add+ Pedals/Great White.md
Add+ Pedals,Great White 2,Overdrive,DONE,DONE,DONE,./research/pedals/Add+ Pedals/Great White 2.md
Add+ Pedals,Pi,Fuzz,DONE,DONE,DONE,./research/pedals/Add+ Pedals/Pi.md
Add+ Pedals,Ratortion,Distortion,DONE,DONE,DONE,./research/pedals/Add+ Pedals/Ratortion.md
Add+ Pedals,Ratortion 2,Distortion,DONE,DONE,DONE,./research/pedals/Add+ Pedals/Ratortion 2.md
Add+ Pedals,Ratortion 3,Distortion,DONE,DONE,DONE,./research/pedals/Add+ Pedals/Ratortion 3.md
Add+ Pedals,Ratortion 3 v2,Distortion,DONE,DONE,DONE,./research/pedals/Add+ Pedals/Ratortion 3 v2.md
Add+ Pedals,Shredder,Distortion,DONE,DONE,DONE,./research/pedals/Add+ Pedals/Shredder.md
Add+ Pedals,Super Drive,Overdrive,DONE,DONE,DONE,./research/pedals/Add+ Pedals/Super Drive.md
Add+ Pedals,Super Drive 2,Overdrive,DONE,DONE,DONE,./research/pedals/Add+ Pedals/Super Drive 2.md
Add+ Pedals,Tiger Shark,Overdrive,DONE,DONE,DONE,./research/pedals/Add+ Pedals/Tiger Shark.md
Add+ Pedals,Tube Drive,Overdrive,DONE,DONE,DONE,./research/pedals/Add+ Pedals/Tube Drive.md
Add+ Pedals,Tube Drive 2,Overdrive,DONE,DONE,DONE,./research/pedals/Add+ Pedals/Tube Drive 2.md
Add+ Pedals,Tube Drive Silver Edition,Overdrive,DONE,DONE,DONE,./research/pedals/Add+ Pedals/Tube Drive Silver Edition.md
Addrock Musical Products,Boostmaster,Overdrive,DONE,DONE,DONE,./research/pedals/Addrock Musical Products/Boostmaster.md
Addrock Musical Products,Geranium Fuzz,Fuzz,DONE,DONE,DONE,./research/pedals/Addrock Musical Products/Geranium Fuzz.md
Addrock Musical Products,Hism Scism,Fuzz,DONE,DONE,DONE,./research/pedals/Addrock Musical Products/Hism Scism.md
Addrock Musical Products,Not So Ol' Yeller,Overdrive,DONE,DONE,DONE,./research/pedals/Addrock Musical Products/Not So Ol' Yeller.md
Addrock Musical Products,Ol' Yeller,Overdrive,DONE,DONE,DONE,./research/pedals/Addrock Musical Products/Ol' Yeller.md
ADV Systems,#distortion,Distortion,DONE,DONE,DONE,./research/pedals/ADV Systems/#distortion.md
ADV Systems,#overdrive,Overdrive,DONE,DONE,DONE,./research/pedals/ADV Systems/#overdrive.md
Advance Tube Technology,Boost Cat Drive,Overdrive,DONE,DONE,DONE,./research/pedals/Advance Tube Technology/Boost Cat Drive.md
Advance Tube Technology,Over Cat Drive,Overdrive,DONE,DONE,DONE,./research/pedals/Advance Tube Technology/Over Cat Drive.md
Advance Tube Technology,Virus Drive,Distortion,DONE,DONE,DONE,./research/pedals/Advance Tube Technology/Virus Drive.md
Adventure Audio,Demogorgon Fuzz,Fuzz,DONE,DONE,DONE,./research/pedals/Adventure Audio/Demogorgon Fuzz.md
Adventure Audio,Dream Reaper,Fuzz,DONE,DONE,DONE,./research/pedals/Adventure Audio/Dream Reaper.md
Adventure Audio,Fuzz Peaks,Fuzz,DONE,DONE,DONE,./research/pedals/Adventure Audio/Fuzz Peaks.md
Adventure Audio,Fuzz Peaks II,Fuzz,DONE,DONE,DONE,./research/pedals/Adventure Audio/Fuzz Peaks II.md
Adventure Audio,Glacial Zenith - Overdrive,Overdrive,DONE,DONE,DONE,./research/pedals/Adventure Audio/Glacial Zenith - Overdrive.md
Adventure Audio,Thaw,Fuzz,DONE,DONE,DONE,./research/pedals/Adventure Audio/Thaw.md
AED,Blue Bee,Overdrive,DONE,DONE,DONE,./research/pedals/AED/Blue Bee.md
Aether Electronic,Lenore,Fuzz / Overdrive,DONE,DONE,DONE,./research/pedals/Aether Electronic/Lenore.md
AGR Pedals,Cuervo Muerto - Silicon Fuzz Bender,Fuzz,DONE,DONE,DONE,./research/pedals/AGR Pedals/Cuervo Muerto - Silicon Fuzz Bender.md
AGR Pedals,DS2610 - Vintage Distortion,Distortion,DONE,DONE,DONE,./research/pedals/AGR Pedals/DS2610 - Vintage Distortion.md
AGR Pedals,FZR912 - Muff Fuzz Deluxe,Fuzz,DONE,DONE,DONE,./research/pedals/AGR Pedals/FZR912 - Muff Fuzz Deluxe.md
AGR Pedals,OD85 - Full Range Overdrive,Overdrive,DONE,DONE,DONE,./research/pedals/AGR Pedals/OD85 - Full Range Overdrive.md
Aguilar,Agro - Bass Overdrive,Overdrive,DONE,DONE,DONE,./research/pedals/Aguilar/Agro - Bass Overdrive.md
Aguilar,Fuzzistor - Bass Fuzz,Fuzz,DONE,DONE,DONE,./research/pedals/Aguilar/Fuzzistor - Bass Fuzz.md
Aguilar,Storm King - Micro Bass Distortion/Fuzz,Distortion / Fuzz,DONE,DONE,DONE,./research/pedals/Aguilar/Storm King - Micro Bass Distortion/Fuzz.md
Airis Effects,Solar Flare Overdrive,Overdrive,DONE,DONE,DONE,./research/pedals/Airis Effects/Solar Flare Overdrive.md
Airis Effects,The Savage Drive,Overdrive,DONE,DONE,DONE,./research/pedals/Airis Effects/The Savage Drive.md
AJ Peat,Dirty Buzzard - Overdrive,Fuzz & Distortion,DONE,DONE,DONE,./research/pedals/AJ Peat/Dirty Buzzard - Overdrive.md
AJ Peat,Fat Peacock - Distortion w/ Boost,Distortion,DONE,DONE,DONE,./research/pedals/AJ Peat/Fat Peacock - Distortion w Boost.md
AJ Peat,Screaming Flamingo - Overdrive/Distortion,Distortion / Overdrive,DONE,DONE,DONE,./research/pedals/AJ Peat/Screaming Flamingo - Overdrive-Distortion.md
AJcustom,Distortion,Distortion,DONE,DONE,DONE,./research/pedals/AJcustom/Distortion.md
Akai,Blues Overdrive,Overdrive,DONE,DONE,DONE,./research/pedals/Akai/Blues Overdrive.md
Akai,Tri-Mode Fuzz,Fuzz,DONE,DONE,DONE,./research/pedals/Akai/Tri-Mode Fuzz.md
Akai,Tri-Mode Overdrive,Overdrive,DONE,DONE,DONE,./research/pedals/Akai/Tri-Mode Overdrive.md
Alairex,H.A.L.O. - Harmonic Amp-Like Overdrive,Overdrive,DONE,DONE,DONE,./research/pedals/Alairex/H.A.L.O. - Harmonic Amp-Like Overdrive.md
Alairex,H.A.L.O. Jr.,Overdrive,DONE,DONE,DONE,./research/pedals/Alairex/H.A.L.O. Jr..md
Alameda Guitars,Fuzzoo,Fuzz,DONE,DONE,DONE,./research/pedals/Alameda Guitars/Fuzzoo.md
Alber,FU-10,Fuzz,DONE,DONE,DONE,./research/pedals/Alber/FU-10.md
Alber,FU-1000,Fuzz,DONE,DONE,DONE,./research/pedals/Alber/FU-1000.md
Alber,FU-1000P,Fuzz,DONE,DONE,DONE,./research/pedals/Alber/FU-1000P.md
Alber,GA-104 Gain,Overdrive,DONE,DONE,DONE,./research/pedals/Alber/GA-104 Gain.md
Alber,GA-1040 Gain,Overdrive,DONE,DONE,DONE,./research/pedals/Alber/GA-1040 Gain.md
Alber,GA-1040P Gain,Overdrive,DONE,DONE,DONE,./research/pedals/Alber/GA-1040P Gain.md
Alber,OD-6 Over Drive,Overdrive,DONE,DONE,DONE,./research/pedals/Alber/OD-6 Over Drive.md
Alber,OD-600 Over Drive,Overdrive,DONE,DONE,DONE,./research/pedals/Alber/OD-600 Over Drive.md
Alber,OD-600P Over Drive,Overdrive,DONE,DONE,DONE,./research/pedals/Alber/OD-600P Over Drive.md
Alber,OD-610 Over Drive,Overdrive,DONE,DONE,DONE,./research/pedals/Alber/OD-610 Over Drive.md
Alcove,ALP-200 Overdrive,Overdrive,DONE,DONE,DONE,./research/pedals/Alcove/ALP-200 Overdrive.md
Alden,Tube Overdrive,Overdrive,DONE,DONE,DONE,./research/pedals/Alden/Tube Overdrive.md
Aleatorik,Operation 1,Overdrive,DONE,DONE,DONE,./research/pedals/Aleatorik/Operation 1.md
Aleatorik,Operation 2,Overdrive,DONE,DONE,DONE,./research/pedals/Aleatorik/Operation 2.md
Aleatorik,Operation 3,Overdrive,DONE,DONE,DONE,./research/pedals/Aleatorik/Operation 3.md
Aleks K Production,Honey Moon - Sweet Overdrive,Overdrive,DONE,DONE,DONE,./research/pedals/Aleks K Production/Honey Moon - Sweet Overdrive.md
Aleks K Production,Sun Beam - Magic Drive,Overdrive,DONE,DONE,DONE,./research/pedals/Aleks K Production/Sun Beam - Magic Drive.md
Alen Geere,Crown Centaur,Overdrive,DONE,DONE,DONE,./research/pedals/PRP Batch 046/Crown Centaur.md
Alen Geere,LEADer Mk.2,Overdrive,DONE,DONE,DONE,./research/pedals/PRP Batch 046/LEADer Mk.2.md
Alen Geere,Loverdrive,Overdrive,DONE,DONE,DONE,./research/pedals/PRP Batch 046/Loverdrive.md
Alen Geere,Methoxy Overdrive,Overdrive,DONE,DONE,DONE,./research/pedals/PRP Batch 046/Methoxy Overdrive.md
Alen Geere,Preface Drive,Overdrive,DONE,DONE,DONE,./research/pedals/PRP Batch 046/Preface Drive.md
Alen Geere,Serene,Overdrive,DONE,DONE,DONE,./research/pedals/PRP Batch 046/Serene.md
Alen Geere,Tube Fuzz,Fuzz,DONE,DONE,DONE,./research/pedals/PRP Batch 046/Tube Fuzz.md
Alexander Pedals,Clang Championship Edition,Distortion / Overdrive,DONE,DONE,DONE,./research/pedals/PRP Batch 046/Clang Championship Edition.md
Alexander Pedals,Hot Pink Drive,Overdrive,DONE,DONE,DONE,./research/pedals/PRP Batch 046/Hot Pink Drive.md
Alexander Pedals,Jubilee Silver Overdrive,Overdrive,DONE,DONE,DONE,./research/pedals/PRP Batch 046/Jubilee Silver Overdrive.md
Alexander Pedals,Magnolia Vintage Overdrive,Overdrive,DONE,DONE,DONE,./research/pedals/PRP Batch 046/Magnolia Vintage Overdrive.md
Alexander Pedals,Princess Clang,Distortion / Overdrive,DONE,DONE,DONE,./research/pedals/PRP Batch 047/Princess Clang.md
Alexander Pedals,Royal Cream,Overdrive,DONE,DONE,DONE,./research/pedals/PRP Batch 047/Royal Cream.md
Alien Amplification,Origami Overdrive,Overdrive,DONE,DONE,DONE,./research/pedals/PRP Batch 047/Origami Overdrive.md
Alien Rabbit,Magic Drive,Overdrive,DONE,DONE,DONE,./research/pedals/PRP Batch 047/Magic Drive.md
All-Pedal,Alcmene Overdrive,Overdrive,DONE,DONE,DONE,./research/pedals/PRP Batch 047/Alcmene Overdrive.md
All-Pedal,Devil's Triad Essentials,Overdrive,DONE,DONE,DONE,./research/pedals/PRP Batch 047/Devil's Triad Essentials.md
All-Pedal,Slamurai Bushido Drive,Overdrive,DONE,DONE,DONE,./research/pedals/PRP Batch 047/Slamurai Bushido Drive.md
Ampeg,Scrambler Bass Overdrive,Overdrive,DONE,DONE,DONE,./research/pedals/PRP Batch 047/Scrambler Bass Overdrive.md
Amplified Nation,Big Bloom Overdrive,Overdrive,DONE,DONE,DONE,./research/pedals/PRP Batch 047/Big Bloom Overdrive.md
Amplified Nation,Bigger Bloom Overdrive,Overdrive,DONE,DONE,DONE,./research/pedals/PRP Batch 047/Bigger Bloom Overdrive.md
AmpMojo,Skate Fuzz (SKUZZ),Fuzz,DONE,DONE,DONE,./research/pedals/PRP Batch 048/Skate Fuzz (SKUZZ).md
AmpMojo,Sol Drive,Overdrive,DONE,DONE,DONE,./research/pedals/PRP Batch 048/Sol Drive.md
Amptweaker,Bass BluesFuzz,Fuzz,DONE,DONE,DONE,./research/pedals/PRP Batch 048/Bass BluesFuzz.md
Amptweaker,Bass BluesFuzz Jr,Fuzz,DONE,DONE,DONE,./research/pedals/Amptweaker/Bass_BluesFuzz.md
Amptweaker,Bass TightDrive,Overdrive,DONE,DONE,DONE,./research/pedals/Amptweaker/Bass_TightDrive.md
Amptweaker,Bass TightDrive Jr,Overdrive,DONE,DONE,DONE,./research/pedals/Amptweaker/Bass_TightDrive_Jr.md
Amptweaker,Bass TightFuzz,Fuzz,DONE,DONE,DONE,./research/pedals/Amptweaker/Bass_TightFuzz.md
Amptweaker,Bass TightFuzz Jr,Fuzz,DONE,DONE,DONE,./research/pedals/Amptweaker/Bass_TightFuzz_Jr.md
Amptweaker,Bass TightMetal Jr,Distortion,DONE,DONE,DONE,./research/pedals/Amptweaker/Bass_TightMetal_Jr.md
Amptweaker,Bass TightRock Jr,Distortion / Overdrive,DONE,DONE,DONE,./research/pedals/Amptweaker/Bass_TightRock_Jr.md
Amptweaker,Big Rock Pro,Distortion / Overdrive,DONE,DONE,DONE,./research/pedals/Amptweaker/Big_Rock_Pro.md
Amptweaker,Big Rock Pro II,Distortion / Overdrive,DONE,DONE,DONE,./research/pedals/Amptweaker/Big_Rock_Pro_II.md
Amptweaker,BluesFuzz,Fuzz,DONE,DONE,DONE,./research/pedals/Amptweaker/BluesFuzz.md
Amptweaker,BluesFuzz Jr,Fuzz,DONE,DONE,DONE,./research/pedals/Amptweaker/BluesFuzz_Jr.md
Amptweaker,Fat Metal,Distortion,DONE,DONE,DONE,./research/pedals/Amptweaker/Fat_Metal.md
Amptweaker,Fat Metal Pro,Distortion,DONE,DONE,DONE,./research/pedals/Amptweaker/Fat_Metal_Pro.md
Amptweaker,Fat Metal Pro II,Distortion,DONE,DONE,DONE,./research/pedals/Amptweaker/Fat_Metal_Pro_II.md
Amptweaker,Fat Rock,Distortion,DONE,DONE,DONE,./research/pedals/Amptweaker/Fat_Rock.md
Amptweaker,Tight Drive,Overdrive,DONE,DONE,DONE,./research/pedals/Amptweaker/Tight_Drive.md
Amptweaker,Tight Drive Jr,Overdrive,DONE,DONE,DONE,./research/pedals/Amptweaker/Tight_Drive_Jr.md
Amptweaker,Tight Drive Pro,Overdrive,DONE,DONE,DONE,./research/pedals/Amptweaker/Tight_Drive_Pro.md
Amptweaker,Tight Metal,Distortion,DONE,DONE,DONE,./research/pedals/Amptweaker/Tight_Metal.md
Amptweaker,Tight Metal Jr,Distortion,DONE,DONE,DONE,./research/pedals/Amptweaker/Tight_Metal_Jr.md
Amptweaker,Tight Metal Pro,Distortion,DONE,DONE,DONE,./research/pedals/Amptweaker/Tight_Metal_Pro.md
Amptweaker,Tight Metal Pro II,Distortion,DONE,DONE,DONE,./research/pedals/Amptweaker/Tight_Metal_Pro_II.md
Amptweaker,Tight Rock,Distortion / Overdrive,DONE,DONE,DONE,./research/pedals/Amptweaker/Tight_Rock.md
Amptweaker,Tight Rock Jr,Distortion / Overdrive,DONE,DONE,DONE,./research/pedals/Amptweaker/Tight_Rock_Jr.md
Amptweaker,TightBoost,Overdrive,DONE,DONE,DONE,./research/pedals/Amptweaker/TightBoost.md
Amptweaker,TightFuzz,Fuzz,DONE,DONE,DONE,./research/pedals/Amptweaker/TightFuzz.md
Amptweaker,TightFuzz Jr,Fuzz,DONE,DONE,DONE,./research/pedals/Amptweaker/TightFuzz_Jr.md
Amptweaker,TightFuzz Pro,Fuzz,DONE,DONE,DONE,./research/pedals/Amptweaker/TightFuzz_Pro.md
Amsterdam Cream,Big Eye Fuzz,Fuzz,DONE,DONE,DONE,./research/pedals/PRP Batch 049/Big Eye Fuzz.md
Amsterdam Cream,Original Distortion,Distortion,DONE,DONE,DONE,./research/pedals/PRP Batch 049/Original Distortion.md
Amsterdam Cream,Plain Drive,Overdrive,DONE,DONE,DONE,./research/pedals/PRP Batch 049/Plain Drive.md
AMT Electronics,B-1 BG-Sharp,Overdrive,DONE,DONE,DONE,./research/pedals/PRP Batch 049/B-1 BG-Sharp.md
AMT Electronics,BS British Sound,Distortion,DONE,DONE,DONE,./research/pedals/PRP Batch 049/BS British Sound.md
AMT Electronics,CS California Sound,Distortion,DONE,DONE,DONE,./research/pedals/PRP Batch 049/CS California Sound.md
AMT Electronics,DM-3 DistMachine,Distortion,DONE,DONE,DONE,./research/pedals/PRP Batch 049/DM-3 DistMachine.md
AMT Electronics,M-1 JM-800,Overdrive,DONE,DONE,DONE,./research/pedals/PRP Batch 049/M-1 JM-800.md
AMT Electronics,R-1 Rectifier,Overdrive,DONE,DONE,DONE,./research/pedals/PRP Batch 049/R-1 Rectifier.md
AMT Electronics,Rammstein RD Distortion Combo Emulator,Distortion,DONE,DONE,DONE,./research/pedals/PRP Batch 049/Rammstein RD Distortion Combo Emulator.md
AMT Electronics,S-1,Overdrive,DONE,DONE,DONE,./research/pedals/PRP Batch 050/S-1.md
AMT Electronics,SS-11B,Overdrive,DONE,DONE,DONE,./research/pedals/PRP Batch 050/SS-11B.md
AMT Electronics,SS-20,Overdrive,DONE,DONE,DONE,./research/pedals/PRP Batch 050/SS-20.md
AMtech Handwired,Destroyer,Distortion,DONE,DONE,DONE,./research/pedals/PRP Batch 050/Destroyer.md
AMtech Handwired,Tube Drive,Overdrive,DONE,DONE,DONE,./research/pedals/PRP Batch 050/Tube Drive.md
amukaT,Tweaker,Fuzz,DONE,DONE,DONE,./research/pedals/PRP Batch 050/Tweaker.md
Amzel Electronics,Cheshire Cat Tone Evaporator,Distortion / Overdrive,DONE,DONE,DONE,./research/pedals/PRP Batch 050/Cheshire Cat Tone Evaporator.md
Analog Alien,Alien Bass Station,Distortion / Fuzz / Overdrive,DONE,DONE,DONE,./research/pedals/Analog Alien/Alien_Bass_Station.md
Analog Alien,Alien Tone Dragon,Fuzz / Overdrive,DONE,DONE,DONE,./research/pedals/Analog Alien/Alien_Tone_Dragon.md
Analog Alien,Alien Twister,Distortion / Fuzz / Overdrive,DONE,DONE,DONE,./research/pedals/Analog Alien/Alien_Twister.md
Analog Alien,Bucket Seat,Overdrive,DONE,DONE,DONE,./research/pedals/Analog Alien/Bucket_Seat.md
Analog Alien,FuzzBubble-45,Distortion / Fuzz / Overdrive,DONE,DONE,DONE,./research/pedals/Analog Alien/FuzzBubble_45.md
Analog Alien,Joe Walsh Double Classic,Overdrive,DONE,DONE,DONE,./research/pedals/PRP Batch 050/Joe Walsh Double Classic.md
Analog Alien,Rumble Seat,Overdrive,DONE,DONE,DONE,./research/pedals/PRP Batch 050/Rumble Seat.md
Analog Fox,Tone Machine,Fuzz,DONE,DONE,DONE,./research/pedals/PRP Batch 050/Tone Machine.md
Analog King,Fuzz Machine - Germanium Fuzz + Overdrive,Fuzz / Overdrive,DONE,DONE,DONE,./research/pedals/PRP Batch 056/Fuzz Machine - Germanium Fuzz + Overdrive.md
Analog King,ZenTone - Harmonic Drive,Overdrive,DONE,DONE,DONE,./research/pedals/PRP Batch 056/ZenTone - Harmonic Drive.md
Analog Man,Astro Tone,Fuzz,DONE,DONE,DONE,./research/pedals/Analog Man/Astro_Tone.md
Analog Man,King Of Tone,Distortion / Overdrive,DONE,DONE,DONE,./research/pedals/Analog Man/King_Of_Tone.md
Analog Man,Peppermint Fuzz,Fuzz,DONE,DONE,DONE,./research/pedals/Analog Man/Peppermint_Fuzz.md
Analog Man,Prince Of Tone,Distortion / Overdrive,DONE,DONE,DONE,./research/pedals/Analog Man/Prince_Of_Tone.md
Analog Man,Sun Face,Fuzz,DONE,DONE,DONE,./research/pedals/Analog Man/Sun_Face.md
Analog Man,Sun Lion,Fuzz,DONE,DONE,DONE,./research/pedals/Analog Man/Sun_Lion.md
Analog Music Company,Evil Pumpkin,Distortion / Fuzz,DONE,DONE,DONE,./research/pedals/PRP Batch 056/Evil Pumpkin.md
Analog Music Company,Mary Gorgias Ultra High Gain Distorter,Distortion,DONE,DONE,DONE,./research/pedals/PRP Batch 056/Mary Gorgias Ultra High Gain Distorter.md
Analog Noir,Fuzz Face / Rangemaster Treble Booster,Fuzz,DONE,DONE,DONE,./research/pedals/PRP Batch 056/Fuzz Face - Rangemaster Treble Booster.md
Analog Noir,Harmonic Percolator,Distortion / Fuzz,DONE,DONE,DONE,./research/pedals/PRP Batch 056/Harmonic Percolator.md
Analog Noir,Si / Ge Fuzz Face,Fuzz,DONE,DONE,DONE,./research/pedals/PRP Batch 056/Si - Ge Fuzz Face.md
Analog Noir,Tone Bender MK1.5 / Tone Bender MKII,Fuzz,DONE,DONE,DONE,./research/pedals/Analog Noir/Tone Bender MK1.5 - Tone Bender MKII.md
Analog Noir,Tone Bender MKI,Fuzz,DONE,DONE,DONE,./research/pedals/Analog Noir/Tone Bender MKI.md
Analog Noir,Tone Bender MKI / Rangemaster Treble Booster,Fuzz,DONE,DONE,DONE,./research/pedals/Analog Noir/Tone Bender MKI - Rangemaster Treble Booster.md
Analog Noir,Zonk Machine,Fuzz,DONE,DONE,DONE,./research/pedals/Analog Noir/Zonk Machine.md
Analog Sound,Atomic Overdrive,Overdrive,DONE,DONE,DONE,./research/pedals/Analog Sound/Atomic Overdrive.md
Analog Sound,Double Trouble Overdrive,Overdrive,DONE,DONE,DONE,./research/pedals/Analog Sound/Double Trouble Overdrive.md
Analog Sound,Scream For Cream OD,Overdrive,DONE,DONE,DONE,./research/pedals/Analog Sound/Scream For Cream OD.md
Analog Sound,Smooth O' Drive,Overdrive,DONE,DONE,DONE,./research/pedals/Analog Sound/Smooth O' Drive.md
Analog Sound,The Boogie Man,Overdrive,DONE,DONE,DONE,./research/pedals/Analog Sound/The Boogie Man.md
Anarchy Audio Australia,Baa Bzz,Fuzz,DONE,DONE,DONE,./research/pedals/Anarchy Audio Australia/Baa Bzz.md
Anarchy Audio Australia,Deadwoods - Chainsaw Fuzz,Fuzz,DONE,DONE,DONE,./research/pedals/Anarchy Audio Australia/Deadwoods - Chainsaw Fuzz.md
Anarchy Audio Australia,Sentinel,Fuzz,DONE,DONE,DONE,./research/pedals/Anarchy Audio Australia/Sentinel.md
Anasounds,bitoun fuzz,Fuzz,DONE,DONE,DONE,./research/pedals/Anasounds/bitoun fuzz.md
Anasounds,cerberus,Overdrive,DONE,DONE,DONE,./research/pedals/Anasounds/cerberus.md
Anasounds,ego driver,Overdrive,DONE,DONE,DONE,./research/pedals/Anasounds/ego driver.md
Anasounds,feed me mk3,Fuzz,DONE,DONE,DONE,./research/pedals/Anasounds/feed me mk3.md
Anasounds,full story,Distortion / Fuzz,DONE,DONE,DONE,./research/pedals/Anasounds/full story.md
Anasounds,high voltage,Overdrive,DONE,DONE,DONE,./research/pedals/Anasounds/high voltage.md
Anasounds,sandman,Overdrive,DONE,DONE,DONE,./research/pedals/Anasounds/sandman.md
Anasounds,savage,Overdrive,DONE,DONE,DONE,./research/pedals/Anasounds/savage.md
Animal Factory Amplification,Baron Samedi,Fuzz,DONE,DONE,DONE,./research/pedals/Animal Factory Amplification/Baron_Samedi.md
Animal Factory Amplification,Chemical Burn,Fuzz,DONE,DONE,DONE,./research/pedals/Animal Factory Amplification/Chemical_Burn.md
Animal Factory Amplification,Dirty Mirror,Fuzz,DONE,DONE,DONE,./research/pedals/Animal Factory Amplification/Dirty_Mirror.md
Animal Factory Amplification,Godeater,Distortion / Fuzz,DONE,DONE,DONE,./research/pedals/Animal Factory Amplification/Godeater.md
Animal Factory Amplification,Godeater+,Distortion,DONE,DONE,DONE,./research/pedals/Animal Factory Amplification/Godeater_Plus.md
Animal Factory Amplification,Ozymandias,Distortion / Overdrive,DONE,DONE,DONE,./research/pedals/Animal Factory Amplification/Ozymandias.md
Animal Factory Amplification,Pit Viper,Distortion / Overdrive,DONE,DONE,DONE,./research/pedals/Animal Factory Amplification/Pit_Viper.md
Animals Pedal,ANGEL BEAR FACE FUZZ,Fuzz,DONE,DONE,DONE,./research/pedals/Animals Pedal/ANGEL BEAR FACE FUZZ.md
Animals Pedal,Diamond Peak Hybrid Over Drive,Overdrive,DONE,DONE,DONE,./research/pedals/Animals Pedal/Diamond Peak Hybrid Over Drive.md
Animals Pedal,FISHING IS AS FUN AS FUZZ,Fuzz,DONE,DONE,DONE,./research/pedals/Animals Pedal/FISHING IS AS FUN AS FUZZ.md
Animals Pedal,FISHING IS AS FUN AS FUZZ LIMITED EDITION,Fuzz,DONE,DONE,DONE,./research/pedals/Animals Pedal/FISHING IS AS FUN AS FUZZ LIMITED EDITION.md
Animals Pedal,I Was A Wolf In The Forest Distortion,Distortion,DONE,DONE,DONE,./research/pedals/Animals Pedal/I Was A Wolf In The Forest Distortion.md
Animals Pedal,"In Oct,3 Foxes talking of dreamy FUZZ",Fuzz,DONE,DONE,DONE,"./research/pedals/Animals Pedal/In Oct,3 Foxes talking of dreamy FUZZ.md"
Animals Pedal,Major Overdrive,Overdrive,DONE,DONE,DONE,./research/pedals/Animals Pedal/Major Overdrive.md
Animals Pedal,PUSH & PULL DISTORTION,Distortion,DONE,DONE,DONE,./research/pedals/PRP Batch 056/PUSH & PULL DISTORTION.md
Animals Pedal,PUSH & PULL DISTORTION LIMITED EDITION,Distortion,DONE,DONE,DONE,./research/pedals/PRP Batch 056/PUSH & PULL DISTORTION LIMITED EDITION.md
Animals Pedal,PUSH & PULL DISTORTION LIMITED EDITION C,Distortion,DONE,DONE,DONE,./research/pedals/PRP Batch 056/PUSH & PULL DISTORTION LIMITED EDITION C.md
Animals Pedal,Rover Fuzz,Fuzz,DONE,DONE,DONE,./research/pedals/PRP Batch 057/Rover Fuzz.md
Animals Pedal,Rust Rod Fuzz,Fuzz,DONE,DONE,DONE,./research/pedals/PRP Batch 057/Rust Rod Fuzz.md
Animals Pedal,Sunday Afternoon Is Infinity Bender,Fuzz,DONE,DONE,DONE,./research/pedals/PRP Batch 057/Sunday Afternoon Is Infinity Bender.md
Animals Pedal,Surfing Bear Overdrive,Overdrive,DONE,DONE,DONE,./research/pedals/PRP Batch 057/Surfing Bear Overdrive.md
Animals Pedal,SURFING POLAR BEAR BASS OVERDRIVE MOD BY BJF,Overdrive,DONE,DONE,DONE,./research/pedals/PRP Batch 057/SURFING POLAR BEAR BASS OVERDRIVE MOD BY BJF.md
Animals Pedal,Tioga Road Cycling Distortion,Distortion,DONE,DONE,DONE,./research/pedals/PRP Batch 057/Tioga Road Cycling Distortion.md
Animals Pedal,Vintage Van Driving is Very Fun,Overdrive,DONE,DONE,DONE,./research/pedals/PRP Batch 057/Vintage Van Driving is Very Fun.md
Anode Effects,Dragon Drive V2,Distortion / Overdrive,DONE,DONE,DONE,./research/pedals/PRP Batch 057/Dragon Drive V2.md
Anode Effects,MOS Fuzz,Fuzz,DONE,DONE,DONE,./research/pedals/PRP Batch 057/MOS Fuzz.md
ARC Effects,Soothsayer,Distortion / Overdrive,DONE,DONE,DONE,./research/pedals/PRP Batch 057/Soothsayer.md
Arcane Analog,ARCANE ANALOG FF66 FUZZ FACE,Fuzz,DONE,DONE,DONE,./research/pedals/PRP Batch 058/ARCANE ANALOG FF66 FUZZ FACE.md
Arcane Analog,BC108 Fuzz Face,Fuzz,DONE,DONE,DONE,./research/pedals/PRP Batch 058/BC108 Fuzz Face.md
Arcane Analog,BUZZAROUND OC45 / OC45 / OC43,Fuzz,DONE,DONE,DONE,./research/pedals/PRP Batch 058/BUZZAROUND OC45 - OC45 - OC43.md
Arcane Analog,BUZZSAW,Fuzz,DONE,DONE,DONE,./research/pedals/PRP Batch 058/BUZZSAW.md
Arcane Analog,Facebender / Rangbender,Fuzz,DONE,DONE,DONE,./research/pedals/PRP Batch 058/Facebender - Rangbender.md
Arcane Analog,NKT775 WHITE FUZZ FACE,Fuzz,DONE,DONE,DONE,./research/pedals/PRP Batch 058/NKT775 WHITE FUZZ FACE.md
Arcane Analog,OC42 MK1.5 Tonebender,Fuzz,DONE,DONE,DONE,./research/pedals/PRP Batch 058/OC42 MK1.5 Tonebender.md
Arcane Analog,Overdrive Overload,Overdrive,DONE,DONE,DONE,./research/pedals/PRP Batch 058/Overdrive Overload.md
Arcane Analog,TONE BENDERS (MK1 // MK1.5 // MK2 // MK3 // MK4),Fuzz,DONE,DONE,DONE,./research/pedals/PRP Batch 058/TONE BENDERS (MK1 - MK1.5 - MK2 - MK3 - MK4).md
Artisanal Effects,Artisanal Cheese (Big Cheese),Fuzz,DONE,DONE,DONE,./research/pedals/PRP Batch 058/Artisanal Cheese (Big Cheese).md
Artisanal Effects,Cheddar Source,Fuzz / Overdrive,DONE,DONE,DONE,./research/pedals/PRP Batch 059/Cheddar Source.md
Ashdown Engineering,John Myung Double Drive,Distortion / Fuzz,DONE,DONE,DONE,./research/pedals/PRP Batch 059/John Myung Double Drive.md
Asheville Guitar Pedals,Fuzz Driver Distortion,Distortion,DONE,DONE,DONE,./research/pedals/PRP Batch 059/Fuzz Driver Distortion.md
Asheville Guitar Pedals,Purr Machine Mini Fuzz Overdriver,Fuzz,DONE,DONE,DONE,./research/pedals/PRP Batch 059/Purr Machine Mini Fuzz Overdriver.md
Asheville Guitar Pedals,Rat King,Distortion,DONE,DONE,DONE,./research/pedals/PRP Batch 059/Rat King.md
Astral ToneWorx,666 The Beast,Distortion,DONE,DONE,DONE,./research/pedals/PRP Batch 059/666 The Beast.md
Astral ToneWorx,Krampus — Doom Fuzz,Fuzz,DONE,DONE,DONE,./research/pedals/PRP Batch 059/Krampus - Doom Fuzz.md
Atlas Pedal,Bracton OverDrive,Overdrive,DONE,DONE,DONE,./research/pedals/Atlas Pedal/Bracton OverDrive.md
Atlas Pedal,Sutherland OverDrive,Overdrive,DONE,DONE,DONE,./research/pedals/Atlas Pedal/Sutherland OverDrive.md
Atmosfera 6,BELMEZ Occult Fuzz Device,Fuzz,DONE,DONE,DONE,./research/pedals/Atmosfera 6/BELMEZ Occult Fuzz Device.md
Atmosfera 6,BELMEZ WITCHES Occult Fuzz,Fuzz,DONE,DONE,DONE,./research/pedals/Atmosfera 6/BELMEZ WITCHES Occult Fuzz.md
Atmosfera 6,SPACE OR DIE Variable Octave Generator,Overdrive,DONE,DONE,DONE,./research/pedals/Atmosfera 6/SPACE OR DIE Variable Octave Generator.md
Atmosfera 6,TERROR COSMICO,Distortion / Fuzz,DONE,DONE,DONE,./research/pedals/Atmosfera 6/TERROR COSMICO.md
Atmosfera 6,Thulsa Doom Hyborean Fuzz,Distortion / Fuzz,DONE,DONE,DONE,./research/pedals/Atmosfera 6/Thulsa Doom Hyborean Fuzz.md
Attic Audio,PUTTY Saturation Preamp,Fuzz / Overdrive,DONE,DONE,DONE,./research/pedals/Attic Audio/PUTTY Saturation Preamp.md
Audible Disease,FR-1 Fracture,Distortion,DONE,DONE,DONE,./research/pedals/Audible Disease/FR-1 Fracture.md
Audile,Bass TOAD - Tone Overdrive And Distortion for Bass,Distortion / Overdrive,DONE,DONE,DONE,./research/pedals/Audile/Bass TOAD - Tone Overdrive And Distortion for Bass.md
Audile,TOAD - Tone Overdrive And Distortion,Distortion / Overdrive,DONE,DONE,DONE,./research/pedals/Audile/TOAD - Tone Overdrive And Distortion.md
Audio Aesthetic,Midnight Drive,Overdrive,DONE,DONE,DONE,./research/pedals/Audio Aesthetic/Midnight Drive.md
Audio Kitchen,Fake Plastic Trees,Overdrive,DONE,DONE,DONE,./research/pedals/Audio Kitchen/Fake Plastic Trees.md
Audio Kitchen,The Big Trees,Overdrive,DONE,DONE,DONE,./research/pedals/Audio Kitchen/The Big Trees.md
Audio Kitchen,The Flying Squirrel,Fuzz,DONE,DONE,DONE,./research/pedals/Audio Kitchen/The Flying Squirrel.md
Audio Matrix,Mini Boogee / Mini Matrix,Overdrive,DONE,DONE,DONE,./research/pedals/Audio Matrix/Mini Boogee - Mini Matrix.md
Audio Monk,Fuzzbeard,Fuzz,DONE,DONE,DONE,./research/pedals/Audio Monk/Fuzzbeard.md
Audio Monk,Fuzzpotion - Bass Fuzz,Fuzz,DONE,DONE,DONE,./research/pedals/Audio Monk/Fuzzpotion - Bass Fuzz.md
Audio Monk,Rubie Drive,Distortion / Overdrive,DONE,DONE,DONE,./research/pedals/Audio Monk/Rubie Drive.md
Audio Squared,Major Fuzz,Fuzz,DONE,DONE,DONE,./research/pedals/Audio Squared/Major Fuzz.md
Audio Surplus Effects,Burden,Distortion / Fuzz,DONE,DONE,DONE,./research/pedals/Audio Surplus Effects/Burden.md
Audio Surplus Effects,Dornenkrone,Distortion / Fuzz,DONE,DONE,DONE,./research/pedals/Audio Surplus Effects/Dornenkrone.md
Audio Surplus Effects,Lurid Machine,Distortion,DONE,DONE,DONE,./research/pedals/Audio Surplus Effects/Lurid Machine.md
Audio Surplus Effects,Massenpanik,Distortion,DONE,DONE,DONE,./research/pedals/Audio Surplus Effects/Massenpanik.md
Audio Surplus Effects,Ok Doomer,Distortion / Fuzz,DONE,DONE,DONE,./research/pedals/Audio Surplus Effects/Ok Doomer.md
Audio Surplus Effects,Radio Trash Unrealistic Overdrive,Overdrive,DONE,DONE,DONE,./research/pedals/Audio Surplus Effects/Radio Trash Unrealistic Overdrive.md
Audio-Phonic,R4 Fuzz,Fuzz,DONE,DONE,DONE,./research/pedals/Audio-Phonic/R4 Fuzz.md
Audio-Phonic,Twin-Fuzz,Fuzz,DONE,DONE,DONE,./research/pedals/Audio-Phonic/Twin-Fuzz.md
Audio! Audio!,SD-1 Superdrive,Distortion / Overdrive,DONE,DONE,DONE,./research/pedals/Audio! Audio!/SD-1 Superdrive.md
Audiobox,Crunch Box,Overdrive,DONE,DONE,DONE,./research/pedals/Audiobox/Crunch Box.md
Audiofab,Chonky Boi,Distortion,DONE,DONE,DONE,./research/pedals/Audiofab/Chonky Boi.md
Audiofab,Valve Warper,Overdrive,DONE,DONE,DONE,./research/pedals/Audiofab/Valve Warper.md
Audiolithe,Chaosculpt Bass,Fuzz,DONE,DONE,DONE,./research/pedals/Audiolithe/Chaosculpt_Bass.md
Audiolithe,Doomer Fuzz,Fuzz,DONE,DONE,DONE,./research/pedals/Audiolithe/Doomer_Fuzz.md
Audiolithe,Extinction Drive,Fuzz / Overdrive,DONE,DONE,DONE,./research/pedals/Audiolithe/Extinction_Drive.md
Audiolithe,La Montagne,Fuzz,DONE,DONE,DONE,./research/pedals/Audiolithe/La_Montagne.md
Audiolithe,The Empress Bass,Overdrive,DONE,DONE,DONE,./research/pedals/Audiolithe/The_Empress_Bass.md
Audiostorm,ADNA,Overdrive,DONE,DONE,DONE,./research/pedals/Audiostorm/ADNA.md
Audiostorm,F258 Drive,Overdrive,DONE,DONE,DONE,./research/pedals/Audiostorm/F258 Drive.md
Audiostorm,Grand Classic Distortion,Distortion,DONE,DONE,DONE,./research/pedals/Audiostorm/Grand Classic Distortion.md
Audiostorm,Otherworld Overdrive,Overdrive,DONE,DONE,DONE,./research/pedals/Audiostorm/Otherworld Overdrive.md
Audiostorm,Quad Screamer Overdrive,Overdrive,DONE,DONE,DONE,./research/pedals/Audiostorm/Quad Screamer Overdrive.md
Aul Instruments,Fuzz,Fuzz,DONE,DONE,DONE,./research/pedals/Aul Instruments/Fuzz.md
Aural Dream,Bold Distortion,Distortion,DONE,DONE,DONE,./research/pedals/Aural Dream/Bold Distortion.md
Aural Dream,Compelling Drive,Overdrive,DONE,DONE,DONE,./research/pedals/Aural Dream/Compelling Drive.md
Aural Dream,Intense Distortion,Distortion,DONE,DONE,DONE,./research/pedals/Aural Dream/Intense Distortion.md
Aural Dream,Purely Fuzz,Fuzz,DONE,DONE,DONE,./research/pedals/Aural Dream/Purely Fuzz.md
Aural Dream,Warm Drive,Overdrive,DONE,DONE,DONE,./research/pedals/Aural Dream/Warm Drive.md
Auralux,Clear Gain,Overdrive,DONE,DONE,DONE,./research/pedals/Auralux/Clear Gain.md
Austone Electronics,Fuzz Nutz,Fuzz,DONE,DONE,DONE,./research/pedals/Austone Electronics/Fuzz Nutz.md
Austone Electronics,Textone Fuzz Nutz,Fuzz,DONE,DONE,DONE,./research/pedals/Austone Electronics/Textone Fuzz Nutz.md
Automat Audio Devices,Rara Avis,Fuzz,DONE,DONE,DONE,./research/pedals/Automat Audio Devices/Rara Avis.md
Automat Audio Devices,Triplegänger,Fuzz,DONE,DONE,DONE,./research/pedals/Automat Audio Devices/Triplegänger.md
Auxiliary Workshop,AWOD35 Overdrive,Overdrive,DONE,DONE,DONE,./research/pedals/Auxiliary Workshop/AWOD35 Overdrive.md
Auxiliary Workshop,The Devils Handshake,Fuzz / Overdrive,DONE,DONE,DONE,./research/pedals/Auxiliary Workshop/The Devils Handshake.md
AVIA,SD-2 Super Over Drive,Overdrive,DONE,DONE,DONE,./research/pedals/AVIA/SD-2 Super Over Drive.md
Avora,FY-6 Super Fuzz,Fuzz,DONE,DONE,DONE,./research/pedals/Avora/FY-6 Super Fuzz.md
Award-Session,JD10 Compact Jerry Donahue Sessionmaster,Overdrive,DONE,DONE,DONE,./research/pedals/Award-Session/JD10 Compact Jerry Donahue Sessionmaster.md
Award-Session,JD10 MkII Direct Recording Guitar Amp Emulator,Distortion / Overdrive,DONE,DONE,DONE,./research/pedals/Award-Session/JD10 MkII Direct Recording Guitar Amp Emulator.md
Award-Session,JD20 Jerry Donahue Twin Channel Direct Recording Guitar PreAmp And Overdrive/Distortion Pedal,Distortion / Overdrive,DONE,DONE,DONE,./research/pedals/Award-Session/JD20 Jerry Donahue Twin Channel Direct Recording Guitar PreAmp And Overdrive/Distortion Pedal.md
Award-Session,SP75 Sessionette:75 Guitar Amp Sound,Distortion / Overdrive,DONE,DONE,DONE,./research/pedals/Award-Session/SP75 Sessionette:75 Guitar Amp Sound.md
Awestruck Amplification,Highland,Overdrive,DONE,DONE,DONE,./research/pedals/Awestruck Amplification/Highland.md
Awestruck Amplification,Metro,Overdrive,DONE,DONE,DONE,./research/pedals/Awestruck Amplification/Metro.md
AWOL Pedals,Virus Fuzz,Fuzz,DONE,DONE,DONE,./research/pedals/AWOL Pedals/Virus Fuzz.md
Axcess by Giannini,BD-108 Blues Drive,Overdrive,DONE,DONE,DONE,./research/pedals/Axcess by Giannini/BD-108 Blues Drive.md
Axcess by Giannini,DS-101 Distortion,Distortion,DONE,DONE,DONE,./research/pedals/Axcess by Giannini/DS-101 Distortion.md
Axcess by Giannini,DS-102 Distortion 2,Distortion,DONE,DONE,DONE,./research/pedals/Axcess by Giannini/DS-102 Distortion 2.md
Axcess by Giannini,FZ-110 Fuzz,Fuzz,DONE,DONE,DONE,./research/pedals/Axcess by Giannini/FZ-110 Fuzz.md
Axcess by Giannini,MD-102 Mystic Drive,Overdrive,DONE,DONE,DONE,./research/pedals/Axcess by Giannini/MD-102 Mystic Drive.md
Axcess by Giannini,OD-102 Over Drive,Overdrive,DONE,DONE,DONE,./research/pedals/Axcess by Giannini/OD-102 Over Drive.md
Axess Electronics,OBViouS Boost/OD,Overdrive,DONE,DONE,DONE,./research/pedals/Axess Electronics/OBViouS Boost-OD.md
Axewerx,Gain Chain,Overdrive,DONE,DONE,DONE,./research/pedals/Axewerx/Gain Chain.md
Axewerx,Glass Drive,Distortion / Fuzz / Overdrive,DONE,DONE,DONE,./research/pedals/Axewerx/Glass Drive.md
AXiom Effects,Distortion Preamp DP-1,Distortion,DONE,DONE,DONE,./research/pedals/AXiom Effects/Distortion Preamp DP-1.md
AXiom Effects,Fuzz Preamp FP-1,Fuzz,DONE,DONE,DONE,./research/pedals/AXiom Effects/Fuzz Preamp FP-1.md
AXiom Effects,Overdrive Preamp OP-1,Overdrive,DONE,DONE,DONE,./research/pedals/AXiom Effects/Overdrive Preamp OP-1.md
Axis Guitar Effects,Axis Face MkII,Fuzz,DONE,DONE,DONE,./research/pedals/Axis Guitar Effects/Axis Face MkII.md
Axis Guitar Effects,Skrambler,Fuzz,DONE,DONE,DONE,./research/pedals/Axis Guitar Effects/Skrambler.md
AXL,DEQ-2 Distortion EQ,Distortion,DONE,DONE,DONE,./research/pedals/AXL/DEQ-2 Distortion EQ.md
AXL,DP-1 Distortion,Distortion,DONE,DONE,DONE,./research/pedals/AXL/DP-1 Distortion.md
AXL,FX-RAP-5 Multi-Effects Pedal,Distortion / Overdrive,DONE,DONE,DONE,./research/pedals/AXL/FX-RAP-5 Multi-Effects Pedal.md
AXL,TOD-9 Tube Overdrive,Overdrive,DONE,DONE,DONE,./research/pedals/AXL/TOD-9 Tube Overdrive.md
Axtar,DIS-5 Distortion,Distortion,DONE,DONE,DONE,./research/pedals/Axtar/DIS-5 Distortion.md
Azor,AP-302 Distortion Guitar Effect Pedal,Distortion,DONE,DONE,DONE,./research/pedals/Azor/AP-302 Distortion Guitar Effect Pedal.md
Azor,AP-507 Dog Distortion Guitar Effect Pedal,Distortion,DONE,DONE,DONE,./research/pedals/Azor/AP-507 Dog Distortion Guitar Effect Pedal.md
Azor,Distortion Effect Pedal,Distortion,DONE,DONE,DONE,./research/pedals/Azor/Distortion Effect Pedal.md
Azor,Fuzz Effect Pedal,Fuzz,DONE,DONE,DONE,./research/pedals/Azor/Fuzz Effect Pedal.md
Azor,Overdrive Effect Pedal,Overdrive,DONE,DONE,DONE,./research/pedals/Azor/Overdrive Effect Pedal.md
Azur,FUZZ Effect Pedal,Fuzz,DONE,DONE,DONE,./research/pedals/Azur/FUZZ Effect Pedal.md
Azur,LEON DRIVE Effect Pedal,Overdrive,DONE,DONE,DONE,./research/pedals/Azur/LEON DRIVE Effect Pedal.md
Azur,OVERDRIVE Effect Pedal,Overdrive,DONE,DONE,DONE,./research/pedals/Azur/OVERDRIVE Effect Pedal.md
B.C. Rich,DMD-1 Digital Metal Distortion,Distortion,DONE,DONE,DONE,./research/pedals/B.C. Rich/DMD-1 Digital Metal Distortion.md
B.K. Butler,Tube Driver,Overdrive,DONE,DONE,DONE,./research/pedals/B.K. Butler/Tube Driver.md
B85 Audio,Bass Overdrive,Overdrive,DONE,DONE,DONE,./research/pedals/B85 Audio/Bass Overdrive.md
B85 Audio,Fuzz Machine,Fuzz,DONE,DONE,DONE,./research/pedals/B85 Audio/Fuzz Machine.md
B85 Audio,Germanium Overdrive,Overdrive,DONE,DONE,DONE,./research/pedals/B85 Audio/Germanium Overdrive.md
B85 Audio,Germanium Overdrive Deluxe,Overdrive,DONE,DONE,DONE,./research/pedals/B85 Audio/Germanium Overdrive Deluxe.md
B85 Audio,Gut Ripper,Distortion,DONE,DONE,DONE,./research/pedals/B85 Audio/Gut Ripper.md
B85 Audio,Hrom - Bass Overdrive,Overdrive,DONE,DONE,DONE,./research/pedals/B85 Audio/Hrom - Bass Overdrive.md
Backbeat Electric,X-Bender,Fuzz,DONE,DONE,DONE,./research/pedals/Backbeat Electric/X-Bender.md
Bad Cat,2-Tone,Overdrive,DONE,DONE,DONE,./research/pedals/Bad Cat/2-Tone.md
Bad Cat,X-Treme Tone,Distortion / Overdrive,DONE,DONE,DONE,./research/pedals/Bad Cat/X-Treme Tone.md
Bad Penny FX,Morse Fuzz,Fuzz,DONE,DONE,DONE,./research/pedals/Bad Penny FX/Morse Fuzz.md
Bad Penny FX,The Fuzz Controller V1,Fuzz / Overdrive,DONE,DONE,DONE,./research/pedals/Bad Penny FX/The Fuzz Controller V1.md
Bad Penny FX,The Fuzz Controller V2,Fuzz,DONE,DONE,DONE,./research/pedals/Bad Penny FX/The Fuzz Controller V2.md
Bad Penny FX,Wireless Germanium Fuzz,Fuzz,DONE,DONE,DONE,./research/pedals/Bad Penny FX/Wireless Germanium Fuzz.md
Bad Pixel Pedals,Bad Face Silicon,Fuzz,DONE,DONE,DONE,./research/pedals/Bad Pixel Pedals/Bad Face Silicon.md
Bad Pixel Pedals,Buzzaround Fuzz,Fuzz,DONE,DONE,DONE,./research/pedals/Bad Pixel Pedals/Buzzaround Fuzz.md
Bad Pixel Pedals,Classic Model 1 Fuzz,Fuzz,DONE,DONE,DONE,./research/pedals/Bad Pixel Pedals/Classic Model 1 Fuzz.md
Bad Pixel Pedals,Classic Model 2 Fuzz,Fuzz,DONE,DONE,DONE,./research/pedals/Bad Pixel Pedals/Classic Model 2 Fuzz.md
Bad Pixel Pedals,Classic Model 3 Fuzz,Fuzz,DONE,DONE,DONE,./research/pedals/Bad Pixel Pedals/Classic Model 3 Fuzz.md
Bad Pixel Pedals,Fuck_Fuck Twin Tube Boost Overdrive,Overdrive,DONE,DONE,DONE,./research/pedals/Bad Pixel Pedals/Fuck_Fuck Twin Tube Boost Overdrive.md
Bad Pixel Pedals,Germanium Gold Face Fuzz,Fuzz,DONE,DONE,DONE,./research/pedals/Bad Pixel Pedals/Germanium Gold Face Fuzz.md
Bad Pixel Pedals,Germanium Pink Face Fuzz,Fuzz,DONE,DONE,DONE,./research/pedals/Bad Pixel Pedals/Germanium Pink Face Fuzz.md
Bad Pixel Pedals,MKII Professional Gold Bender Fuzz,Fuzz,DONE,DONE,DONE,./research/pedals/Bad Pixel Pedals/MKII Professional Gold Bender Fuzz.md
Baddy One Shoe Pedals,Heartbreaker,Overdrive,DONE,DONE,DONE,./research/pedals/Baddy One Shoe Pedals/Heartbreaker.md
Baddy One Shoe Pedals,Honeycomb,Overdrive,DONE,DONE,DONE,./research/pedals/Baddy One Shoe Pedals/Honeycomb.md
Baddy One Shoe Pedals,Infinity Drive,Overdrive,DONE,DONE,DONE,./research/pedals/Baddy One Shoe Pedals/Infinity Drive.md
Baddy One Shoe Pedals,Punch & Grind,Overdrive,DONE,DONE,DONE,./research/pedals/Baddy One Shoe Pedals/Punch & Grind.md
Baddy One Shoe Pedals,The Junk Puncher,Fuzz,DONE,DONE,DONE,./research/pedals/Baddy One Shoe Pedals/The Junk Puncher.md
Baddy One Shoe Pedals,Wayfarer,Overdrive,DONE,DONE,DONE,./research/pedals/Baddy One Shoe Pedals/Wayfarer.md
BAE Audio,Royaltone Fuzz,Fuzz,DONE,DONE,DONE,./research/pedals/BAE Audio/Royaltone Fuzz.md
Baja Tech Custom,Bone Bender,Fuzz,DONE,DONE,DONE,./research/pedals/Baja Tech Custom/Bone Bender.md
Baja Tech Custom,DaMOAF Fuzz,Distortion / Fuzz / Overdrive,DONE,DONE,DONE,./research/pedals/Baja Tech Custom/DaMOAF Fuzz.md
Baja Tech Custom,Das Fuzz Ge,Fuzz,DONE,DONE,DONE,./research/pedals/Baja Tech Custom/Das Fuzz Ge.md
Baja Tech Custom,Das Fuzz Si,Fuzz,DONE,DONE,DONE,./research/pedals/Baja Tech Custom/Das Fuzz Si.md
Baja Tech Custom,Top Boost TB-1,Overdrive,DONE,DONE,DONE,./research/pedals/Baja Tech Custom/Top Boost TB-1.md
Balaguer Guitars,BG-Drive - Preamp/Overdrive,Overdrive,DONE,DONE,DONE,./research/pedals/Balaguer Guitars/BG-Drive - Preamp/Overdrive.md
Balaguer Guitars,Fission Drive v2,Distortion / Fuzz / Overdrive,DONE,DONE,DONE,./research/pedals/Balaguer Guitars/Fission Drive v2.md
Baltimore Sonic Research Institute,Ashmaker - Distortion w/ Boost,Distortion,DONE,DONE,DONE,./research/pedals/Baltimore Sonic Research Institute/Ashmaker - Distortion w Boost.md
Baltimore Sonic Research Institute,FZZ,Fuzz,DONE,DONE,DONE,./research/pedals/Baltimore Sonic Research Institute/FZZ.md
Baltimore Sonic Research Institute,Get the Name of the Dog! JFET Overdrive,Overdrive,DONE,DONE,DONE,./research/pedals/Baltimore Sonic Research Institute/Get the Name of the Dog! JFET Overdrive.md
Baltimore Sonic Research Institute,Impossible Colors - Transformer Coupled Fuzz,Fuzz,DONE,DONE,DONE,./research/pedals/Baltimore Sonic Research Institute/Impossible Colors - Transformer Coupled Fuzz.md
Baltimore Sonic Research Institute,Impossible Colors II Transformer Coupled Fuzz,Fuzz,DONE,DONE,DONE,./research/pedals/Baltimore Sonic Research Institute/Impossible Colors II Transformer Coupled Fuzz.md
Baltimore Sonic Research Institute,Oriole Fuzz,Fuzz,DONE,DONE,DONE,./research/pedals/Baltimore Sonic Research Institute/Oriole Fuzz.md
Baltimore Sonic Research Institute,Radical Conversion - Discrete Opamp Distortion,Distortion,DONE,DONE,DONE,./research/pedals/Baltimore Sonic Research Institute/Radical Conversion - Discrete Opamp Distortion.md
Baltimore Sonic Research Institute,TFZ Fuzz,Fuzz,DONE,DONE,DONE,./research/pedals/Baltimore Sonic Research Institute/TFZ Fuzz.md
Barbarossa,CHIMAERA,Overdrive,DONE,DONE,DONE,./research/pedals/Barbarossa/Chimaera.md
Barbarossa,CRONUS,Distortion / Overdrive,DONE,DONE,DONE,./research/pedals/Barbarossa/Cronus.md
Barbarossa,GARGOYLE,Distortion / Overdrive,DONE,DONE,DONE,./research/pedals/Barbarossa/GARGOYLE.md
Barbarossa,URANUS,Overdrive,DONE,DONE,DONE,./research/pedals/Barbarossa/URANUS.md
Barber Electronics,1/2 Gainer,Overdrive,DONE,DONE,DONE,./research/pedals/Barber Electronics/1_2_Gainer.md
Barber Electronics,B-Custom Cool,Overdrive,DONE,DONE,DONE,./research/pedals/Barber Electronics/B-Custom_Cool.md
Barber Electronics,B-Custom Dual Discrete,Overdrive,DONE,DONE,DONE,./research/pedals/Barber Electronics/B-Custom_Dual_Discrete.md
Barber Electronics,B-Custom Super Sport,Overdrive,DONE,DONE,DONE,./research/pedals/Barber Electronics/B-Custom_Super_Sport.md
Barber Electronics,Burn Unit,Distortion / Overdrive,DONE,DONE,DONE,./research/pedals/Barber Electronics/Burn_Unit.md
Barber Electronics,Deep Fryer,Overdrive,DONE,DONE,DONE,./research/pedals/Barber Electronics/Deep_Fryer.md
Barber Electronics,Direct Drive Compact / Direct Drive v4,Distortion / Overdrive,DONE,DONE,DONE,./research/pedals/Barber Electronics/Direct_Drive_Compact_V4.md
Barber Electronics,Dirty Bomb,Distortion,DONE,DONE,DONE,./research/pedals/Barber Electronics/Dirty_Bomb.md
Barber Electronics,Exacta,Fuzz,DONE,DONE,DONE,./research/pedals/Barber Electronics/Exacta.md
Barber Electronics,FWW BUSS,Distortion / Overdrive,DONE,DONE,DONE,./research/pedals/Barber Electronics/FWW BUSS.md
Barber Electronics,FWW BUSS HG,Distortion / Overdrive,DONE,DONE,DONE,./research/pedals/Barber Electronics/FWW BUSS HG.md
Barber Electronics,FWW Plus,Distortion / Overdrive,DONE,DONE,DONE,./research/pedals/Barber Electronics/FWW Plus.md
Barber Electronics,Gain Changer SR,Distortion / Overdrive,DONE,DONE,DONE,./research/pedals/Barber Electronics/Gain Changer SR.md
Barber Electronics,LTD SR,Distortion / Overdrive,DONE,DONE,DONE,./research/pedals/Barber Electronics/LTD SR.md
Barber Electronics,LTD v2,Distortion / Overdrive,DONE,DONE,DONE,./research/pedals/Barber Electronics/LTD v2.md
Barber Electronics,Midnight Standard,Distortion / Overdrive,DONE,DONE,DONE,./research/pedals/Barber Electronics/Midnight Standard.md
Barber Electronics,Pepsiman,Distortion / Overdrive,DONE,DONE,DONE,./research/pedals/Barber Electronics/Pepsiman.md
Barber Electronics,Small Fry,Distortion / Overdrive,DONE,DONE,DONE,./research/pedals/Barber Electronics/Small Fry.md
Barber Electronics,Small Fry Burn Unit,Overdrive,DONE,DONE,DONE,./research/pedals/Barber Electronics/Small Fry Burn Unit.md
Barber Electronics,Trifecta,Fuzz,DONE,DONE,DONE,./research/pedals/Barber Electronics/Trifecta.md
Barber Electronics,UnLimiTeD,Distortion / Overdrive,DONE,DONE,DONE,./research/pedals/Barber Electronics/UnLimiTeD.md
Bardic Audio Devices,HM Demon,Distortion,DONE,DONE,DONE,./research/pedals/Bardic Audio Devices/HM Demon.md
Bardic Audio Devices,The Beast,Distortion / Fuzz / Overdrive,DONE,DONE,DONE,./research/pedals/Bardic Audio Devices/The Beast.md
Barge Concepts,BP-1,Distortion / Fuzz / Overdrive,DONE,DONE,DONE,./research/pedals/Barge Concepts/BP-1.md
Baroni Lab,Angry Pig,Distortion,DONE,DONE,DONE,./research/pedals/Baroni Lab/Angry Pig.md
Baroni Lab,Billygoats Muff,Distortion,DONE,DONE,DONE,./research/pedals/Baroni Lab/Billygoats Muff.md
Baroni Lab,GD Drive,Overdrive,DONE,DONE,DONE,./research/pedals/Baroni Lab/GD Drive.md
Baroni Lab,Moon Sound,Distortion,DONE,DONE,DONE,./research/pedals/Baroni Lab/Moon Sound.md
Baroni Lab,Morpheus,Distortion,DONE,DONE,DONE,./research/pedals/Baroni Lab/Morpheus.md
Baroni Lab,Rat'N Box,Distortion,DONE,DONE,DONE,./research/pedals/Baroni Lab/Rat'N Box.md
Baroni Lab,The Boutique Muff,Distortion,DONE,DONE,DONE,./research/pedals/Baroni Lab/The Boutique Muff.md
Baroni Lab,Tubes Tone & Drive,Overdrive,DONE,DONE,DONE,./research/pedals/Baroni Lab/Tubes Tone & Drive.md
Baroni Lab,Warp Drive,Overdrive,DONE,DONE,DONE,./research/pedals/Baroni Lab/Warp Drive.md
Basic Audio,Alter-Destiny,Fuzz,DONE,DONE,DONE,./research/pedals/Basic Audio/Alter-Destiny.md
Basic Audio,Blender,Fuzz,DONE,DONE,DONE,./research/pedals/Basic Audio/Blender.md
Basic Audio,Bye-Bias,Fuzz,DONE,DONE,DONE,./research/pedals/Basic Audio/Bye-Bias.md
Basic Audio,Bye-Bias (Germanium),Fuzz,DONE,DONE,DONE,./research/pedals/Basic Audio/Bye-Bias (Germanium).md
Basic Audio,DOT,Fuzz,DONE,DONE,DONE,./research/pedals/Basic Audio/DOT.md
Basic Audio,Eve fuzz,Fuzz,DONE,DONE,DONE,./research/pedals/Basic Audio/Eve fuzz.md
Basic Audio,Face,Fuzz,DONE,DONE,DONE,./research/pedals/Basic Audio/Face.md
Basic Audio,Foxey Lady,Fuzz,DONE,DONE,DONE,./research/pedals/Basic Audio/Foxey Lady.md
Basic Audio,Foxton,Fuzz,DONE,DONE,DONE,./research/pedals/Basic Audio/Foxton.md
Basic Audio,Futureman,Distortion / Fuzz / Overdrive,DONE,DONE,DONE,./research/pedals/Basic Audio/Futureman.md
Basic Audio,Fuzz Mutant,Fuzz,DONE,DONE,DONE,./research/pedals/Basic Audio/Fuzz Mutant.md
Basic Audio,Fuzz Right,Fuzz,DONE,DONE,DONE,./research/pedals/Basic Audio/Fuzz Right.md
Basic Audio,Gnarly,Fuzz,DONE,DONE,DONE,./research/pedals/Basic Audio/Gnarly.md
Basic Audio,Gypsy fuzz,Fuzz,DONE,DONE,DONE,./research/pedals/Basic Audio/Gypsy fuzz.md
Basic Audio,Kay Fuzz,Fuzz,DONE,DONE,DONE,./research/pedals/Basic Audio/Kay Fuzz.md
Basic Audio,Knight fuzz,Fuzz,DONE,DONE,DONE,./research/pedals/Basic Audio/Knight fuzz.md
Basic Audio,Low Volt,Fuzz,DONE,DONE,DONE,./research/pedals/Basic Audio/Low Volt.md
Basic Audio,Marq Won,Fuzz,DONE,DONE,DONE,./research/pedals/Basic Audio/Marq Won.md
Basic Audio,Nonts,Fuzz,DONE,DONE,DONE,./research/pedals/Basic Audio/Nonts.md
Basic Audio,Orpheum,Fuzz,DONE,DONE,DONE,./research/pedals/Basic Audio/Orpheum.md
Basic Audio,Oscix,Fuzz,DONE,DONE,DONE,./research/pedals/Basic Audio/Oscix.md
Basic Audio,Overtdrive,Overdrive,DONE,DONE,DONE,./research/pedals/Basic Audio/Overtdrive.md
Basic Audio,Pirk,Fuzz,DONE,DONE,DONE,./research/pedals/Basic Audio/Pirk.md
Basic Audio,Scarab Deluxe,Fuzz,DONE,DONE,DONE,./research/pedals/Basic Audio/Scarab Deluxe.md
Basic Audio,Sharp Tooth,Fuzz,DONE,DONE,DONE,./research/pedals/Basic Audio/Sharp Tooth.md
Basic Audio,Solar Myth,Fuzz,DONE,DONE,DONE,./research/pedals/Basic Audio/Solar Myth.md
Basic Audio,Spooky Tooth,Fuzz,DONE,DONE,DONE,./research/pedals/Basic Audio/Spooky Tooth.md
Basic Audio,Supa,Fuzz,DONE,DONE,DONE,./research/pedals/Basic Audio/Supa.md
Basic Audio,Supa MKI,Fuzz,DONE,DONE,DONE,./research/pedals/Basic Audio/Supa MKI.md
Basic Audio,Supa Tweak,Fuzz,DONE,DONE,DONE,./research/pedals/Basic Audio/Supa Tweak.md
Basic Audio,Super Fuzz,Fuzz,DONE,DONE,DONE,./research/pedals/Basic Audio/Super Fuzz.md
Basic Audio,Tri-Ram Muff,Fuzz,DONE,DONE,DONE,./research/pedals/Basic Audio/Tri-Ram Muff.md
Basic Audio,Zippy,Fuzz,DONE,DONE,DONE,./research/pedals/Basic Audio/Zippy.md
Basic Audio,Zonk,Fuzz,DONE,DONE,DONE,./research/pedals/Basic Audio/Zonk.md
BBE,G Screamer,Overdrive,DONE,DONE,DONE,./research/pedals/BBE/G Screamer.md
BBE,Green Screamer,Overdrive,DONE,DONE,DONE,./research/pedals/PRP Batch 097/Green Screamer.md
BearFoot FX,Arctic White Fuzz,Fuzz,DONE,DONE,DONE,./research/pedals/BearFoot FX/Arctic White Fuzz.md
BearFoot FX,BlueBerry Bass Overdrive,Overdrive,DONE,DONE,DONE,./research/pedals/BearFoot FX/BlueBerry Bass Overdrive.md
BearFoot FX,Bone Bender MKI Fuzz,Fuzz,DONE,DONE,DONE,./research/pedals/BearFoot FX/Bone Bender MKI Fuzz.md
BearFoot FX,Burgundy BossHorn Fuzz,Fuzz,DONE,DONE,DONE,./research/pedals/BearFoot FX/Burgundy BossHorn Fuzz.md
BearFoot FX,Candy Apple Fuzz,Fuzz,DONE,DONE,DONE,./research/pedals/BearFoot FX/Candy Apple Fuzz.md
BearFoot FX,Dyna Red Distortion,Distortion,DONE,DONE,DONE,./research/pedals/BearFoot FX/Dyna Red Distortion.md
BearFoot FX,Emerald Green Distortion Machine,Distortion,DONE,DONE,DONE,./research/pedals/BearFoot FX/Emerald Green Distortion Machine.md
BearFoot FX,Emerald Green Overdrive,Overdrive,DONE,DONE,DONE,./research/pedals/BearFoot FX/Emerald Green Overdrive.md
BearFoot FX,Honey Bee Overdrive,Overdrive,DONE,DONE,DONE,./research/pedals/BearFoot FX/Honey Bee Overdrive.md
BearFoot FX,Honey Bee Overdrive Plus,Overdrive,DONE,DONE,DONE,./research/pedals/BearFoot FX/Honey Bee Overdrive Plus.md
BearFoot FX,Honey Beest,Overdrive,DONE,DONE,DONE,./research/pedals/BearFoot FX/Honey Beest.md
BearFoot FX,Pink Purple Fuzz,Fuzz,DONE,DONE,DONE,./research/pedals/BearFoot FX/Pink Purple Fuzz.md
BearFoot FX,Silver Bee Overdrive,Overdrive,DONE,DONE,DONE,./research/pedals/BearFoot FX/Silver Bee Overdrive.md
BearFoot FX,Sparkling Yellow Overdrive,Overdrive,DONE,DONE,DONE,./research/pedals/BearFoot FX/Sparkling Yellow Overdrive.md
BearFoot FX,Über Bee Overdrive,Overdrive,DONE,DONE,DONE,./research/pedals/BearFoot FX/Über Bee Overdrive.md
BECOS FX,Ziffer Overdrive,Overdrive,DONE,DONE,DONE,./research/pedals/BECOS FX/Ziffer Overdrive.md
Beetronics FX,Abelha Tropical Fuzz,Fuzz,DONE,DONE,DONE,./research/pedals/Beetronics FX/Abelha Tropical Fuzz.md
Beetronics FX,Fatbee,Overdrive,DONE,DONE,DONE,./research/pedals/Beetronics FX/Fatbee.md
Beetronics FX,Nectar Tone Sweetener,Fuzz / Overdrive,DONE,DONE,DONE,./research/pedals/Beetronics FX/Nectar Tone Sweetener.md
Beetronics FX,Octahive V2,Fuzz,DONE,DONE,DONE,./research/pedals/Beetronics FX/Octahive V2.md
Beetronics FX,Overhive,Overdrive,DONE,DONE,DONE,./research/pedals/Beetronics FX/Overhive.md
Beetronics FX,Royal Jelly,Fuzz / Overdrive,DONE,DONE,DONE,./research/pedals/Beetronics FX/Royal Jelly.md
Beetronics FX,Swarm Fuzz Harmonizer,Fuzz,DONE,DONE,DONE,./research/pedals/Beetronics FX/Swarm Fuzz Harmonizer.md
Beetronics FX,Tuna Fuzz,Fuzz,DONE,DONE,DONE,./research/pedals/Beetronics FX/Tuna Fuzz.md
Beetronics FX,Vezzpa Octave Stinger,Fuzz,DONE,DONE,DONE,./research/pedals/Beetronics FX/Vezzpa Octave Stinger.md
Behringer,Bass Brassmaster,Fuzz,DONE,DONE,DONE,./research/pedals/Behringer/Bass Brassmaster.md
Behringer,Fuzz Bender,Fuzz,DONE,DONE,DONE,./research/pedals/Behringer/Fuzz Bender.md
Behringer,OD300,Distortion / Overdrive,DONE,DONE,DONE,./research/pedals/Behringer/OD300.md
Behringer,SF300 Super Fuzz,Fuzz,DONE,DONE,DONE,./research/pedals/Behringer/SF300 Super Fuzz.md
Behringer,UZ400 Ultra Fuzz,Fuzz,DONE,DONE,DONE,./research/pedals/Behringer/UZ400 Ultra Fuzz.md
Benson Amps,Deep Sea Diver Fuzz-Echo,Fuzz,DONE,DONE,DONE,./research/pedals/Benson Amps/Deep Sea Diver Fuzz-Echo.md
Benson Amps,Germanium Fuzz,Fuzz / Overdrive,DONE,DONE,DONE,./research/pedals/Benson Amps/Germanium Fuzz.md
Benson Amps,Germanium Preamp Pedal,Fuzz / Overdrive,DONE,DONE,DONE,./research/pedals/Benson Amps/Germanium Preamp Pedal.md
Benson Amps,Portable Distortion 424 MKII,Distortion,DONE,DONE,DONE,./research/pedals/Benson Amps/Portable Distortion 424 MKII.md
Benson Amps,Preamp Pedal,Fuzz / Overdrive,DONE,DONE,DONE,./research/pedals/Benson Amps/Preamp Pedal.md
Benson Amps,Stonk Box,Fuzz,DONE,DONE,DONE,./research/pedals/Benson Amps/Stonk Box.md
Benson Amps,Störkn B0kš,Fuzz,DONE,DONE,DONE,./research/pedals/Benson Amps/Störkn B0kš.md
Beta Aivin,BOD-1 Bass Overdrive,Overdrive,DONE,DONE,DONE,./research/pedals/Beta Aivin/BOD-1 Bass Overdrive.md
Beta Aivin,BOD-2 Bass Overdrive,Overdrive,DONE,DONE,DONE,./research/pedals/Beta Aivin/BOD-2 Bass Overdrive.md
BFFX Boutique Pedals,Demon D,Overdrive,DONE,DONE,DONE,./research/pedals/PRP Batch 080/Demon D.md
BFFX Boutique Pedals,Guitarlab1,Distortion / Overdrive,DONE,DONE,DONE,./research/pedals/PRP Batch 080/Guitarlab1.md
BFFX Boutique Pedals,Kairen,Overdrive,DONE,DONE,DONE,./research/pedals/PRP Batch 080/Kairen.md
BFFX Boutique Pedals,Sublime,Overdrive,DONE,DONE,DONE,./research/pedals/PRP Batch 080/Sublime.md
Bias,BDS-1 Distortion,Distortion,DONE,DONE,DONE,./research/pedals/PRP Batch 080/BDS-1 Distortion.md
Bias,Bias Distortion,Distortion,DONE,DONE,DONE,./research/pedals/PRP Batch 080/Bias Distortion.md
Bias,Bias Over Drive,Overdrive,DONE,DONE,DONE,./research/pedals/PRP Batch 080/Bias Over Drive.md
Big Bite Fx,Big Bite,Distortion / Overdrive,DONE,DONE,DONE,./research/pedals/PRP Batch 080/Big Bite.md
Big Ear,Black Betty,Fuzz,DONE,DONE,DONE,./research/pedals/PRP Batch 080/Black Betty.md
Big Ear,LOAF,Fuzz,DONE,DONE,DONE,./research/pedals/PRP Batch 080/LOAF.md
Big Ear,Slice of Pie,Fuzz,DONE,DONE,DONE,./research/pedals/PRP Batch 081/Slice of Pie.md
Big Ear,Woodcutter,Distortion,DONE,DONE,DONE,./research/pedals/PRP Batch 081/Woodcutter.md
Big Ear NYC,Black Betty,Fuzz,DONE,DONE,DONE,./research/pedals/PRP Batch 081/Black Betty.md
Big Ear NYC,Frank,Overdrive,DONE,DONE,DONE,./research/pedals/PRP Batch 081/Frank.md
Big Ear NYC,Slice Of Pie,Fuzz,DONE,DONE,DONE,./research/pedals/PRP Batch 081/Slice Of Pie.md
Big Ear NYC,The LOAF Fuzz,Fuzz,DONE,DONE,DONE,./research/pedals/PRP Batch 081/The LOAF Fuzz.md
Big Ear NYC,Woodcutter,Distortion,DONE,DONE,DONE,./research/pedals/PRP Batch 081/Woodcutter NYC.md
Big Game Pedals,Bedlam Drive III,Overdrive,DONE,DONE,DONE,./research/pedals/PRP Batch 081/Bedlam Drive III.md
Big Game Pedals,Everything is Alive - Modulated Resonant Fuzz,Fuzz,DONE,DONE,DONE,./research/pedals/PRP Batch 081/Everything is Alive - Modulated Resonant Fuzz.md
Big Game Pedals,FY-2 Fuzz,Fuzz,DONE,DONE,DONE,./research/pedals/PRP Batch 081/FY-2 Fuzz.md
Big Game Pedals,Nothing Is Dead Fuzz,Fuzz,DONE,DONE,DONE,./research/pedals/PRP Batch 082/Nothing Is Dead Fuzz.md
Big Game Pedals,Solace State,Distortion,DONE,DONE,DONE,./research/pedals/PRP Batch 082/Solace State.md
Big Joe Stomp Box Company,B-301 Tube,Overdrive,DONE,DONE,DONE,./research/pedals/PRP Batch 082/B-301 Tube.md
Big Joe Stomp Box Company,B-309 Texas Screamer,Overdrive,DONE,DONE,DONE,./research/pedals/PRP Batch 082/B-309 Texas Screamer.md
Big Joe Stomp Box Company,B-502 Empire,Distortion / Overdrive,DONE,DONE,DONE,./research/pedals/PRP Batch 082/B-502 Empire.md
Big Joe Stomp Box Company,R-402 Classic,Overdrive,DONE,DONE,DONE,./research/pedals/PRP Batch 082/R-402 Classic.md
Big Joe Stomp Box Company,R-403 Vintage,Overdrive,DONE,DONE,DONE,./research/pedals/PRP Batch 082/R-403 Vintage.md
Big Joe Stomp Box Company,R-404 Vintage II,Overdrive,DONE,DONE,DONE,./research/pedals/PRP Batch 082/R-404 Vintage II.md
Big John Effects,Dirty Sandwich,Overdrive,DONE,DONE,DONE,./research/pedals/PRP Batch 082/Dirty Sandwich.md
Big John Effects,Granny Puker,Distortion / Overdrive,DONE,DONE,DONE,./research/pedals/PRP Batch 082/Granny Puker.md
Big John Effects,Hairy Balls,Distortion / Fuzz / Overdrive,DONE,DONE,DONE,./research/pedals/PRP Batch 083/Hairy Balls.md
Big John Effects,Lil' John series,Fuzz,DONE,DONE,DONE,./research/pedals/PRP Batch 083/Lil' John series.md
Big John Effects,Obama Wah,Distortion,DONE,DONE,DONE,./research/pedals/PRP Batch 083/Obama Wah.md
Big John Effects,Pocket Rocket,Overdrive,DONE,DONE,DONE,./research/pedals/PRP Batch 083/Pocket Rocket.md
Big Knob Pedals,Appetite for Distortion,Distortion,DONE,DONE,DONE,./research/pedals/PRP Batch 083/Appetite for Distortion.md
Big Knob Pedals,Black Metallic,Distortion,DONE,DONE,DONE,./research/pedals/PRP Batch 083/Black Metallic.md
Big Knob Pedals,Blues Buster,Overdrive,DONE,DONE,DONE,./research/pedals/PRP Batch 083/Blues Buster.md
Big Knob Pedals,Bushy Bison,Fuzz,DONE,DONE,DONE,./research/pedals/PRP Batch 083/Bushy Bison.md
Big Knob Pedals,Civil Warp,Fuzz,DONE,DONE,DONE,./research/pedals/PRP Batch 083/Civil Warp.md
Big Knob Pedals,Colour Jumbo,Fuzz,DONE,DONE,DONE,./research/pedals/PRP Batch 083/Colour Jumbo.md
Big Knob Pedals,Creamy Pi,Fuzz,DONE,DONE,DONE,./research/pedals/PRP Batch 083/Creamy Pi.md
Big Knob Pedals,D OverDrive 250,Overdrive,DONE,DONE,DONE,./research/pedals/PRP Batch 083/D OverDrive 250.md
Big Knob Pedals,Fuzz Barn,Fuzz,DONE,DONE,DONE,./research/pedals/PRP Batch 083/Fuzz Barn.md
Big Knob Pedals,Fuzz Space,Fuzz,DONE,DONE,DONE,./research/pedals/PRP Batch 083/Fuzz Space.md
Big Knob Pedals,Game of Tones,Overdrive,DONE,DONE,DONE,./research/pedals/PRP Batch 083/Game of Tones.md
Big Knob Pedals,Green Russian,Fuzz,DONE,DONE,DONE,./research/pedals/PRP Batch 083/Green Russian.md
Big Knob Pedals,Guv'nator,Distortion,DONE,DONE,DONE,./research/pedals/PRP Batch 083/Guv'nator.md
Big Knob Pedals,I.C.B.M,Fuzz,DONE,DONE,DONE,./research/pedals/PRP Batch 083/I.C.B.M.md
Big Knob Pedals,Legend TB,Fuzz,DONE,DONE,DONE,./research/pedals/PRP Batch 084/Legend TB.md
Big Knob Pedals,Mad Donkey,Overdrive,DONE,DONE,DONE,./research/pedals/PRP Batch 084/Mad Donkey.md
Big Knob Pedals,NYC Version 6,Fuzz,DONE,DONE,DONE,./research/pedals/PRP Batch 084/NYC Version 6.md
Big Knob Pedals,Octavius,Fuzz,DONE,DONE,DONE,./research/pedals/PRP Batch 084/Octavius.md
Big Knob Pedals,Pig Stomp,Fuzz,DONE,DONE,DONE,./research/pedals/PRP Batch 084/Pig Stomp.md
Big Knob Pedals,Pink Freud,Fuzz / Overdrive,DONE,DONE,DONE,./research/pedals/PRP Batch 084/Pink Freud.md
Big Knob Pedals,Range Blaster,Overdrive,DONE,DONE,DONE,./research/pedals/PRP Batch 084/Range Blaster.md
Big Knob Pedals,Rat Pak,Distortion,DONE,DONE,DONE,./research/pedals/PRP Batch 084/Rat Pak.md
Big Knob Pedals,Rock-Ola,Distortion,DONE,DONE,DONE,./research/pedals/PRP Batch 084/Rock-Ola.md
Big Knob Pedals,Tone Blender,Fuzz,DONE,DONE,DONE,./research/pedals/PRP Batch 084/Tone Blender.md
Big Knob Pedals,Tone Boner,Overdrive,DONE,DONE,DONE,./research/pedals/PRP Batch 084/Tone Boner.md
Big Knob Pedals,Tone-Nation,Distortion,DONE,DONE,DONE,./research/pedals/PRP Batch 084/Tone-Nation.md
Big Knob Pedals,Tube 808,Overdrive,DONE,DONE,DONE,./research/pedals/PRP Batch 085/Tube 808.md
Big Knob Pedals,Zed Drive,Overdrive,DONE,DONE,DONE,./research/pedals/PRP Batch 085/Zed Drive.md
Big Lloyde,Overdose,Distortion,DONE,DONE,DONE,./research/pedals/PRP Batch 085/Overdose.md
Big Lloyde,Phat Axx,Distortion / Overdrive,DONE,DONE,DONE,./research/pedals/PRP Batch 085/Phat Axx.md
Big Monk Electronic Device Co.,Monk Boost,Distortion / Overdrive,DONE,DONE,DONE,./research/pedals/PRP Batch 085/Monk Boost.md
Big Monk Electronic Device Co.,The Pompeii,Distortion / Fuzz,DONE,DONE,DONE,./research/pedals/PRP Batch 085/The Pompeii.md
Big Tone Music Brewery,Anthology Fuzz,Fuzz,DONE,DONE,DONE,./research/pedals/PRP Batch 085/Anthology Fuzz.md
Big Tone Music Brewery,BTMB Overdrive,Overdrive,DONE,DONE,DONE,./research/pedals/PRP Batch 085/BTMB Overdrive.md
Big Tone Music Brewery,Classic Distortion,Distortion,DONE,DONE,DONE,./research/pedals/PRP Batch 085/Classic Distortion.md
Big Tone Music Brewery,Classic Overdrive+,Overdrive,DONE,DONE,DONE,./research/pedals/PRP Batch 085/Classic Overdrive+.md
Big Tone Music Brewery,Germanium Fuzz Master,Fuzz,DONE,DONE,DONE,./research/pedals/PRP Batch 086/Germanium Fuzz Master.md
Big Tone Music Brewery,Germanium FuzzBender,Fuzz,DONE,DONE,DONE,./research/pedals/PRP Batch 086/Germanium FuzzBender.md
Big Tone Music Brewery,MOSFET Overdrive & Boost,Overdrive,DONE,DONE,DONE,./research/pedals/PRP Batch 086/MOSFET Overdrive & Boost.md
Big Tone Music Brewery,Parametric Overdrive,Overdrive,DONE,DONE,DONE,./research/pedals/PRP Batch 086/Parametric Overdrive.md
Big Tone Music Brewery,Royal Beaver,Distortion / Fuzz / Overdrive,DONE,DONE,DONE,./research/pedals/PRP Batch 086/Royal Beaver.md
Big Tone Music Brewery,Six Of Swords,Fuzz / Overdrive,DONE,DONE,DONE,./research/pedals/PRP Batch 086/Six Of Swords.md
Big White Monkey Amps,Howler,Distortion,DONE,DONE,DONE,./research/pedals/PRP Batch 086/Howler.md
Big White Monkey Amps,Spider 808,Overdrive,DONE,DONE,DONE,./research/pedals/PRP Batch 086/Spider 808.md
Bigfoot Engineering,Anniversary King Fuzz,Fuzz,DONE,DONE,DONE,./research/pedals/PRP Batch 086/Anniversary King Fuzz.md
Bigfoot Engineering,Bigfoot 15th Anniversary Fuzz,Fuzz,DONE,DONE,DONE,./research/pedals/PRP Batch 086/Bigfoot 15th Anniversary Fuzz.md
Bigfoot Engineering,Bigfoot Germanium EQ Drive,Overdrive,DONE,DONE,DONE,./research/pedals/PRP Batch 086/Bigfoot Germanium EQ Drive.md
Bigfoot Engineering,Bigfoot Germanium EQ Fuzz,Fuzz,DONE,DONE,DONE,./research/pedals/PRP Batch 086/Bigfoot Germanium EQ Fuzz.md
Bigfoot Engineering,Bigfoot Germanium Fuzz,Fuzz,DONE,DONE,DONE,./research/pedals/PRP Batch 087/Bigfoot Germanium Fuzz.md
Bigfoot Engineering,Bigfoot Germanium Fuzz (+Buffer),Fuzz,DONE,DONE,DONE,./research/pedals/PRP Batch 087/Bigfoot Germanium Fuzz (+Buffer).md
Bigfoot Engineering,Bigfoot King Fuzz,Distortion / Fuzz,DONE,DONE,DONE,./research/pedals/PRP Batch 087/Bigfoot King Fuzz.md
Bigfoot Engineering,Bigfoot King Fuzz Mini,Fuzz,DONE,DONE,DONE,./research/pedals/PRP Batch 087/Bigfoot King Fuzz Mini.md
Bigfoot Engineering,Bigfoot King Fuzz XL,Distortion / Overdrive,DONE,DONE,DONE,./research/pedals/PRP Batch 087/Bigfoot King Fuzz XL.md
Bigfoot F.X.,Dynamic Distortion Device,Distortion,DONE,DONE,DONE,./research/pedals/PRP Batch 087/Dynamic Distortion Device.md
Bigfoot F.X.,Fuzz Hog,Fuzz,DONE,DONE,DONE,./research/pedals/PRP Batch 087/Fuzz Hog.md
Bigfoot F.X.,Spaghetti Western Fuzz,Fuzz,DONE,DONE,DONE,./research/pedals/PRP Batch 087/Spaghetti Western Fuzz.md
Bigfoot F.X.,The Humongous Box,Distortion / Fuzz,DONE,DONE,DONE,./research/pedals/PRP Batch 087/The Humongous Box.md
BigNoise Amplification,Bulls Eye Overdrive,Overdrive,DONE,DONE,DONE,./research/pedals/PRP Batch 087/Bulls Eye Overdrive.md
BigNoise Amplification,Dark Distortion,Distortion,DONE,DONE,DONE,./research/pedals/PRP Batch 097/Dark Distortion.md
BigNoise Amplification,Full Blast Overdrive,Overdrive,DONE,DONE,DONE,./research/pedals/PRP Batch 088/Full Blast Overdrive.md
Billionaire (by Danelectro),Trillion Dollar Fuzz,Fuzz,DONE,DONE,DONE,./research/pedals/PRP Batch 088/Trillion Dollar Fuzz.md
Biltworth,BW-1,Overdrive,DONE,DONE,DONE,./research/pedals/PRP Batch 088/BW-1.md
Bispell Audio,Gleam,Fuzz,DONE,DONE,DONE,./research/pedals/PRP Batch 088/Gleam.md
Bispell Audio,Proxy,Overdrive,DONE,DONE,DONE,./research/pedals/PRP Batch 088/Proxy.md
Bispell Audio,Saxon,Overdrive,DONE,DONE,DONE,./research/pedals/PRP Batch 088/Saxon.md
Bispell Audio,TOR,Overdrive,DONE,DONE,DONE,./research/pedals/PRP Batch 088/TOR.md
Bixonic,Axentrix A1,Distortion / Fuzz / Overdrive,DONE,DONE,DONE,./research/pedals/PRP Batch 088/Axentrix A1.md
Bixonic,Axentrix II,Distortion / Fuzz / Overdrive,DONE,DONE,DONE,./research/pedals/PRP Batch 088/Axentrix II.md
Bixonic,EXP2000DR Clean & Drive,Overdrive,DONE,DONE,DONE,./research/pedals/PRP Batch 088/EXP2000DR Clean & Drive.md
BIXONIC,AXENTRIX A1,Distortion / Fuzz / Overdrive,DONE,DONE,DONE,./research/pedals/PRP Batch 097/AXENTRIX A1.md
BIXONIC,AXENTRIX II,Distortion / Fuzz,DONE,DONE,DONE,./research/pedals/PRP Batch 097/AXENTRIX II.md
BIXONIC,EXP2000DR,Distortion / Fuzz,DONE,DONE,DONE,./research/pedals/PRP Batch 097/EXP2000DR.md
Biyang,Baby Boom DS-10 Max Distortion,Distortion,DONE,DONE,DONE,./research/pedals/PRP Batch 089/Baby Boom DS-10 Max Distortion.md
Biyang,Baby Boom FZ-10 Fuzz Star,Fuzz,DONE,DONE,DONE,./research/pedals/PRP Batch 089/Baby Boom FZ-10 Fuzz Star.md
Biyang,Baby Boom OD-19 Overdrive,Overdrive,DONE,DONE,DONE,./research/pedals/PRP Batch 089/Baby Boom OD-19 Overdrive.md
Biyang,BL-12 Blues,Overdrive,DONE,DONE,DONE,./research/pedals/PRP Batch 089/BL-12 Blues.md
Biyang,BL-8 Blue,Overdrive,DONE,DONE,DONE,./research/pedals/PRP Batch 089/BL-8 Blue.md
Biyang,BO-1 Bass Over Drive,Overdrive,DONE,DONE,DONE,./research/pedals/PRP Batch 089/BO-1 Bass Over Drive.md
Biyang,DS-1 Distortion,Distortion,DONE,DONE,DONE,./research/pedals/PRP Batch 089/DS-1 Distortion.md
Biyang,DS-12 Distortion,Distortion,DONE,DONE,DONE,./research/pedals/PRP Batch 089/DS-12 Distortion.md
Biyang,DS-3 Distortion,Distortion,DONE,DONE,DONE,./research/pedals/PRP Batch 089/DS-3 Distortion.md
Biyang,DS-7 Distortion,Distortion,DONE,DONE,DONE,./research/pedals/PRP Batch 089/DS-7 Distortion.md
Biyang,DS-8 Mouse,Distortion,DONE,DONE,DONE,./research/pedals/PRP Batch 090/DS-8 Mouse.md
Biyang,DS-9 Distortion,Distortion,DONE,DONE,DONE,./research/pedals/PRP Batch 090/DS-9 Distortion.md
Biyang,FZ-12 Fuzz,Fuzz,DONE,DONE,DONE,./research/pedals/PRP Batch 090/FZ-12 Fuzz.md
Biyang,FZ-7 Fuzz,Fuzz,DONE,DONE,DONE,./research/pedals/PRP Batch 090/FZ-7 Fuzz.md
Biyang,Junky Drive,Distortion / Overdrive,DONE,DONE,DONE,./research/pedals/PRP Batch 090/Junky Drive.md
Biyang,Metal-End,Distortion,DONE,DONE,DONE,./research/pedals/PRP Batch 090/Metal-End.md
Biyang,NM-2 New Metal,Distortion,DONE,DONE,DONE,./research/pedals/PRP Batch 090/NM-2 New Metal.md
Biyang,OD-12 X-Drive,Overdrive,DONE,DONE,DONE,./research/pedals/PRP Batch 090/OD-12 X-Drive.md
Biyang,OD-7 Overdrive,Overdrive,DONE,DONE,DONE,./research/pedals/PRP Batch 090/OD-7 Overdrive.md
Biyang,OD-8 X-Drive,Overdrive,DONE,DONE,DONE,./research/pedals/PRP Batch 090/OD-8 X-Drive.md
Biyang,OTD-100 Distortion,Distortion,DONE,DONE,DONE,./research/pedals/PRP Batch 091/OTD-100 Distortion.md
Bizarre Engineering,Violine,Overdrive,DONE,DONE,DONE,./research/pedals/PRP Batch 092/Violine.md
BJFE / BJF Electronics,Arctic White Fuzz (AWF),Fuzz,DONE,DONE,DONE,./research/pedals/PRP Batch 092/Arctic White Fuzz (AWF).md
BJFE / BJF Electronics,Big Purple Fuzz,Fuzz,DONE,DONE,DONE,./research/pedals/PRP Batch 092/Big Purple Fuzz.md
BJFE / BJF Electronics,BlueBerry Bass Overdrive (3BOD),Overdrive,DONE,DONE,DONE,./research/pedals/PRP Batch 092/BlueBerry Bass Overdrive (3BOD).md
BJFE / BJF Electronics,Candy Apple Fuzz (CAF),Fuzz,DONE,DONE,DONE,./research/pedals/PRP Batch 092/Candy Apple Fuzz (CAF).md
BJFE / BJF Electronics,Concreto Distortion,Distortion,DONE,DONE,DONE,./research/pedals/PRP Batch 092/Concreto Distortion.md
BJFE / BJF Electronics,Cranberry Over Drive,Overdrive,DONE,DONE,DONE,./research/pedals/PRP Batch 092/Cranberry Over Drive.md
BJFE / BJF Electronics,Dyna Blue Distortion,Distortion,DONE,DONE,DONE,./research/pedals/PRP Batch 092/Dyna Blue Distortion.md
BJFE / BJF Electronics,Dyna Red Distortion (DRD),Distortion,DONE,DONE,DONE,./research/pedals/PRP Batch 092/Dyna Red Distortion (DRD).md
BJFE / BJF Electronics,Emerald Green Distortion Machine (EGDM),Distortion,DONE,DONE,DONE,./research/pedals/PRP Batch 092/Emerald Green Distortion Machine (EGDM).md
BJFE / BJF Electronics,Folk Fuzz,Fuzz,DONE,DONE,DONE,./research/pedals/PRP Batch 092/Folk Fuzz.md
BJFE / BJF Electronics,Honey Bee Overdrive (HBOD),Overdrive,DONE,DONE,DONE,./research/pedals/PRP Batch 093/Honey Bee Overdrive (HBOD).md
BJFE / BJF Electronics,Lingonberry Over Drive,Overdrive,DONE,DONE,DONE,./research/pedals/PRP Batch 093/Lingonberry Over Drive.md
BJFE / BJF Electronics,Little Green Wonder (LGW),Overdrive,DONE,DONE,DONE,./research/pedals/PRP Batch 093/Little Green Wonder (LGW).md
BJFE / BJF Electronics,Mighty Blue Overdrive,Overdrive,DONE,DONE,DONE,./research/pedals/PRP Batch 093/Mighty Blue Overdrive.md
BJFE / BJF Electronics,Mighty Red Distortion (MRD),Distortion,DONE,DONE,DONE,./research/pedals/PRP Batch 093/Mighty Red Distortion (MRD).md
BJFE / BJF Electronics,Model R,Distortion,DONE,DONE,DONE,./research/pedals/PRP Batch 093/Model R.md
BJFE / BJF Electronics,Pink Purple Fuzz (PPF),Fuzz,DONE,DONE,DONE,./research/pedals/PRP Batch 093/Pink Purple Fuzz (PPF).md
BJFE / BJF Electronics,Smokey Orange Fuzz,Fuzz,DONE,DONE,DONE,./research/pedals/PRP Batch 093/Smokey Orange Fuzz.md
BJFE / BJF Electronics,Sparkling Yellow Overdrive (SYOD),Overdrive,DONE,DONE,DONE,./research/pedals/PRP Batch 093/Sparkling Yellow Overdrive (SYOD).md
BJFE / BJF Electronics,Sparkling Yellow Overdrive Version 2 (SYOD V.2),Overdrive,DONE,DONE,DONE,./research/pedals/PRP Batch 093/Sparkling Yellow Overdrive Version 2 (SYOD V.2).md
Black Arts Toneworks,BAT,Distortion / Overdrive,DONE,DONE,DONE,./research/pedals/PRP Batch 094/BAT.md
Black Arts Toneworks,Black Forest,Distortion / Fuzz / Overdrive,DONE,DONE,DONE,./research/pedals/PRP Batch 094/Black Forest.md
Black Arts Toneworks,Black Sheep,Distortion / Fuzz,DONE,DONE,DONE,./research/pedals/PRP Batch 094/Black Sheep.md
Black Arts Toneworks,Coven,Distortion / Fuzz / Overdrive,DONE,DONE,DONE,./research/pedals/PRP Batch 094/Coven.md
Black Arts Toneworks,Crown of Horns,Distortion / Fuzz,DONE,DONE,DONE,./research/pedals/PRP Batch 094/Crown of Horns.md
Black Arts Toneworks,Destroyer,Distortion / Fuzz,DONE,DONE,DONE,./research/pedals/PRP Batch 094/Destroyer.md
Black Arts Toneworks,FNORD,Distortion / Fuzz,DONE,DONE,DONE,./research/pedals/PRP Batch 094/FNORD.md
Black Arts Toneworks,LSTR,Distortion / Fuzz,DONE,DONE,DONE,./research/pedals/PRP Batch 094/LSTR.md
Black Arts Toneworks,Oath,Fuzz,DONE,DONE,DONE,./research/pedals/PRP Batch 094/Oath.md
Black Arts Toneworks,Pharaoh,Distortion / Fuzz,DONE,DONE,DONE,./research/pedals/PRP Batch 094/Pharaoh.md
Black Arts Toneworks,Pharaoh Supreme,Distortion / Fuzz,DONE,DONE,DONE,./research/pedals/PRP Batch 095/Pharaoh Supreme.md
Black Arts Toneworks,Priestess,Distortion / Fuzz,DONE,DONE,DONE,./research/pedals/PRP Batch 095/Priestess.md
Black Arts Toneworks,Quantum Mystic,Distortion / Overdrive,DONE,DONE,DONE,./research/pedals/PRP Batch 095/Quantum Mystic.md
Black Arts Toneworks,Rabid Mammal,Distortion / Fuzz,DONE,DONE,DONE,./research/pedals/PRP Batch 095/Rabid Mammal.md
Black Arts Toneworks,Raw Heart OD,Distortion / Overdrive,DONE,DONE,DONE,./research/pedals/PRP Batch 095/Raw Heart OD.md
Black Arts Toneworks,Revelation,Distortion / Overdrive,DONE,DONE,DONE,./research/pedals/PRP Batch 095/Revelation.md
Black Arts Toneworks,Ritual,Fuzz,DONE,DONE,DONE,./research/pedals/PRP Batch 095/Ritual.md
Black Arts Toneworks,Sarcophagus,Distortion / Fuzz,DONE,DONE,DONE,./research/pedals/PRP Batch 095/Sarcophagus.md
Black Arts Toneworks,Skyboost,Distortion / Fuzz,DONE,DONE,DONE,./research/pedals/PRP Batch 095/Skyboost.md
Black Arts Toneworks,Son of Pharaoh,Distortion / Fuzz,DONE,DONE,DONE,./research/pedals/PRP Batch 095/Son of Pharaoh.md
Black Arts Toneworks,Tres Diablos Ruidosos,Distortion / Fuzz / Overdrive,DONE,DONE,DONE,./research/pedals/PRP Batch 096/Tres Diablos Ruidosos.md
Black Arts Toneworks,Witch Burner MkII,Overdrive,DONE,DONE,DONE,./research/pedals/PRP Batch 096/Witch Burner MkII.md
Black CAT Amps,DJENTTONIC,Distortion,DONE,DONE,DONE,./research/pedals/PRP Batch 096/DJENTTONIC.md
Black Cat Pedals,Bass Octave Fuzz,Fuzz,DONE,DONE,DONE,./research/pedals/PRP Batch 096/Bass Octave Fuzz.md
Black Cat Pedals,Bee Buzz Fuzz,Fuzz,DONE,DONE,DONE,./research/pedals/PRP Batch 096/Bee Buzz Fuzz.md
Black Cat Pedals,D-II Distortion,Distortion,DONE,DONE,DONE,./research/pedals/PRP Batch 096/D-II Distortion.md
Black Cat Pedals,D&S,Fuzz,DONE,DONE,DONE,./research/pedals/PRP Batch 096/D&S.md
Black Cat Pedals,Monster K-Fuzz,Fuzz,DONE,DONE,DONE,./research/pedals/PRP Batch 096/Monster K-Fuzz.md
Black Cat Pedals,Monster K-Fuzz Stompbox,Fuzz,DONE,DONE,DONE,./research/pedals/PRP Batch 096/Monster K-Fuzz Stompbox.md
Black Cat Pedals,N-Fuzz,Fuzz,DONE,DONE,DONE,./research/pedals/PRP Batch 096/N-Fuzz.md
Black Cat Pedals,OD-1 Freddy Fuzz,Fuzz / Overdrive,DONE,DONE,DONE,./research/pedals/PRP Batch 097/OD-1 Freddy Fuzz.md
Black Cat Pedals,OD-Boost,Overdrive,DONE,DONE,DONE,./research/pedals/PRP Batch 097/OD-Boost.md
Black Cat Pedals,OD-Fuzz,Fuzz / Overdrive,DONE,DONE,DONE,./research/pedals/PRP Batch 097/OD-Fuzz.md
Black Cat Pedals,RGDP - Really Great Dirt Pedal,Distortion / Fuzz / Overdrive,DONE,DONE,DONE,./research/pedals/PRP Batch 097/RGDP - Really Great Dirt Pedal.md
Black Cat Pedals,Super Fuzz,Fuzz,DONE,DONE,DONE,./research/pedals/PRP Batch 097/Super Fuzz.md
Black Cat Pedals,Wee Buzz,Fuzz,DONE,DONE,DONE,./research/pedals/PRP Batch 099/Wee Buzz.md
Black Country Customs,BLACKHEATH,Distortion / Overdrive,DONE,DONE,DONE,./research/pedals/PRP Batch 099/BLACKHEATH.md
Black Country Customs,MONOLITH,Distortion / Overdrive,DONE,DONE,DONE,./research/pedals/PRP Batch 099/MONOLITH.md
Black Mass Electronics,1312 Distortion V3,Distortion,DONE,DONE,DONE,./research/pedals/PRP Batch 099/1312 Distortion V3.md
Black Mass Electronics,Ceremonial Show of Force,Fuzz,DONE,DONE,DONE,./research/pedals/PRP Batch 099/Ceremonial Show of Force.md
Black Mass Electronics,Dual 1312 Distortion,Distortion,DONE,DONE,DONE,./research/pedals/PRP Batch 099/Dual 1312 Distortion.md
Black Mass Electronics,Kill Chain,Fuzz,DONE,DONE,DONE,./research/pedals/PRP Batch 099/Kill Chain.md
Black Mass Electronics,The First Herald (Big Box),Fuzz,DONE,DONE,DONE,./research/pedals/PRP Batch 099/The First Herald (Big Box).md
Blackbox Music Electronics,Inferno,Fuzz,DONE,DONE,DONE,./research/pedals/PRP Batch 099/Inferno.md
Blackhawk Amplifiers,Asgard Bass Fuzz,Fuzz,DONE,DONE,DONE,./research/pedals/PRP Batch 099/Asgard Bass Fuzz.md
Blackhawk Amplifiers,Balrog Distortion MKII,Distortion / Overdrive,DONE,DONE,DONE,./research/pedals/PRP Batch 100/Balrog Distortion MKII.md
Blackhawk Amplifiers,Basilisk Fuzz,Fuzz,DONE,DONE,DONE,./research/pedals/PRP Batch 100/Basilisk Fuzz.md
Blackhawk Amplifiers,Fellbeast Fuzz,Fuzz,DONE,DONE,DONE,./research/pedals/PRP Batch 100/Fellbeast Fuzz.md
Blackhawk Amplifiers,Gandalf Fuzz,Fuzz,DONE,DONE,DONE,./research/pedals/PRP Batch 100/Gandalf Fuzz.md
Blackhawk Amplifiers,Green / Black Russian Pi π Fuzz,Fuzz,DONE,DONE,DONE,./research/pedals/PRP Batch 100/Green Black Russian Pi Fuzz.md
Blackhawk Amplifiers,Heimdall-2 MKII,Distortion / Overdrive,DONE,DONE,DONE,./research/pedals/PRP Batch 100/Heimdall-2 MKII.md
Blackhawk Amplifiers,Heimdall-3 MKII Distortion,Distortion,DONE,DONE,DONE,./research/pedals/PRP Batch 100/Heimdall-3 MKII Distortion.md
Blackhawk Amplifiers,Mithrandir Octave Fuzz,Fuzz,DONE,DONE,DONE,./research/pedals/PRP Batch 100/Mithrandir Octave Fuzz.md
Blackhawk Amplifiers,Morgul Drive MKII,Overdrive,DONE,DONE,DONE,./research/pedals/PRP Batch 100/Morgul Drive MKII.md
Blackhawk Amplifiers,Nazgûl MKII {Parallel} Distortion and Fuzz,Distortion / Fuzz,DONE,DONE,DONE,./research/pedals/PRP Batch 100/Nazgul MKII Parallel Distortion and Fuzz.md
Blackhawk Amplifiers,Pi π Bass Fuzz,Fuzz,DONE,DONE,DONE,./research/pedals/PRP Batch 101/Pi π Bass Fuzz.md
Blackhawk Amplifiers,Pi π Fuzz,Fuzz,DONE,DONE,DONE,./research/pedals/PRP Batch 101/Pi π Fuzz.md
Blackhawk Amplifiers,Ramshead Fuzz,Fuzz,DONE,DONE,DONE,./research/pedals/PRP Batch 101/Ramshead Fuzz.md
Blackhawk Amplifiers,Svarog Fuzz,Fuzz,DONE,DONE,DONE,./research/pedals/PRP Batch 101/Svarog Fuzz.md
Blackhawk Amplifiers,Triangle Fuzz,Fuzz,DONE,DONE,DONE,./research/pedals/PRP Batch 101/Triangle Fuzz.md
Blackhawk Amplifiers,Uruk-Hai MKII {Parallel} Drive & Fuzz,Distortion / Fuzz / Overdrive,DONE,DONE,DONE,./research/pedals/PRP Batch 101/Uruk-Hai MKII Parallel Drive & Fuzz.md
Blackhawk Amplifiers,Valhalla Fuzz,Fuzz,DONE,DONE,DONE,./research/pedals/PRP Batch 101/Valhalla Fuzz.md
Blackhawk Amplifiers,Valkyrie Drive,Overdrive,DONE,DONE,DONE,./research/pedals/PRP Batch 101/Valkyrie Drive.md
Blackhawk Amplifiers,Windhand LBM Fuzz,Distortion / Fuzz,DONE,DONE,DONE,./research/pedals/PRP Batch 101/Windhand LBM Fuzz.md
BlackOutEffectors,A Seriously Special Twosome,Fuzz,DONE,DONE,DONE,./research/pedals/PRP Batch 101/A Seriously Special Twosome.md
BlackOutEffectors,A Very Special Twosome,Fuzz,DONE,DONE,DONE,./research/pedals/PRP Batch 102/A Very Special Twosome.md
BlackOutEffectors,Blunderbuss Fuzz,Fuzz,DONE,DONE,DONE,./research/pedals/PRP Batch 102/Blunderbuss Fuzz.md
BlackOutEffectors,Blunderbuss Musket,Fuzz,DONE,DONE,DONE,./research/pedals/PRP Batch 102/Blunderbuss Musket.md
BlackOutEffectors,Crystal Dagger,Fuzz,DONE,DONE,DONE,./research/pedals/PRP Batch 102/Crystal Dagger.md
BlackOutEffectors,Dual Gain Mantra,Overdrive,DONE,DONE,DONE,./research/pedals/PRP Batch 102/Dual Gain Mantra.md
BlackOutEffectors,Fix'd Fuzz,Fuzz / Overdrive,DONE,DONE,DONE,./research/pedals/PRP Batch 102/Fix'd Fuzz.md
BlackOutEffectors,Fix'd Fuzz Deluxe,Fuzz / Overdrive,DONE,DONE,DONE,./research/pedals/PRP Batch 102/Fix'd Fuzz Deluxe.md
BlackOutEffectors,FUBÄR,Fuzz,DONE,DONE,DONE,./research/pedals/PRP Batch 102/FUBÄR.md
BlackOutEffectors,Fuzz Bear,Fuzz,DONE,DONE,DONE,./research/pedals/PRP Batch 102/Fuzz Bear.md
BlackOutEffectors,Mantra Overdrive,Overdrive,DONE,DONE,DONE,./research/pedals/PRP Batch 102/Mantra Overdrive.md
BlackOutEffectors,Musket Fuzz,Fuzz,DONE,DONE,DONE,./research/pedals/PRP Batch 103/Musket Fuzz.md
BlackOutEffectors,Special Twosome Deluxe,Fuzz,DONE,DONE,DONE,./research/pedals/PRP Batch 103/Special Twosome Deluxe.md
BlackOutEffectors,Twosome Dual Fuzz,Fuzz / Overdrive,DONE,DONE,DONE,./research/pedals/PRP Batch 103/Twosome Dual Fuzz.md
Blackstar Amplification,Dept. 10 Dual Distortion,Distortion / Overdrive,DONE,DONE,DONE,./research/pedals/PRP Batch 103/Dept. 10 Dual Distortion.md
Blackstar Amplification,Dept. 10 Dual Drive,Distortion / Overdrive,DONE,DONE,DONE,./research/pedals/PRP Batch 103/Dept. 10 Dual Drive.md
Blackstar Amplification,HT-DIST,Distortion,DONE,DONE,DONE,./research/pedals/PRP Batch 103/HT-DIST.md
Blackstar Amplification,HT-DISTX,Distortion,DONE,DONE,DONE,./research/pedals/PRP Batch 103/HT-DISTX.md
Blackstar Amplification,HT-DRIVE,Overdrive,DONE,DONE,DONE,./research/pedals/PRP Batch 103/HT-DRIVE.md
Blackstar Amplification,HT-DUAL,Distortion / Overdrive,DONE,DONE,DONE,./research/pedals/PRP Batch 103/HT-DUAL.md
Blackstar Amplification,HT-METAL,Distortion / Overdrive,DONE,DONE,DONE,./research/pedals/PRP Batch 103/HT-METAL.md
Blackstar Amplification,LT-DIST,Distortion,DONE,DONE,DONE,./research/pedals/PRP Batch 104/LT-DIST.md
Blackstar Amplification,LT-DRIVE,Overdrive,DONE,DONE,DONE,./research/pedals/PRP Batch 104/LT-DRIVE.md
Blackstar Amplification,LT-DUAL,Distortion / Overdrive,DONE,DONE,DONE,./research/pedals/PRP Batch 104/LT-DUAL.md
Blackstar Amplification,LT-METAL,Distortion,DONE,DONE,DONE,./research/pedals/PRP Batch 104/LT-METAL.md
Blackstone Appliances,Mosfet Overdrive,Overdrive,DONE,DONE,DONE,./research/pedals/PRP Batch 104/Mosfet Overdrive.md
Blakemore Effects,Bi-Polar Octadrive,Fuzz / Overdrive,DONE,DONE,DONE,./research/pedals/PRP Batch 104/Bi-Polar Octadrive.md
Blakemore Effects,Deus Ex Machina,Fuzz,DONE,DONE,DONE,./research/pedals/PRP Batch 104/Deus Ex Machina.md
Blakemore Effects,Mustang Overdrive,Overdrive,DONE,DONE,DONE,./research/pedals/PRP Batch 104/Mustang Overdrive.md
BLAMMO! Electronics,Blues Blaster,Distortion / Overdrive,DONE,DONE,DONE,./research/pedals/PRP Batch 104/Blues Blaster.md
BLAMMO! Electronics,Buzzaround,Fuzz,DONE,DONE,DONE,./research/pedals/PRP Batch 104/Buzzaround.md
BLAMMO! Electronics,Deth Pedal,Distortion,DONE,DONE,DONE,./research/pedals/PRP Batch 105/Deth Pedal.md
BLAMMO! Electronics,Fuzz Detonator,Fuzz,DONE,DONE,DONE,./research/pedals/PRP Batch 105/Fuzz Detonator.md
BLAMMO! Electronics,L.A. Square Face,Fuzz,DONE,DONE,DONE,./research/pedals/PRP Batch 105/L.A. Square Face.md
BLAMMO! Electronics,Payola Drive,Overdrive,DONE,DONE,DONE,./research/pedals/PRP Batch 105/Payola Drive.md
BLAMMO! Electronics,Skrambler,Fuzz,DONE,DONE,DONE,./research/pedals/PRP Batch 105/Skrambler.md
BLAMMO! Electronics,SLOB,Fuzz,DONE,DONE,DONE,./research/pedals/PRP Batch 105/SLOB.md
BLAMMO! Electronics,TNYDUMBLE,Overdrive,DONE,DONE,DONE,./research/pedals/PRP Batch 105/TNYDUMBLE.md
BMF Effects,Marc F'N Ford Overdrive/Boost,Overdrive,DONE,DONE,DONE,./research/pedals/PRP Batch 105/Marc F'N Ford Overdrive Boost.md
BMF Effects,Purple Nurple Overdrive,Overdrive,DONE,DONE,DONE,./research/pedals/PRP Batch 105/Purple Nurple Overdrive.md
BMF Effects,Rocket 88 Overdrive,Overdrive,DONE,DONE,DONE,./research/pedals/PRP Batch 105/Rocket 88 Overdrive.md
BMF Effects,Sisyphuzz Silicon Fuzz,Fuzz,DONE,DONE,DONE,./research/pedals/PRP Batch 106/Sisyphuzz Silicon Fuzz.md
BMF Effects,The Godfather II Dual Overdrive,Overdrive,DONE,DONE,DONE,./research/pedals/PRP Batch 106/The Godfather II Dual Overdrive.md
BMF Effects,The Godfather Overdrive,Overdrive,DONE,DONE,DONE,./research/pedals/PRP Batch 114/the-godfather-overdrive.md
BMF Effects,The Great Wide Open Distortion,Distortion,DONE,DONE,DONE,./research/pedals/PRP Batch 106/The Great Wide Open Distortion.md
BMF Effects,Velvet Hammer Overdrive,Overdrive,DONE,DONE,DONE,./research/pedals/PRP Batch 106/Velvet Hammer Overdrive.md
Bob Burt Cabinets & Pedals,Bob Burt AH-1 Allen Hinds Signature Distortion,Distortion / Overdrive,DONE,DONE,DONE,./research/pedals/PRP Batch 106/Bob Burt AH-1 Allen Hinds Signature Distortion.md
Bob Burt Cabinets & Pedals,Bob Burt GR8T Distortion,Distortion,DONE,DONE,DONE,./research/pedals/PRP Batch 106/Bob Burt GR8T Distortion.md
Bob Burt Cabinets & Pedals,Bob Burt Overdrive,Overdrive,DONE,DONE,DONE,./research/pedals/PRP Batch 106/Bob Burt Overdrive.md
Bogner Amplification,Burnley,Distortion,DONE,DONE,DONE,./research/pedals/PRP Batch 106/Bogner Burnley.md
Bogner Amplification,Ecstasy Blue,Overdrive,DONE,DONE,DONE,./research/pedals/PRP Batch 106/Bogner Ecstasy Blue.md
Bogner Amplification,Ecstasy Red,Distortion / Overdrive,DONE,DONE,DONE,./research/pedals/PRP Batch 106/Bogner Ecstasy Red.md
Bogner Amplification,La Grange,Overdrive,DONE,DONE,DONE,./research/pedals/PRP Batch 107/La Grange.md
Bogner Amplification,Oxford,Fuzz,DONE,DONE,DONE,./research/pedals/PRP Batch 107/Oxford.md
Bogner Amplification,Uberschall,Distortion,DONE,DONE,DONE,./research/pedals/PRP Batch 107/Uberschall.md
Bogner Amplification,Wessex,Overdrive,DONE,DONE,DONE,./research/pedals/PRP Batch 107/Wessex.md
Bondi Effects,Del Mar Overdrive mk1,Overdrive,DONE,DONE,DONE,./research/pedals/PRP Batch 107/Del Mar Overdrive mk1.md
Bondi Effects,Del Mar Overdrive mk2,Overdrive,DONE,DONE,DONE,./research/pedals/PRP Batch 107/Del Mar Overdrive mk2.md
Bondi Effects,Sick As High Shredroom,Distortion,DONE,DONE,DONE,./research/pedals/PRP Batch 107/Sick As High Shredroom.md
Bondi Effects,Sick As High Shredroom Editions,Distortion,DONE,DONE,DONE,./research/pedals/PRP Batch 107/Sick As High Shredroom Editions.md
Bondi Effects,Sick As Overdrive,Overdrive,DONE,DONE,DONE,./research/pedals/PRP Batch 107/Sick As Overdrive.md
Bondi Effects,Sick As Overdrive mk2,Overdrive,DONE,DONE,DONE,./research/pedals/PRP Batch 107/Sick As Overdrive mk2.md
Boo Instruments,BOO Overdrive,Overdrive,DONE,DONE,DONE,./research/pedals/PRP Batch 108/BOO Overdrive.md
Boo Instruments,KC Klon Centaur,Overdrive,DONE,DONE,DONE,./research/pedals/PRP Batch 108/KC Klon Centaur.md
Boo Instruments,TS808 Overdrive (TS O/D),Overdrive,DONE,DONE,DONE,./research/pedals/PRP Batch 108/TS808 Overdrive TS OD.md
Bookworm Effects,BigWig Bass Driver,Fuzz / Overdrive,DONE,DONE,DONE,./research/pedals/PRP Batch 108/BigWig Bass Driver.md
Boorocks,DUSH Distortion DS-1,Distortion,DONE,DONE,DONE,./research/pedals/PRP Batch 108/DUSH Distortion DS-1.md
Boorocks,KUMI Distortion AK-1,Distortion,DONE,DONE,DONE,./research/pedals/PRP Batch 108/KUMI Distortion AK-1.md
Boorocks,LEON Multi-Driver MD-1,Distortion / Fuzz / Overdrive,DONE,DONE,DONE,./research/pedals/PRP Batch 108/LEON Multi-Driver MD-1.md
Boorocks,ZEAL Fuzz FZ-1,Fuzz,DONE,DONE,DONE,./research/pedals/PRP Batch 108/ZEAL Fuzz FZ-1.md
Boot-Leg Hand Made Effects,BLN-1.0 Blues#Nine,Overdrive,DONE,DONE,DONE,./research/pedals/PRP Batch 108/BLN-1.0 Blues Nine.md
Boot-Leg Hand Made Effects,HZM-1.0 Hizumi,Distortion / Overdrive,DONE,DONE,DONE,./research/pedals/PRP Batch 108/HZM-1.0 Hizumi.md
Boot-Leg Hand Made Effects,HZM-1.2 Hizumi,Distortion / Overdrive,DONE,DONE,DONE,./research/pedals/PRP Batch 109/HZM-1.2 Hizumi.md
Boot-Leg Hand Made Effects,HZM-2.0 Hizumi Quattro Valvole,Distortion / Overdrive,DONE,DONE,DONE,./research/pedals/PRP Batch 109/HZM-2.0 Hizumi Quattro Valvole.md
Boot-Leg Hand Made Effects,JBK-1.0 Jaw Breaker,Overdrive,DONE,DONE,DONE,./research/pedals/PRP Batch 109/JBK-1.0 Jaw Breaker.md
Boot-Leg Hand Made Effects,JZF-1.0 Jazz Fuzz,Fuzz,DONE,DONE,DONE,./research/pedals/PRP Batch 109/JZF-1.0 Jazz Fuzz.md
Boot-Leg Hand Made Effects,RRP-1.0 Rock'n Roll Party,Overdrive,DONE,DONE,DONE,./research/pedals/PRP Batch 109/RRP-1.0 Rock'n Roll Party.md
Boot-Leg Hand Made Effects,RRP-2.0 Rock'n Roll Party,Distortion / Overdrive,DONE,DONE,DONE,./research/pedals/PRP Batch 109/RRP-2.0 Rock'n Roll Party.md
Bootlegger Guitar,Shifty's 8 Ball Boost Drive Analog 12AT7,Overdrive,DONE,DONE,DONE,./research/pedals/PRP Batch 109/Shifty's 8 Ball Boost Drive Analog 12AT7.md
Bootlegger Guitar,Tube Shooter Overdrive,Overdrive,DONE,DONE,DONE,./research/pedals/PRP Batch 109/Tube Shooter Overdrive.md
Bootlegger Guitar,Zapped Up Yours Analog Tube Distortion,Distortion,DONE,DONE,DONE,./research/pedals/PRP Batch 109/Zapped Up Yours Analog Tube Distortion.md
BOSS,BD-2 Blues Driver,Overdrive,DONE,DONE,DONE,./research/pedals/PRP Batch 109/BD-2 Blues Driver.md
BOSS,BD-2W Blues Driver,Overdrive,DONE,DONE,DONE,./research/pedals/PRP Batch 110/BD-2W Blues Driver.md
BOSS,DS-1 Distortion,Distortion,DONE,DONE,DONE,./research/pedals/PRP Batch 110/DS-1 Distortion.md
BOSS,DS-1W Distortion,Distortion,DONE,DONE,DONE,./research/pedals/PRP Batch 110/DS-1W Distortion.md
BOSS,DS-1X Distortion,Distortion,DONE,DONE,DONE,./research/pedals/PRP Batch 110/DS-1X Distortion.md
BOSS,DS-2 TURBO Distortion,Distortion,DONE,DONE,DONE,./research/pedals/PRP Batch 110/DS-2 TURBO Distortion.md
BOSS,FZ-1W Fuzz,Fuzz,DONE,DONE,DONE,./research/pedals/PRP Batch 110/FZ-1W Fuzz.md
BOSS,FZ-5 Fuzz,Fuzz,DONE,DONE,DONE,./research/pedals/PRP Batch 110/FZ-5 Fuzz.md
BOSS,HM-2W Heavy Metal,Distortion,DONE,DONE,DONE,./research/pedals/PRP Batch 110/HM-2W Heavy Metal.md
BOSS,JB-2 Angry Driver,Overdrive,DONE,DONE,DONE,./research/pedals/PRP Batch 110/JB-2 Angry Driver.md
BOSS,MD-2 Mega Distortion,Distortion,DONE,DONE,DONE,./research/pedals/PRP Batch 110/MD-2 Mega Distortion.md
BOSS,ML-2 Metal Core,Distortion,DONE,DONE,DONE,./research/pedals/PRP Batch 111/ML-2 Metal Core.md
BOSS,MT-2 Metal Zone,Distortion,DONE,DONE,DONE,./research/pedals/PRP Batch 111/MT-2 Metal Zone.md
BOSS,MT-2W Metal Zone,Distortion,DONE,DONE,DONE,./research/pedals/PRP Batch 111/MT-2W Metal Zone.md
BOSS,OD-1X OverDrive,Overdrive,DONE,DONE,DONE,./research/pedals/PRP Batch 111/OD-1X OverDrive.md
BOSS,OD-200 Hybrid Drive,Overdrive,DONE,DONE,DONE,./research/pedals/PRP Batch 111/OD-200 Hybrid Drive.md
BOSS,OD-3 OverDrive,Overdrive,DONE,DONE,DONE,./research/pedals/PRP Batch 111/OD-3 OverDrive.md
BOSS,OS-2 OverDrive/Distortion,Overdrive,DONE,DONE,DONE,./research/pedals/PRP Batch 111/OS-2 OverDrive/Distortion.md
BOSS,SD-1 SUPER OverDrive,Overdrive,DONE,DONE,DONE,./research/pedals/PRP Batch 111/SD-1 SUPER OverDrive.md
BOSS,SD-1W SUPER OverDrive,Overdrive,DONE,DONE,DONE,./research/pedals/PRP Batch 111/SD-1W SUPER OverDrive.md
BOSS,ST-2 Power Stack,Distortion,DONE,DONE,DONE,./research/pedals/PRP Batch 111/ST-2 Power Stack.md
Boulevard,BDT-10 Distortion,Distortion,DONE,DONE,DONE,./research/pedals/PRP Batch 114/bdt-10-distortion.md
Boulevard,BOD-10 Overdrive,Overdrive,DONE,DONE,DONE,./research/pedals/PRP Batch 114/bod-10-overdrive.md
Boulevard Effects,Darkship,Fuzz,DONE,DONE,DONE,./research/pedals/PRP Batch 114/darkship.md
Bouteek,Distorter - Preamp,Overdrive,DONE,DONE,DONE,./research/pedals/PRP Batch 114/distorter-preamp.md
Bouteek,Overdriver - Preamp,Overdrive,DONE,DONE,DONE,./research/pedals/PRP Batch 114/overdriver-preamp.md
Bouteek,Twin Drive and Boost - Ultimate Drive with Fuzz Inject,Fuzz / Overdrive,DONE,DONE,DONE,./research/pedals/PRP Batch 114/twin-drive-and-boost-ultimate-drive-with-fuzz-inject.md
Bowman Audio Endeavors,Bellyacher,Distortion,DONE,DONE,DONE,./research/pedals/PRP Batch 114/bellyacher.md
Bowman Audio Endeavors,Odious Fuzz Octave,Fuzz,DONE,DONE,DONE,./research/pedals/PRP Batch 114/odious-fuzz-octave.md
Bowman Audio Endeavors,Satan's Fingers Fuzz,Fuzz,DONE,DONE,DONE,./research/pedals/PRP Batch 114/satan-s-fingers-fuzz.md
Bowman Audio Endeavors,The Bowman Overdrive,Overdrive,DONE,DONE,DONE,./research/pedals/PRP Batch 114/the-bowman-overdrive.md
BoX,Distortion,Distortion,DONE,DONE,DONE,./research/pedals/PRP Batch 115/box-distortion.md
BR Tech,BR-1 Distortion,Distortion,DONE,DONE,DONE,./research/pedals/PRP Batch 115/br-tech-br-1-distortion.md
BR Tech,Up Scream,Overdrive,DONE,DONE,DONE,./research/pedals/PRP Batch 115/br-tech-up-scream.md
Braking Train Pedals,Frequency Control Fuzz,Fuzz,DONE,DONE,DONE,./research/pedals/PRP Batch 115/braking-train-pedals-frequency-control-fuzz.md
Brantone Electronics,Blue Meanie - Germanium Fuzz,Fuzz,DONE,DONE,DONE,./research/pedals/PRP Batch 115/brantone-electronics-blue-meanie-germanium-fuzz.md
Brantone Electronics,Green Manalishi Overdrive,Overdrive,DONE,DONE,DONE,./research/pedals/PRP Batch 115/brantone-electronics-green-manalishi-overdrive.md
Brantone Electronics,Tonemaster Mk1.5 Germanium Fuzz,Fuzz,DONE,DONE,DONE,./research/pedals/PRP Batch 115/brantone-electronics-tonemaster-mk1-5-germanium-fuzz.md
Brantone Electronics,ToneMaster Mk2 Germanium Fuzz,Fuzz,DONE,DONE,DONE,./research/pedals/PRP Batch 115/brantone-electronics-tonemaster-mk2-germanium-fuzz.md
Brantone Electronics,Vintage Tweed Overdrive,Overdrive,DONE,DONE,DONE,./research/pedals/PRP Batch 115/brantone-electronics-vintage-tweed-overdrive.md
Brantone Electronics,WEM Pepbox - Official Reissue,Fuzz,DONE,DONE,DONE,./research/pedals/PRP Batch 115/brantone-electronics-wem-pepbox-official-reissue.md
Brantone Electronics,Woodstock - Silicon Fuzz Face,Fuzz,DONE,DONE,DONE,./research/pedals/PRP Batch 115/brantone-electronics-woodstock-silicon-fuzz-face.md
Breakfast Audio,SLAB DISTORTION,Distortion,DONE,DONE,DONE,./research/pedals/PRP Batch 115/breakfast-audio-slab-distortion.md
Breakfast Audio,WELTSCHMERZ FUZZ,Fuzz,DONE,DONE,DONE,./research/pedals/PRP Batch 115/breakfast-audio-weltschmerz-fuzz.md
BreakFuzz,Surly Fuzz Germanium,Fuzz,DONE,DONE,DONE,./research/pedals/PRP Batch 116/breakfuzz-surly-fuzz-germanium.md
BreakFuzz,Surly Fuzz Germanium Low Gain,Fuzz,DONE,DONE,DONE,./research/pedals/PRP Batch 116/breakfuzz-surly-fuzz-germanium-low-gain.md
BreakFuzz,Surly Fuzz Silicon BC183,Fuzz,DONE,DONE,DONE,./research/pedals/PRP Batch 116/breakfuzz-surly-fuzz-silicon-bc183.md
Brière Pedals,Distodrive,Distortion / Overdrive,DONE,DONE,DONE,./research/pedals/PRP Batch 117/bri-re-pedals-distodrive.md
Brière Pedals,Drive Factory,Overdrive,DONE,DONE,DONE,./research/pedals/PRP Batch 117/bri-re-pedals-drive-factory.md
Brimstone Audio,BL-1 Basilisk,Distortion,DONE,DONE,DONE,./research/pedals/PRP Batch 117/brimstone-audio-bl-1-basilisk.md
Brimstone Audio,XD-1 Crossover Distortion,Distortion,DONE,DONE,DONE,./research/pedals/PRP Batch 117/brimstone-audio-xd-1-crossover-distortion.md
British Pedal Company,Rangemaster Fuzzbug MkII,Fuzz,DONE,DONE,DONE,./research/pedals/PRP Batch 117/british-pedal-company-rangemaster-fuzzbug-mkii.md
British Pedal Company,Tone Bender Mk1.5,Fuzz,DONE,DONE,DONE,./research/pedals/PRP Batch 117/british-pedal-company-tone-bender-mk1-5.md
British Pedal Company,Tone Bender MkI,Fuzz,DONE,DONE,DONE,./research/pedals/PRP Batch 117/british-pedal-company-tone-bender-mki.md
British Pedal Company,Tone Bender Professional MkII,Fuzz,DONE,DONE,DONE,./research/pedals/PRP Batch 117/british-pedal-company-tone-bender-professional-mkii.md
British Pedal Company,WEM Pep Box,Fuzz,DONE,DONE,DONE,./research/pedals/PRP Batch 117/british-pedal-company-wem-pep-box.md
Brotech Electronics,Fatpipe Blues,Distortion,DONE,DONE,DONE,./research/pedals/PRP Batch 118/brotech-electronics-fatpipe-blues.md
Brotech Electronics,Fatpipe Pro,Distortion,DONE,DONE,DONE,./research/pedals/PRP Batch 118/brotech-electronics-fatpipe-pro.md
Broughton Audio,Ascalon,Distortion,DONE,DONE,DONE,./research/pedals/PRP Batch 118/broughton-audio-ascalon.md
Broughton Audio,Azure Drive 10th,Overdrive,DONE,DONE,DONE,./research/pedals/PRP Batch 118/broughton-audio-azure-drive-10th.md
Broughton Audio,Calamity,Distortion / Fuzz,DONE,DONE,DONE,./research/pedals/PRP Batch 118/broughton-audio-calamity.md
Broughton Audio,DYSTOPIA,Fuzz,DONE,DONE,DONE,./research/pedals/PRP Batch 118/broughton-audio-dystopia.md
Broughton Audio,Evergreen Overdrive,Overdrive,DONE,DONE,DONE,./research/pedals/PRP Batch 118/broughton-audio-evergreen-overdrive.md
Broughton Audio,Firebrand Fuzz,Fuzz,DONE,DONE,DONE,./research/pedals/PRP Batch 118/broughton-audio-firebrand-fuzz.md
Broughton Audio,Fliptop,Overdrive,DONE,DONE,DONE,./research/pedals/PRP Batch 118/broughton-audio-fliptop.md
Broughton Audio,Helion,Distortion,DONE,DONE,DONE,./research/pedals/PRP Batch 119/broughton-audio-helion.md
Broughton Audio,Locust Star,Distortion / Overdrive,DONE,DONE,DONE,./research/pedals/PRP Batch 119/broughton-audio-locust-star.md
Broughton Audio,Maestro,Fuzz,DONE,DONE,DONE,./research/pedals/PRP Batch 119/broughton-audio-maestro.md
Broughton Audio,Phase Locked Loop,Fuzz,DONE,DONE,DONE,./research/pedals/PRP Batch 119/broughton-audio-phase-locked-loop.md
Broughton Audio,Scorpion,Overdrive,DONE,DONE,DONE,./research/pedals/PRP Batch 119/broughton-audio-scorpion.md
Broughton Audio,Scorpion Deluxe,Overdrive,DONE,DONE,DONE,./research/pedals/PRP Batch 119/broughton-audio-scorpion-deluxe.md
Broughton Audio,Sentinel,Distortion / Overdrive,DONE,DONE,DONE,./research/pedals/PRP Batch 119/broughton-audio-sentinel.md
Broughton Audio,Silver Deluxe,Overdrive,DONE,DONE,DONE,./research/pedals/PRP Batch 119/broughton-audio-silver-deluxe.md
Broughton Audio,Sunder Fuzz 10th,Fuzz,DONE,DONE,DONE,./research/pedals/PRP Batch 119/broughton-audio-sunder-fuzz-10th.md
Broughton Audio,Sunray,Overdrive,DONE,DONE,DONE,./research/pedals/PRP Batch 119/broughton-audio-sunray.md
Broughton Audio,SV-Pre,Overdrive,DONE,DONE,DONE,./research/pedals/PRP Batch 119/broughton-audio-sv-pre.md
Broughton Audio,Terraformer,Overdrive,DONE,DONE,DONE,./research/pedals/PRP Batch 119/broughton-audio-terraformer.md
Browne Amplification,Alkene - Nashville Drive,Overdrive,DONE,DONE,DONE,./research/pedals/PRP Batch 120/browne-amplification-alkene-nashville-drive.md
Browne Amplification,Atom - Nashville Drive,Overdrive,DONE,DONE,DONE,./research/pedals/PRP Batch 120/browne-amplification-atom-nashville-drive.md
Browne Amplification,Carbon X Dual Overdrive,Overdrive,DONE,DONE,DONE,./research/pedals/PRP Batch 120/browne-amplification-carbon-x-dual-overdrive.md
Browne Amplification,Ethane Dual Overdrive,Overdrive,DONE,DONE,DONE,./research/pedals/PRP Batch 121/browne-amplification-ethane-dual-overdrive.md
Browne Amplification,Gritador Overdrive,Overdrive,DONE,DONE,DONE,./research/pedals/PRP Batch 121/browne-amplification-gritador-overdrive.md
Browne Amplification,Protein Dual Overdrive,Overdrive,DONE,DONE,DONE,./research/pedals/PRP Batch 121/browne-amplification-protein-dual-overdrive.md
Browne Amplification,Protein Dual Overdrive V2.2,Overdrive,DONE,DONE,DONE,./research/pedals/PRP Batch 122/browne-amplification-protein-dual-overdrive-v2-2.md
Browne Amplification,Protein Dual Overdrive V3,Overdrive,DONE,DONE,DONE,./research/pedals/PRP Batch 122/browne-amplification-protein-dual-overdrive-v3.md
Browne Amplification,Protein Dual Overdrive V4,Overdrive,DONE,DONE,DONE,./research/pedals/PRP Batch 122/browne-amplification-protein-dual-overdrive-v4.md
Browne Amplification,T4 Fuzz,Fuzz,DONE,DONE,DONE,./research/pedals/PRP Batch 122/browne-amplification-t4-fuzz.md
Browne Amplification,The ALKENE Nashville Overdrive,Overdrive,DONE,DONE,DONE,./research/pedals/PRP Batch 123/browne-amplification-the-alkene-nashville-overdrive.md
Browne Amplification,The Carbon,Overdrive,DONE,DONE,DONE,./research/pedals/PRP Batch 123/browne-amplification-the-carbon.md
Browne Amplification,The Carbon - Overdrive,Overdrive,DONE,DONE,DONE,./research/pedals/PRP Batch 123/browne-amplification-the-carbon-overdrive.md
Browne Amplification,The Gritador,Overdrive,DONE,DONE,DONE,./research/pedals/PRP Batch 123/browne-amplification-the-gritador.md
Browne Amplification,The Protein - Dual Overdrive,Overdrive,DONE,DONE,DONE,./research/pedals/PRP Batch 124/browne-amplification-the-protein-dual-overdrive.md
Browne Amplification,The Protein v2,Overdrive,DONE,DONE,DONE,./research/pedals/PRP Batch 124/browne-amplification-the-protein-v2.md
Browne Amplification,The Protein v3,Overdrive,DONE,DONE,DONE,./research/pedals/PRP Batch 124/browne-amplification-the-protein-v3.md
Browne Amplification,The Protein v4,Overdrive,DONE,DONE,DONE,./research/pedals/PRP Batch 124/browne-amplification-the-protein-v4.md
Bruce Bennett Music Labs,Brown Sound,Distortion / Overdrive,DONE,DONE,DONE,./research/pedals/PRP Batch 125/bruce-bennett-music-labs-brown-sound.md
Bruce Bennett Music Labs,Lowball,Distortion,DONE,DONE,DONE,./research/pedals/PRP Batch 125/bruce-bennett-music-labs-lowball.md
Brunetti,Burning Box,Distortion,DONE,DONE,DONE,./research/pedals/PRP Batch 125/brunetti-burning-box.md
Brunetti,Mercury Box,Distortion / Overdrive,DONE,DONE,DONE,./research/pedals/PRP Batch 125/brunetti-mercury-box.md
Brunetti,Mercury Box 2,Distortion,DONE,DONE,DONE,./research/pedals/PRP Batch 126/brunetti-mercury-box-2.md
Brunetti,Overtone,Overdrive,DONE,DONE,DONE,./research/pedals/PRP Batch 126/brunetti-overtone.md
Brunetti,Overtone 2,Overdrive,DONE,DONE,DONE,./research/pedals/PRP Batch 126/brunetti-overtone-2.md
Brunetti,Super Lead Plexi - SuperDrive,Overdrive,DONE,DONE,DONE,./research/pedals/PRP Batch 126/brunetti-super-lead-plexi-superdrive.md
Brunetti,Taxi Drive,Overdrive,DONE,DONE,DONE,./research/pedals/PRP Batch 125/brunetti-taxi-drive.md
Brunetti,Vanilla - Soft Drive,Overdrive,DONE,DONE,DONE,./research/pedals/PRP Batch 125/brunetti-vanilla-soft-drive.md
Bruno,BOD-1,Overdrive,DONE,DONE,DONE,./research/pedals/PRP Batch 125/bruno-bod-1.md
BSM,FassBender Fuzz Machine,Fuzz,DONE,DONE,DONE,./research/pedals/PRP Batch 125/bsm-fassbender-fuzz-machine.md
BSM,FuzzBender Fuzz Machine,Fuzz,DONE,DONE,DONE,./research/pedals/PRP Batch 116/bsm-fuzzbender-fuzz-machine.md
BSM,J-Fuzz,Fuzz,DONE,DONE,DONE,./research/pedals/PRP Batch 117/bsm-j-fuzz.md
BSM,Overdrive Supreme,Overdrive,DONE,DONE,DONE,./research/pedals/PRP Batch 117/bsm-overdrive-supreme.md
BSM,Spectrum Fuzz Booster,Fuzz,DONE,DONE,DONE,./research/pedals/PRP Batch 117/bsm-spectrum-fuzz-booster.md
BSQ Effects,BO-2 Bulls On - Overdrive/Compressor,Overdrive,DONE,DONE,DONE,./research/pedals/PRP Batch 118/bsq-effects-bo-2-bulls-on-overdrive-compressor.md
BSQ Effects,DM-2 Dynamite - Overdrive/Compressor,Overdrive,DONE,DONE,DONE,./research/pedals/PRP Batch 118/bsq-effects-dm-2-dynamite-overdrive-compressor.md
BSQ Effects,MS-2 Mean Street - Distortion + Booster,Distortion,DONE,DONE,DONE,./research/pedals/PRP Batch 118/bsq-effects-ms-2-mean-street-distortion-booster.md
BSQ Effects,SB-1 Scuttle Buttin' - Overdrive,Overdrive,DONE,DONE,DONE,./research/pedals/PRP Batch 118/bsq-effects-sb-1-scuttle-buttin-overdrive.md
Budda,Om Overdrive,Overdrive,DONE,DONE,DONE,./research/pedals/PRP Batch 127/budda-om-overdrive.md
Budda,Phatbass,Distortion / Overdrive,DONE,DONE,DONE,./research/pedals/PRP Batch 127/budda-phatbass.md
Budda,Phatman,Overdrive,DONE,DONE,DONE,./research/pedals/PRP Batch 127/budda-phatman.md
Budda,Zenman,Distortion / Overdrive,DONE,DONE,DONE,./research/pedals/PRP Batch 127/budda-zenman.md
Buffalo FX,Bender MkII,Fuzz,DONE,DONE,DONE,./research/pedals/PRP Batch 127/buffalo-fx-bender-mkii.md
Buffalo FX,Carrera Overdrive,Overdrive,DONE,DONE,DONE,./research/pedals/PRP Batch 127/buffalo-fx-carrera-overdrive.md
Buffalo FX,CVIII - BC108 Silicon Fuzz,Fuzz,DONE,DONE,DONE,./research/pedals/PRP Batch 127/buffalo-fx-cviii-bc108-silicon-fuzz.md
Buffalo FX,Evolution - 4 Stage Overdrive/Distortion,Distortion / Overdrive,DONE,DONE,DONE,./research/pedals/PRP Batch 127/buffalo-fx-evolution-4-stage-overdrive-distortion.md
Buffalo FX,Fuzz Face Ge,Fuzz,DONE,DONE,DONE,./research/pedals/PRP Batch 128/buffalo-fx-fuzz-face-ge.md
Buffalo FX,Fuzz Face Si,Fuzz,DONE,DONE,DONE,./research/pedals/PRP Batch 128/buffalo-fx-fuzz-face-si.md
Buffalo FX,Germanium Fuzz,Fuzz,DONE,DONE,DONE,./research/pedals/PRP Batch 128/buffalo-fx-germanium-fuzz.md
Buffalo FX,M-1 Fuzz,Fuzz,DONE,DONE,DONE,./research/pedals/PRP Batch 128/buffalo-fx-m-1-fuzz.md
Buffalo FX,Patriot,Fuzz,DONE,DONE,DONE,./research/pedals/PRP Batch 128/buffalo-fx-patriot.md
Buffalo FX,RH-X Rams Head - NOS BC239c,Fuzz,DONE,DONE,DONE,./research/pedals/PRP Batch 128/buffalo-fx-rh-x-rams-head-nos-bc239c.md
Buffalo FX,Stiletto Fuzz,Fuzz,DONE,DONE,DONE,./research/pedals/PRP Batch 128/buffalo-fx-stiletto-fuzz.md
Buffalo FX,Supa Driver,Overdrive,DONE,DONE,DONE,./research/pedals/PRP Batch 128/buffalo-fx-supa-driver.md
Buffalo FX,Tonebender Mk3,Fuzz,DONE,DONE,DONE,./research/pedals/PRP Batch 128/buffalo-fx-tonebender-mk3.md
BuGGFX Pedals,Raincoat,Distortion / Fuzz / Overdrive,DONE,DONE,DONE,./research/pedals/PRP Batch 127/buggfx-pedals-raincoat.md
Build Your Own Clone,250+,Overdrive,DONE,DONE,DONE,./research/pedals/PRP Batch 127/build-your-own-clone-250.md
Build Your Own Clone,855 Drive,Overdrive,DONE,DONE,DONE,./research/pedals/PRP Batch 128/build-your-own-clone-855-drive.md
Build Your Own Clone,B.G. Fuzz,Fuzz,DONE,DONE,DONE,./research/pedals/PRP Batch 129/b-g-fuzz.md
Build Your Own Clone,Bass Overdrive,Overdrive,DONE,DONE,DONE,./research/pedals/PRP Batch 129/bass-overdrive.md
Build Your Own Clone,Bender Clone,Fuzz,DONE,DONE,DONE,./research/pedals/PRP Batch 129/bender-clone.md
Build Your Own Clone,Blue Overdrive,Overdrive,DONE,DONE,DONE,./research/pedals/PRP Batch 129/blue-overdrive.md
Build Your Own Clone,British Blues Overdrive,Overdrive,DONE,DONE,DONE,./research/pedals/PRP Batch 129/british-blues-overdrive.md
Build Your Own Clone,Classic Overdrive,Overdrive,DONE,DONE,DONE,./research/pedals/PRP Batch 129/classic-overdrive.md
Build Your Own Clone,Crown Jewel,Distortion / Overdrive,DONE,DONE,DONE,./research/pedals/PRP Batch 129/crown-jewel.md
Build Your Own Clone,E.S.V. Fuzz,Fuzz,DONE,DONE,DONE,./research/pedals/PRP Batch 129/e-s-v-fuzz.md
Build Your Own Clone,El Distorto Segundo,Distortion,DONE,DONE,DONE,./research/pedals/PRP Batch 129/el-distorto-segundo.md
Build Your Own Clone,Fuzz Clone,Fuzz,DONE,DONE,DONE,./research/pedals/PRP Batch 129/fuzz-clone.md
Build Your Own Clone,Green Pony,Overdrive,DONE,DONE,DONE,./research/pedals/PRP Batch 130/green-pony.md
Build Your Own Clone,Leeds Fuzz,Fuzz,DONE,DONE,DONE,./research/pedals/PRP Batch 130/leeds-fuzz.md
Build Your Own Clone,Li'l Beaver (NYC),Fuzz,DONE,DONE,DONE,./research/pedals/PRP Batch 130/li-l-beaver-nyc.md
Build Your Own Clone,Li'l Beaver (Opamp),Fuzz,DONE,DONE,DONE,./research/pedals/PRP Batch 130/li-l-beaver-opamp.md
Build Your Own Clone,Li'l Beaver (Ram's Head),Fuzz,DONE,DONE,DONE,./research/pedals/PRP Batch 130/li-l-beaver-ram-s-head.md
Build Your Own Clone,Li'l Beaver (Russian),Fuzz,DONE,DONE,DONE,./research/pedals/PRP Batch 130/li-l-beaver-russian.md
Build Your Own Clone,Li'l Beaver (Triangle),Fuzz,DONE,DONE,DONE,./research/pedals/PRP Batch 130/li-l-beaver-triangle.md
Build Your Own Clone,Li'l Breaker,Overdrive,DONE,DONE,DONE,./research/pedals/PRP Batch 130/li-l-breaker.md
Build Your Own Clone,Li'l Fuzz,Fuzz,DONE,DONE,DONE,./research/pedals/PRP Batch 130/li-l-fuzz.md
Build Your Own Clone,Li'l Gray OD,Overdrive,DONE,DONE,DONE,./research/pedals/PRP Batch 130/li-l-gray-od.md
Build Your Own Clone,Li'l Modified Overdrive,Overdrive,DONE,DONE,DONE,./research/pedals/PRP Batch 131/li-l-modified-overdrive.md
Build Your Own Clone,Li'l Mouse,Distortion,DONE,DONE,DONE,./research/pedals/PRP Batch 131/li-l-mouse.md
Build Your Own Clone,Li'l Yellow OD,Overdrive,DONE,DONE,DONE,./research/pedals/PRP Batch 131/li-l-yellow-od.md
Build Your Own Clone,Mighty Mouse,Distortion,DONE,DONE,DONE,./research/pedals/PRP Batch 131/mighty-mouse.md
Build Your Own Clone,Orange Distortion,Distortion,DONE,DONE,DONE,./research/pedals/PRP Batch 131/orange-distortion.md
Build Your Own Clone,Overdrive 2,Overdrive,DONE,DONE,DONE,./research/pedals/PRP Batch 131/overdrive-2.md
Build Your Own Clone,Parametric Overdrive,Overdrive,DONE,DONE,DONE,./research/pedals/PRP Batch 131/parametric-overdrive.md
Build Your Own Clone,Screamer Clone,Overdrive,DONE,DONE,DONE,./research/pedals/PRP Batch 131/screamer-clone.md
Build Your Own Clone,Shredder,Distortion,DONE,DONE,DONE,./research/pedals/PRP Batch 131/shredder.md
Build Your Own Clone,Silver Pony,Overdrive,DONE,DONE,DONE,./research/pedals/PRP Batch 131/silver-pony.md
Build Your Own Clone,The Full Circle Bass Fuzz,Fuzz,DONE,DONE,DONE,./research/pedals/PRP Batch 132/the-full-circle-bass-fuzz.md
Build Your Own Clone,The Large Beaver,Fuzz,DONE,DONE,DONE,./research/pedals/PRP Batch 132/the-large-beaver.md
Build Your Own Clone,The Mimosa,Overdrive,DONE,DONE,DONE,./research/pedals/PRP Batch 132/the-mimosa.md
Build Your Own Clone,The Swede,Distortion,DONE,DONE,DONE,./research/pedals/PRP Batch 132/the-swede.md
Build Your Own Clone,Yellow Overdrive,Overdrive,DONE,DONE,DONE,./research/pedals/PRP Batch 132/yellow-overdrive.md
Bulinski Effect Pedals,Deluxe Velociraptor Diode Bass Fuzz,Fuzz,DONE,DONE,DONE,./research/pedals/PRP Batch 132/deluxe-velociraptor-diode-bass-fuzz.md
Bulinski Effect Pedals,Filth Foundry Guitar Fuzz,Fuzz,DONE,DONE,DONE,./research/pedals/PRP Batch 132/filth-foundry-guitar-fuzz.md
Bulinski Effect Pedals,Gnarly Bee,Fuzz,DONE,DONE,DONE,./research/pedals/PRP Batch 132/gnarly-bee.md
Bulinski Effect Pedals,Hard 80 Distortion,Distortion,DONE,DONE,DONE,./research/pedals/PRP Batch 132/hard-80-distortion.md
Bulinski Effect Pedals,RC Bass Fuzz,Fuzz,DONE,DONE,DONE,./research/pedals/PRP Batch 132/rc-bass-fuzz.md
Bulinski Effect Pedals,Velociraptor Diode Bass Fuzz,Fuzz,DONE,DONE,DONE,./research/pedals/PRP Batch 133/velociraptor-diode-bass-fuzz.md
Buzzing Bugs Audio Devices,BB01 Fuzz Pre-Amp,Fuzz,DONE,DONE,DONE,./research/pedals/PRP Batch 133/bb01-fuzz-pre-amp.md
Buzzing Bugs Audio Devices,BB02 Percolator Fuzz,Fuzz,DONE,DONE,DONE,./research/pedals/PRP Batch 133/bb02-percolator-fuzz.md
Buzzing Bugs Audio Devices,BB04 Full Range Drive,Overdrive,DONE,DONE,DONE,./research/pedals/PRP Batch 133/bb04-full-range-drive.md
Buzzing Bugs Audio Devices,Bolster,Fuzz,DONE,DONE,DONE,./research/pedals/PRP Batch 133/bolster.md
Buzzing Bugs Audio Devices,Mortal Joy - Los Campesinos! Collaboration,Overdrive,DONE,DONE,DONE,./research/pedals/PRP Batch 133/mortal-joy-los-campesinos-collaboration.md
Byron Amplification,Blood Drive Overdrive,Overdrive,DONE,DONE,DONE,./research/pedals/PRP Batch 133/blood-drive-overdrive.md
Byron Amplification,Cabeza Borradora Octave Fuzz,Fuzz,DONE,DONE,DONE,./research/pedals/PRP Batch 133/cabeza-borradora-octave-fuzz.md
Byron Amplification,Cowboy Overdrive,Overdrive,DONE,DONE,DONE,./research/pedals/PRP Batch 133/cowboy-overdrive.md
Byron Amplification,Dark Arts Drive Overdrive,Overdrive,DONE,DONE,DONE,./research/pedals/PRP Batch 133/dark-arts-drive-overdrive.md
Byron Amplification,Green Concussion Fuzz,Fuzz,DONE,DONE,DONE,./research/pedals/PRP Batch 134/green-concussion-fuzz.md
Byron Amplification,Her Majesty Drive/Fuzz,Fuzz / Overdrive,DONE,DONE,DONE,./research/pedals/PRP Batch 134/her-majesty-drive-fuzz.md
Byron Amplification,Jabberwocky Distortion,Distortion,DONE,DONE,DONE,./research/pedals/PRP Batch 134/jabberwocky-distortion.md
Byron Amplification,Lil' Shaman Overdrive,Overdrive,DONE,DONE,DONE,./research/pedals/PRP Batch 134/lil-shaman-overdrive.md
Byron Amplification,Pai Mei Fuzz,Fuzz,DONE,DONE,DONE,./research/pedals/PRP Batch 134/pai-mei-fuzz.md
Byron Amplification,Phattie Overdrive,Overdrive,DONE,DONE,DONE,./research/pedals/PRP Batch 134/phattie-overdrive.md
Byron Amplification,Poder Del Alma Fuzz,Fuzz,DONE,DONE,DONE,./research/pedals/PRP Batch 134/poder-del-alma-fuzz.md
Byron Amplification,POW! Boost/Drive and Fuzz,Fuzz / Overdrive,DONE,DONE,DONE,./research/pedals/PRP Batch 134/pow-boost-drive-and-fuzz.md
Byron Amplification,Shearling Overdrive,Overdrive,DONE,DONE,DONE,./research/pedals/PRP Batch 134/shearling-overdrive.md
Byron Amplification,Viper Ninja Overdrive,Overdrive,DONE,DONE,DONE,./research/pedals/PRP Batch 134/viper-ninja-overdrive.md
BYW Audio,Blacky' Blower,Distortion,DONE,DONE,DONE,./research/pedals/PRP Batch 135/byw-blacky-blower.md
BYW Audio,Gros Buzz,Fuzz,DONE,DONE,DONE,./research/pedals/PRP Batch 135/byw-gros-buzz.md
BZZT Electronics,SELEKTOR 16,Fuzz / Overdrive,DONE,DONE,DONE,./research/pedals/PRP Batch 135/bzzt-selektor-16.md
C.Giant,OD-1 Warm Blues - Overdrive/Distortion,Overdrive / Distortion,DONE,DONE,DONE,./research/pedals/PRP Batch 135/c-giant-od-1-warm-blues.md
C.I.C,MOD-7 Overdrive,Overdrive,DONE,DONE,DONE,./research/pedals/PRP Batch 135/cic-mod-7-overdrive.md
C.Q.O.,Super Distortion,Distortion,DONE,DONE,DONE,./research/pedals/PRP Batch 135/cqo-super-distortion.md
C14 Devices,Tone Chaser,Overdrive,DONE,DONE,DONE,./research/pedals/PRP Batch 135/c14-devices-tone-chaser.md
Cactus,MTL-5 Ultra Metal,Distortion,DONE,DONE,DONE,./research/pedals/PRP Batch 135/cactus-mtl-5-ultra-metal.md
Cactus,OVD-5 Overdrive,Overdrive,DONE,DONE,DONE,./research/pedals/PRP Batch 135/cactus-ovd-5-overdrive.md
Cajita Stompboxes,Bdi.ts with Overdrive,Overdrive,DONE,DONE,DONE,./research/pedals/PRP Batch 135/cajita-bdi-ts-with-overdrive.md
Cajita Stompboxes,BRIT30 preamplificador tipo Vox AC30 overdrive,Overdrive,DONE,DONE,DONE,./research/pedals/PRP Batch 136/brit30-preamplificador-tipo-vox-ac30-overdrive.md
Cajita Stompboxes,Distorsión Marshall CR800 JCM + booster,Distortion,DONE,DONE,DONE,./research/pedals/PRP Batch 136/distorsion-marshall-cr800-jcm-booster.md
Cajita Stompboxes,Distorsión RAT 6 6 modos,Distortion,DONE,DONE,DONE,./research/pedals/PRP Batch 136/distorsion-rat-6-6-modos.md
Cajita Stompboxes,Dr Boogie Distorsion Hi Gain Mesa,Distortion,DONE,DONE,DONE,./research/pedals/PRP Batch 136/dr-boogie-distorsion-hi-gain-mesa.md
Cajita Stompboxes,Dr Boogie VN Hi Gain Mesa Boogie,Distortion,DONE,DONE,DONE,./research/pedals/PRP Batch 136/dr-boogie-vn-hi-gain-mesa-boogie.md
Cajita Stompboxes,FBASSDRIVE,Overdrive,DONE,DONE,DONE,./research/pedals/PRP Batch 137/fbassdrive.md
Cajita Stompboxes,Fuzz RBmuff - TBmuff,Fuzz,DONE,DONE,DONE,./research/pedals/PRP Batch 137/fuzz-rbmuff-tbmuff.md
Cajita Stompboxes,Fuzz Womut,Fuzz,DONE,DONE,DONE,./research/pedals/PRP Batch 137/fuzz-womut.md
Cajita Stompboxes,Overdrive Bb.pre,Overdrive,DONE,DONE,DONE,./research/pedals/PRP Batch 137/overdrive-bb-pre.md
Cajita Stompboxes,Overdrive Shoc más booster,Overdrive,DONE,DONE,DONE,./research/pedals/PRP Batch 137/overdrive-shoc-mas-booster.md
Cajita Stompboxes,Preamp 5150 tipo Peavey,Distortion,DONE,DONE,DONE,./research/pedals/PRP Batch 138/preamp-5150-tipo-peavey.md
Cajita Stompboxes,Preamp Overdrive Matchbox,Overdrive,DONE,DONE,DONE,./research/pedals/PRP Batch 138/preamp-overdrive-matchbox.md
Cajita Stompboxes,TS09 TS08 Overdrive Tube Screamer,Overdrive,DONE,DONE,DONE,./research/pedals/PRP Batch 138/ts09-ts08-overdrive-tube-screamer.md
Cajita Stompboxes,VMT Distorsion de Bajo con Blend,Distortion,DONE,DONE,DONE,./research/pedals/PRP Batch 138/vmt-distorsion-de-bajo-con-blend.md
Calangary Pedals,Kalagondang Fuzz,Fuzz,DONE,DONE,DONE,./research/pedals/PRP Batch 138/kalagondang-fuzz.md
Calangary Pedals,Zaladin Fuzz,Fuzz,DONE,DONE,DONE,./research/pedals/PRP Batch 139/zaladin-fuzz.md
California (by Eleca),CDT-1 Distortion,Distortion,DONE,DONE,DONE,./research/pedals/PRP Batch 139/cdt-1-distortion.md
California (by Eleca),CHM-1 Heavy Metal,Distortion,DONE,DONE,DONE,./research/pedals/PRP Batch 139/chm-1-heavy-metal.md
California (by Eleca),COD-1 Over Drive,Overdrive,DONE,DONE,DONE,./research/pedals/PRP Batch 139/cod-1-over-drive.md
California Valveworks,The Bone Tender,Fuzz,DONE,DONE,DONE,./research/pedals/PRP Batch 139/the-bone-tender.md
Caline,CP-11 Puffer Fuzz,Fuzz,DONE,DONE,DONE,./research/pedals/PRP Batch 140/cp-11-puffer-fuzz.md
Caline,CP-12 Pure Sky,Overdrive,DONE,DONE,DONE,./research/pedals/PRP Batch 140/cp-12-pure-sky.md
Caline,CP-15 Tantrum / Heavy Metal,Distortion,DONE,DONE,DONE,./research/pedals/PRP Batch 140/cp-15-tantrum-heavy-metal.md
Caline,CP-18 Orange Burst / Overdrive,Overdrive,DONE,DONE,DONE,./research/pedals/PRP Batch 140/cp-18-orange-burst-overdrive.md
Caline,CP-20 Crazy Cacti,Overdrive,DONE,DONE,DONE,./research/pedals/PRP Batch 140/cp-20-crazy-cacti.md
Caline,CP-21 Rock Face,Distortion,DONE,DONE,DONE,./research/pedals/PRP Batch 140/cp-21-rock-face.md
Caline,CP-25 Highway Man OD,Overdrive,DONE,DONE,DONE,./research/pedals/PRP Batch 140/cp-25-highway-man-od.md
Caline,CP-27 Sand Storm,Distortion,DONE,DONE,DONE,./research/pedals/PRP Batch 140/cp-27-sand-storm.md
Caline,CP-30 Red Devil - Heavy Metal,Distortion,DONE,DONE,DONE,./research/pedals/PRP Batch 140/cp-30-red-devil-heavy-metal.md
Caline,CP-32 Clear Veil,Fuzz / Overdrive,DONE,DONE,DONE,./research/pedals/PRP Batch 140/cp-32-clear-veil.md
Caline,CP-34 Headroom - Vintage Distortion,Distortion,DONE,DONE,DONE,./research/pedals/PRP Batch 141/cp-34-headroom-vintage-distortion.md
Caline,CP-42 Candy Floss Fuzz,Fuzz,DONE,DONE,DONE,./research/pedals/PRP Batch 141/cp-42-candy-floss-fuzz.md
Caline,CP-43 Pegasus,Overdrive,DONE,DONE,DONE,./research/pedals/PRP Batch 141/cp-43-pegasus.md
Caline,CP-46 Fuzzy Bear,Fuzz,DONE,DONE,DONE,./research/pedals/PRP Batch 141/cp-46-fuzzy-bear.md
Caline,CP-49 Midlander,Overdrive,DONE,DONE,DONE,./research/pedals/PRP Batch 141/cp-49-midlander.md
Caline,CP-50 Central Station / Leon Drive,Overdrive,DONE,DONE,DONE,./research/pedals/PRP Batch 141/cp-50-central-station-leon-drive.md
Caline,CP-501 Osmium - High-Gain Distortion,Distortion,DONE,DONE,DONE,./research/pedals/PRP Batch 141/cp-501-osmium-high-gain-distortion.md
Caline,CP-501S Sathanas Distortion,Distortion,DONE,DONE,DONE,./research/pedals/PRP Batch 141/cp-501s-sathanas-distortion.md
Caline,CP-502 Mellow Drive,Overdrive,DONE,DONE,DONE,./research/pedals/PRP Batch 141/cp-502-mellow-drive.md
Caline,CP-503 Queen Bee Overdrive,Overdrive,DONE,DONE,DONE,./research/pedals/PRP Batch 141/cp-503-queen-bee-overdrive.md
Caline,CP-504 M:Fuzz,Fuzz,DONE,DONE,DONE,./research/pedals/PRP Batch 142/cp-504-m-fuzz.md
Caline,CP-509 Stack Attack - Preamp Overdrive & Compressor,Overdrive,DONE,DONE,DONE,./research/pedals/PRP Batch 142/cp-509-stack-attack-preamp-overdrive-compressor.md
Caline,CP-510 Jaguar - Classic High Gain Distortion,Distortion,DONE,DONE,DONE,./research/pedals/PRP Batch 142/cp-510-jaguar-classic-high-gain-distortion.md
Caline,CP-511 Enchanted Tone - Highly Prized Overdrive,Overdrive,DONE,DONE,DONE,./research/pedals/PRP Batch 142/cp-511-enchanted-tone-highly-prized-overdrive.md
Caline,CP-515 Carmilla - Hi Gain Distortion Machine,Distortion,DONE,DONE,DONE,./research/pedals/PRP Batch 142/cp-515-carmilla-hi-gain-distortion-machine.md
Caline,CP-516 Orange Burst,Fuzz,DONE,DONE,DONE,./research/pedals/PRP Batch 142/cp-516-orange-burst.md
Caline,CP-53 Fuzzy Faace - Voodoo Octave,Fuzz,DONE,DONE,DONE,./research/pedals/PRP Batch 142/cp-53-fuzzy-faace-voodoo-octave.md
Caline,CP-54 The Big Orange - Crushing Overdrive,Overdrive,DONE,DONE,DONE,./research/pedals/PRP Batch 142/cp-54-the-big-orange-crushing-overdrive.md
Caline,CP-56 Midlander / The Mayday - AC Tone,Overdrive,DONE,DONE,DONE,./research/pedals/PRP Batch 142/cp-56-midlander-the-mayday-ac-tone.md
Caline,CP-65 Bass Over Drive,Overdrive,DONE,DONE,DONE,./research/pedals/PRP Batch 142/cp-65-bass-over-drive.md
Caline,CP-68 Distortion + Delay,Distortion,DONE,DONE,DONE,./research/pedals/PRP Batch 143/cp-68-distortion-delay.md
Caline,CP-69 High Peak Distortion,Distortion,DONE,DONE,DONE,./research/pedals/PRP Batch 143/cp-69-high-peak-distortion.md
Caline,CP-70 High Chief - Crushing Overdrive,Overdrive,DONE,DONE,DONE,./research/pedals/PRP Batch 143/cp-70-high-chief-crushing-overdrive.md
Caline,CP-74 Action Replay - Dyna Red Distortion,Distortion,DONE,DONE,DONE,./research/pedals/PRP Batch 143/cp-74-action-replay-dyna-red-distortion.md
Caline,CP-75 Emerald Night - Overdrive,Overdrive,DONE,DONE,DONE,./research/pedals/PRP Batch 143/cp-75-emerald-night-overdrive.md
Caline,CP-76 Captain Silver Overdrive,Overdrive,DONE,DONE,DONE,./research/pedals/PRP Batch 143/cp-76-captain-silver-overdrive.md
Caline,CP-77 Bounty Hunter - Heavy Metal,Distortion,DONE,DONE,DONE,./research/pedals/PRP Batch 143/cp-77-bounty-hunter-heavy-metal.md
Caline,CP-78 Red Thorn Distortion,Distortion,DONE,DONE,DONE,./research/pedals/PRP Batch 143/cp-78-red-thorn-distortion.md
Caline,CP-79 Wolf Pack / King Of Ga-Ga - Boost/Overdrive,Overdrive,DONE,DONE,DONE,./research/pedals/PRP Batch 144/cp-79-wolf-pack-king-of-ga-ga-boost-overdrive.md
Caline,CP-82 The Broadsword Bass Fuzz + Boost,Fuzz,DONE,DONE,DONE,./research/pedals/PRP Batch 144/cp-82-the-broadsword-bass-fuzz-boost.md
Caline,CP-84 Honeycomb Tone - Overdrive,Overdrive,DONE,DONE,DONE,./research/pedals/PRP Batch 144/cp-84-honeycomb-tone-overdrive.md
Caline,CP-99 Medusa - Overdrive,Overdrive,DONE,DONE,DONE,./research/pedals/PRP Batch 144/cp-99-medusa-overdrive.md
Caline,DCP-02 Brutus,Distortion / Overdrive,DONE,DONE,DONE,./research/pedals/PRP Batch 145/dcp-02-brutus.md
Caline,DCP-04 Easy Driver,Distortion,DONE,DONE,DONE,./research/pedals/PRP Batch 145/dcp-04-easy-driver.md
Caline,DCP-05 Key West,Overdrive,DONE,DONE,DONE,./research/pedals/PRP Batch 145/dcp-05-key-west.md
Caline,DCP-06 Sundance Special,Overdrive,DONE,DONE,DONE,./research/pedals/PRP Batch 145/dcp-06-sundance-special.md
Caline,DCP-07 Brigade,Overdrive,DONE,DONE,DONE,./research/pedals/PRP Batch 145/dcp-07-brigade.md
Caline,DCP-08 Nightwolf,Fuzz / Overdrive,DONE,DONE,DONE,./research/pedals/PRP Batch 145/dcp-08-nightwolf.md
Caline,DCP-09 Tiger Shark,Distortion,DONE,DONE,DONE,./research/pedals/PRP Batch 145/dcp-09-tiger-shark.md
Caline,DCP-11 Andes,Overdrive,DONE,DONE,DONE,./research/pedals/PRP Batch 145/dcp-11-andes.md
Caline,G-001 Tiger Eye Distortion,Distortion,DONE,DONE,DONE,./research/pedals/PRP Batch 146/g-001-tiger-eye-distortion.md
Caline,G-002 Green Mamba Overdrive,Overdrive,DONE,DONE,DONE,./research/pedals/PRP Batch 146/g-002-green-mamba-overdrive.md
Caline,G-014 Nasty Bear Fuzz,Fuzz,DONE,DONE,DONE,./research/pedals/PRP Batch 146/g-014-nasty-bear-fuzz.md
Cameltone Electronics,Big Stuff,Fuzz,DONE,DONE,DONE,./research/pedals/PRP Batch 146/cameltone-big-stuff.md
Cameltone Electronics,Freak Scene,Fuzz,DONE,DONE,DONE,./research/pedals/PRP Batch 147/cameltone-freak-scene.md
Cameltone Electronics,The Nard,Distortion / Overdrive,DONE,DONE,DONE,./research/pedals/PRP Batch 147/cameltone-the-nard.md
Camuro,Baci Overdrive/Distortion,Distortion / Overdrive,DONE,DONE,DONE,./research/pedals/PRP Batch 147/camuro-baci-overdrive-distortion.md
Camuro,Caboolture Twin-Stage Overdrive,Overdrive,DONE,DONE,DONE,./research/pedals/PRP Batch 147/camuro-caboolture-twin-stage-overdrive.md
Camuro,FAT BABY Preamp/Overdrive,Overdrive,DONE,DONE,DONE,./research/pedals/PRP Batch 147/camuro-fat-baby-preamp-overdrive.md
Camuro,Fuzz Rosso,Fuzz,DONE,DONE,DONE,./research/pedals/PRP Batch 147/camuro-fuzz-rosso.md
Camuro,hachi “8” Classic Modern Fuzz/Bosster,Fuzz,DONE,DONE,DONE,./research/pedals/PRP Batch 147/camuro-hachi-8-classic-modern-fuzz-booster.md
Camuro,Naked Machine,Distortion / Overdrive,DONE,DONE,DONE,./research/pedals/PRP Batch 147/camuro-naked-machine.md
Camuro,Naturale,Overdrive,DONE,DONE,DONE,./research/pedals/PRP Batch 147/camuro-naturale.md
Canned Monsters,Frenzy Moss,Fuzz,DONE,DONE,DONE,./research/pedals/PRP Batch 147/canned-monsters-frenzy-moss.md
Canned Monsters,Moonbark Overdrive MK2,Overdrive,DONE,DONE,DONE,./research/pedals/PRP Batch 148/canned-monsters-moonbark-overdrive-mk2.md
Canvas Analog Devices,The Metamorphosis,Overdrive,DONE,DONE,DONE,./research/pedals/PRP Batch 148/canvas-analog-devices-the-metamorphosis.md
Captain FX,Yeti Fuzz,Fuzz,DONE,DONE,DONE,./research/pedals/PRP Batch 148/captain-fx-yeti-fuzz.md
Carcharias Effects,Uncle 125 Bass Overdrive,Overdrive,DONE,DONE,DONE,./research/pedals/PRP Batch 148/carcharias-effects-uncle-125-bass-overdrive.md
Carella Guitars,Kung Fuzz,Fuzz,DONE,DONE,DONE,./research/pedals/PRP Batch 148/carella-guitars-kung-fuzz.md
Carella Guitars,Leopard,Overdrive,DONE,DONE,DONE,./research/pedals/PRP Batch 148/carella-guitars-leopard.md
Carella Guitars,Overdistover,Distortion / Overdrive,DONE,DONE,DONE,./research/pedals/PRP Batch 148/carella-guitars-overdistover.md
Carella Guitars,Overtube,Overdrive,DONE,DONE,DONE,./research/pedals/PRP Batch 148/carella-guitars-overtube.md
Carella Guitars,Real Tube,Distortion,DONE,DONE,DONE,./research/pedals/PRP Batch 148/carella-guitars-real-tube.md
Carl Martin,AC-Tone Single,Overdrive,DONE,DONE,DONE,./research/pedals/PRP Batch 148/carl-martin-ac-tone-single.md
Carl Martin,DC-Drive,Overdrive,DONE,DONE,DONE,./research/pedals/PRP Batch 149/carl-martin-dc-drive.md
Carl Martin,Greg Howe's Lick Box,Distortion / Overdrive,DONE,DONE,DONE,./research/pedals/PRP Batch 149/carl-martin-greg-howes-lick-box.md
Carl Martin,Heavy Drive,Distortion,DONE,DONE,DONE,./research/pedals/PRP Batch 149/carl-martin-heavy-drive.md
Carl Martin,Panama,Distortion / Overdrive,DONE,DONE,DONE,./research/pedals/PRP Batch 149/carl-martin-panama.md
Carl Martin,PlexiRanger,Overdrive,DONE,DONE,DONE,./research/pedals/PRP Batch 149/carl-martin-plexiranger.md
Carl Martin,PlexiTone,Distortion / Overdrive,DONE,DONE,DONE,./research/pedals/PRP Batch 149/carl-martin-plexitone.md
Carl Martin,PlexiTone Lo-Gain,Overdrive,DONE,DONE,DONE,./research/pedals/PRP Batch 149/carl-martin-plexitone-lo-gain.md
Carl Martin,PlexiTone Single,Distortion / Overdrive,DONE,DONE,DONE,./research/pedals/PRP Batch 149/carl-martin-plexitone-single.md
Carl Martin,Purple Moon,Fuzz,DONE,DONE,DONE,./research/pedals/PRP Batch 149/carl-martin-purple-moon.md
Carl Martin,The Fuzz,Fuzz,DONE,DONE,DONE,./research/pedals/PRP Batch 149/carl-martin-the-fuzz.md
Carl Martin,TOD,Overdrive,DONE,DONE,DONE,./research/pedals/PRP Batch 150/carl-martin-tod.md
Carlin,Carlin Compressor/Fuzz,Fuzz,DONE,DONE,DONE,./research/pedals/PRP Batch 150/carlin-carlin-compressor-fuzz.md
Carlsbro,Carlsbro Fuzz,Fuzz,DONE,DONE,DONE,./research/pedals/PRP Batch 150/carlsbro-carlsbro-fuzz.md
Carlsbro,Carlsbro Fuzz-Tone,Fuzz,DONE,DONE,DONE,./research/pedals/PRP Batch 150/carlsbro-carlsbro-fuzz-tone.md
Carlsbro,Carlsbro Suzz,Distortion,DONE,DONE,DONE,./research/pedals/PRP Batch 150/carlsbro-carlsbro-suzz.md
Carlson,E20MT Heavy Metal,Distortion,DONE,DONE,DONE,./research/pedals/PRP Batch 150/carlson-e20mt-heavy-metal.md
Carmedon Electronics,Alpha Centauri,Overdrive,DONE,DONE,DONE,./research/pedals/PRP Batch 150/carmedon-electronics-alpha-centauri.md
Caroline Guitar Company,Aaron Graves Overdrive,Distortion / Fuzz / Overdrive,DONE,DONE,DONE,./research/pedals/PRP Batch 150/caroline-guitar-company-aaron-graves-overdrive.md
Caroline Guitar Company,CROM,Distortion / Fuzz / Overdrive,DONE,DONE,DONE,./research/pedals/PRP Batch 150/caroline-guitar-company-crom.md
Caroline Guitar Company,Hawaiian Pizza,Distortion / Fuzz / Overdrive,DONE,DONE,DONE,./research/pedals/PRP Batch 150/caroline-guitar-company-hawaiian-pizza.md
Caroline Guitar Company,Haymaker,Overdrive,DONE,DONE,DONE,./research/pedals/PRP Batch 151/caroline-guitar-company-haymaker.md
Caroline Guitar Company,Icarus V2,Distortion / Fuzz / Overdrive,DONE,DONE,DONE,./research/pedals/PRP Batch 151/caroline-guitar-company-icarus-v2.md
Caroline Guitar Company,Icarus V2 / Icarus,Overdrive,DONE,DONE,DONE,./research/pedals/PRP Batch 151/caroline-guitar-company-icarus-v2-icarus.md
Caroline Guitar Company,Olympia,Distortion / Fuzz / Overdrive,DONE,DONE,DONE,./research/pedals/PRP Batch 151/caroline-guitar-company-olympia.md
Caroline Guitar Company,Shigeharu,Distortion / Fuzz / Overdrive,DONE,DONE,DONE,./research/pedals/PRP Batch 151/caroline-guitar-company-shigeharu.md
Caroline Guitar Company,The Blues,Distortion / Fuzz / Overdrive,DONE,DONE,DONE,./research/pedals/PRP Batch 151/caroline-guitar-company-the-blues.md
Caroline Guitar Company,Wave Cannon / Cannonball,Distortion / Fuzz / Overdrive,DONE,DONE,DONE,./research/pedals/PRP Batch 151/caroline-guitar-company-wave-cannon-cannonball.md
Caroline Guitar Company,Wave Cannon MKII,Distortion / Fuzz / Overdrive,DONE,DONE,DONE,./research/pedals/PRP Batch 151/caroline-guitar-company-wave-cannon-mkii.md
Caroline Guitar Company,Wave Cannon MKII / Superdistorter,Distortion,DONE,DONE,DONE,./research/pedals/PRP Batch 151/caroline-guitar-company-wave-cannon-mkii-superdistorter.md
Caroline Guitar Company,Wave Cannon Zero,Distortion / Fuzz / Overdrive,DONE,DONE,DONE,./research/pedals/PRP Batch 151/caroline-guitar-company-wave-cannon-zero.md
Carruthers,Dyna-Soar,Fuzz,DONE,DONE,DONE,./research/pedals/PRP Batch 152/carruthers-dyna-soar.md
Carruthers,Dyna-Soar Lite,Fuzz,DONE,DONE,DONE,./research/pedals/PRP Batch 152/carruthers-dyna-soar-lite.md
Carvin,Carvin TO-1 Tube Overdrive,Overdrive,DONE,DONE,DONE,./research/pedals/PRP Batch 152/carvin-to-1-tube-overdrive.md
Carvin,Carvin UD-1 Ultra Distortion,Distortion,DONE,DONE,DONE,./research/pedals/PRP Batch 152/carvin-ud-1-ultra-distortion.md
Carvin,Carvin VLD1 Steve Vai Legacy Drive Preamp,Overdrive,DONE,DONE,DONE,./research/pedals/PRP Batch 152/carvin-vld1-steve-vai-legacy-drive-preamp.md
Cascade Pedals,Hosstortion,Distortion / Overdrive,DONE,DONE,DONE,./research/pedals/PRP Batch 152/cascade-pedals-hosstortion.md
Case Study Effects Co.,Aspen One - Boost + Overdrive,Overdrive,DONE,DONE,DONE,./research/pedals/PRP Batch 152/case-study-effects-aspen-one.md
Case Study Effects Co.,Aspen Overdrive,Overdrive,DONE,DONE,DONE,./research/pedals/PRP Batch 152/case-study-effects-aspen-overdrive.md
Case Study Effects Co.,Germanium Aspen Overdrive,Overdrive,DONE,DONE,DONE,./research/pedals/PRP Batch 152/case-study-effects-germanium-aspen.md
Case Study Effects Co.,Lastlight Overdrive,Overdrive,DONE,DONE,DONE,./research/pedals/PRP Batch 152/case-study-effects-lastlight.md
Casey Gooby,Bag Of Dicks,Fuzz,DONE,DONE,DONE,./research/pedals/PRP Batch 153/casey-gooby-bag-of-dicks.md
Casey Gooby,Organ Donor,Fuzz,DONE,DONE,DONE,./research/pedals/PRP Batch 153/casey-gooby-organ-donor.md
Casimir Effects Pedals,Entropy Fuzz,Fuzz,DONE,DONE,DONE,./research/pedals/PRP Batch 153/casimir-effects-pedals-entropy-fuzz.md
CAST Engineering,Gypsy Haze,Fuzz,DONE,DONE,DONE,./research/pedals/PRP Batch 153/cast-engineering-gypsy-haze.md
CAST Engineering,Mike Zito Peace Drive,Overdrive,DONE,DONE,DONE,./research/pedals/PRP Batch 153/cast-engineering-mike-zito-peace-drive.md
CAST Engineering,Texas Flood,Overdrive,DONE,DONE,DONE,./research/pedals/PRP Batch 153/cast-engineering-texas-flood.md
CastleRock,CastleRock Bass Overdrive,Overdrive,DONE,DONE,DONE,./research/pedals/PRP Batch 153/castlerock-bass-overdrive.md
CastleRock,CastleRock Distortion,Distortion,DONE,DONE,DONE,./research/pedals/PRP Batch 153/castlerock-distortion.md
CastleRock,CastleRock Metal Driver,Distortion,DONE,DONE,DONE,./research/pedals/PRP Batch 153/castlerock-metal-driver.md
CastleRock,CastleRock Overdrive,Overdrive,DONE,DONE,DONE,./research/pedals/PRP Batch 153/castlerock-overdrive.md
Caswell Modern Electronics (CME),Boost 90 Clean Drive,Overdrive,DONE,DONE,DONE,./research/pedals/PRP Batch 154/caswell-cme-boost-90-clean-drive.md
Caswell Modern Electronics (CME),Boost 98 Bass Drive,Overdrive,DONE,DONE,DONE,./research/pedals/PRP Batch 154/caswell-cme-boost-98-bass-drive.md
Caswell Modern Electronics (CME),Shark Mouth - Bass Synth Fuzz,Fuzz,DONE,DONE,DONE,./research/pedals/PRP Batch 154/caswell-cme-shark-mouth-bass-synth-fuzz.md
Cat Box Customs,Bean Machine,Fuzz,DONE,DONE,DONE,./research/pedals/PRP Batch 154/cat-box-customs-bean-machine.md
Cat Box Customs,Bean Machine V2,Fuzz,DONE,DONE,DONE,./research/pedals/PRP Batch 154/cat-box-customs-bean-machine-v2.md
Cat Box Customs,Fuzz Club,Fuzz,DONE,DONE,DONE,./research/pedals/PRP Batch 154/cat-box-customs-fuzz-club.md
CAT Sound,Classic,Distortion,DONE,DONE,DONE,./research/pedals/PRP Batch 154/cat-sound-classic.md
CAT Sound,Dancing - Distortion,Distortion,DONE,DONE,DONE,./research/pedals/PRP Batch 154/cat-sound-dancing-distortion.md
CAT Sound,DriveCenter,Overdrive,DONE,DONE,DONE,./research/pedals/PRP Batch 154/cat-sound-drivecenter.md
CAT Sound,DriveCenter Bass,Overdrive,DONE,DONE,DONE,./research/pedals/PRP Batch 154/cat-sound-drivecenter-bass.md
Cat's Eye ESP,Hop Hed Fuzztone,Fuzz,DONE,DONE,DONE,./research/pedals/PRP Batch 155/cat-s-eye-hop-hed-fuzztone.md
Cat's Eye ESP,Hybrid Fuzz,Fuzz,DONE,DONE,DONE,./research/pedals/PRP Batch 155/cat-s-eye-hybrid-fuzz.md
Cat's Eye ESP,Mista' Fuzz,Fuzz,DONE,DONE,DONE,./research/pedals/PRP Batch 155/cat-s-eye-mista-fuzz.md
Cat's Eye ESP,Mutha' Fuzz,Distortion / Fuzz,DONE,DONE,DONE,./research/pedals/PRP Batch 155/cat-s-eye-mutha-fuzz.md
Catalinbread Effects,Airstrip Console Pre,Overdrive,DONE,DONE,DONE,./research/pedals/PRP Batch 155/catalinbread-airstrip-console-pre.md
Catalinbread Effects,Antichthon,Fuzz,DONE,DONE,DONE,./research/pedals/PRP Batch 155/catalinbread-antichthon.md
Catalinbread Effects,Carbide Distortion,Distortion,DONE,DONE,DONE,./research/pedals/PRP Batch 155/catalinbread-carbide-distortion.md
Catalinbread Effects,Clean Little Secret,Distortion / Overdrive,DONE,DONE,DONE,./research/pedals/PRP Batch 155/catalinbread-clean-little-secret.md
Catalinbread Effects,Crooner Preamp,Distortion / Fuzz / Overdrive,DONE,DONE,DONE,./research/pedals/PRP Batch 155/catalinbread-crooner-preamp.md
Catalinbread Effects,Dirty Little Secret,Distortion / Overdrive,DONE,DONE,DONE,./research/pedals/PRP Batch 155/catalinbread-dirty-little-secret.md
Catalinbread Effects,Dirty Little Secret Deluxe,Distortion / Overdrive,DONE,DONE,DONE,./research/pedals/PRP Batch 156/catalinbread-dirty-little-secret-deluxe.md
Catalinbread Effects,Formula 51,Distortion / Overdrive,DONE,DONE,DONE,./research/pedals/PRP Batch 156/catalinbread-formula-51.md
Catalinbread Effects,Formula 55,Distortion / Overdrive,DONE,DONE,DONE,./research/pedals/PRP Batch 156/catalinbread-formula-55.md
Catalinbread Effects,Formula 5F6,Distortion / Overdrive,DONE,DONE,DONE,./research/pedals/PRP Batch 156/catalinbread-formula-5f6.md
Catalinbread Effects,Formula No. 5,Distortion / Overdrive,DONE,DONE,DONE,./research/pedals/PRP Batch 156/catalinbread-formula-no-5.md
Catalinbread Effects,Fuzzrite,Fuzz,DONE,DONE,DONE,./research/pedals/PRP Batch 156/catalinbread-fuzzrite.md
Catalinbread Effects,Fuzzrite Germanium,Fuzz,DONE,DONE,DONE,./research/pedals/PRP Batch 156/catalinbread-fuzzrite-germanium.md
Catalinbread Effects,Fuzzrite Germanium White,Fuzz,DONE,DONE,DONE,./research/pedals/PRP Batch 156/catalinbread-fuzzrite-germanium-white.md
Catalinbread Effects,Fuzzrite Mini,Fuzz,DONE,DONE,DONE,./research/pedals/PRP Batch 156/catalinbread-fuzzrite-mini.md
Catalinbread Effects,Galileo,Distortion / Overdrive,DONE,DONE,DONE,./research/pedals/PRP Batch 156/catalinbread-galileo.md
Catalinbread Effects,Galileo 4K,Distortion / Overdrive,DONE,DONE,DONE,./research/pedals/PRP Batch 157/catalinbread-galileo-4k.md
Catalinbread Effects,Galileo Red Special,Distortion / Overdrive,DONE,DONE,DONE,./research/pedals/PRP Batch 157/catalinbread-galileo-red-special.md
Catalinbread Effects,Giygas 2K Fuzz,Fuzz,DONE,DONE,DONE,./research/pedals/PRP Batch 157/catalinbread-giygas-2k-fuzz.md
Catalinbread Effects,Karma Suture GE,Fuzz,DONE,DONE,DONE,./research/pedals/PRP Batch 157/catalinbread-karma-suture-ge.md
Catalinbread Effects,Katzenkönig,Distortion / Fuzz,DONE,DONE,DONE,./research/pedals/PRP Batch 157/catalinbread-katzenkonig.md
Catalinbread Effects,Knight School Fuzz,Fuzz,DONE,DONE,DONE,./research/pedals/PRP Batch 157/catalinbread-knight-school-fuzz.md
Catalinbread Effects,Knight School Overdrive,Distortion / Overdrive,DONE,DONE,DONE,./research/pedals/PRP Batch 157/catalinbread-knight-school-overdrive.md
Catalinbread Effects,Knightdrive,Distortion / Overdrive,DONE,DONE,DONE,./research/pedals/PRP Batch 157/catalinbread-knightdrive.md
Catalinbread Effects,Little Secret,Distortion / Overdrive,DONE,DONE,DONE,./research/pedals/PRP Batch 157/catalinbread-little-secret.md
Catalinbread Effects,Manx Loaghtan Fuzz,Fuzz,DONE,DONE,DONE,./research/pedals/PRP Batch 157/catalinbread-manx-loaghtan-fuzz.md
Catalinbread Effects,Maxon 40th Anniversary Catalinbread Modified Overdrive (OD808-40C),Overdrive,DONE,DONE,DONE,./research/pedals/PRP Batch 158/catalinbread-maxon-40th-anniversary-catalinbread-modified-overdrive-od808-40c.md
Catalinbread Effects,Merkin Fuzz,Fuzz,DONE,DONE,DONE,./research/pedals/PRP Batch 158/catalinbread-merkin-fuzz.md
Catalinbread Effects,Misnomer,Distortion / Overdrive,DONE,DONE,DONE,./research/pedals/PRP Batch 158/catalinbread-misnomer.md
Catalinbread Effects,Misnomer (Cabinet Series),Overdrive,DONE,DONE,DONE,./research/pedals/PRP Batch 158/catalinbread-misnomer-cabinet-series.md
Catalinbread Effects,Naga Viper,Overdrive,DONE,DONE,DONE,./research/pedals/PRP Batch 158/catalinbread-naga-viper.md
Catalinbread Effects,Perseus DIO,Fuzz,DONE,DONE,DONE,./research/pedals/PRP Batch 158/catalinbread-perseus-dio.md
Catalinbread Effects,RAH,Distortion / Overdrive,DONE,DONE,DONE,./research/pedals/PRP Batch 158/catalinbread-rah.md
Catalinbread Effects,Sabbra Cadabra,Distortion / Overdrive,DONE,DONE,DONE,./research/pedals/PRP Batch 158/catalinbread-sabbra-cadabra.md
Catalinbread Effects,SFT,Distortion / Fuzz / Overdrive,DONE,DONE,DONE,./research/pedals/PRP Batch 158/catalinbread-sft.md
Catalinbread Effects,SideArm Overdrive,Distortion / Overdrive,DONE,DONE,DONE,./research/pedals/PRP Batch 159/catalinbread-sidearm-overdrive.md
Catalinbread Effects,Silver Kiss Overdrive,Overdrive,DONE,DONE,DONE,./research/pedals/PRP Batch 161/catalinbread-silver-kiss-overdrive.md
Catalinbread Effects,Silver Kiss Overdrive (2007 Reissue),Overdrive,DONE,DONE,DONE,./research/pedals/PRP Batch 161/catalinbread-silver-kiss-overdrive-2007-reissue.md
Catalinbread Effects,StarCrash Fuzz,Fuzz,DONE,DONE,DONE,./research/pedals/PRP Batch 161/catalinbread-starcrash-fuzz.md
CatastroFX,Deface Mk.III,Fuzz,DONE,DONE,DONE,./research/pedals/PRP Batch 161/catastrofx-deface-mkiii.md
CatastroFX,Outbreak,Overdrive,DONE,DONE,DONE,./research/pedals/PRP Batch 161/catastrofx-outbreak.md
Cathouse Pedals,Fuzzy Tongue,Fuzz,DONE,DONE,DONE,./research/pedals/PRP Batch 161/cathouse-pedals-fuzzy-tongue.md
Cathouse Pedals,Rat Fink,Distortion,DONE,DONE,DONE,./research/pedals/PRP Batch 161/cathouse-pedals-rat-fink.md
Cathouse Pedals,The Bender,Fuzz,DONE,DONE,DONE,./research/pedals/PRP Batch 161/cathouse-pedals-the-bender.md
Cathouse Pedals,The Screamer,Distortion / Overdrive,DONE,DONE,DONE,./research/pedals/PRP Batch 161/cathouse-pedals-the-screamer.md
Cause & Effect Pedals (CE Pedals),FET Dream,Distortion / Overdrive,DONE,DONE,DONE,./research/pedals/Cause & Effect Pedals (CE Pedals)/FET Dream.md
Caustic FX,Snowstorm,Distortion,DONE,DONE,DONE,./research/pedals/PRP Batch 160/causticfx-snowstorm.md
Cave Passive Pedals,60's Break Up,Overdrive,DONE,DONE,DONE,./research/pedals/PRP Batch 160/cave-60s-break-up.md
Cave Passive Pedals,B-Drive Grunt,Overdrive,DONE,DONE,DONE,./research/pedals/PRP Batch 160/cave-b-drive-grunt.md
Cave Passive Pedals,Blue Juice,Overdrive,DONE,DONE,DONE,./research/pedals/PRP Batch 160/cave-blue-juice.md
Cave Passive Pedals,Grunt,Overdrive,DONE,DONE,DONE,./research/pedals/PRP Batch 160/cave-grunt.md
Cave Passive Pedals,Grunt MkII,Overdrive,DONE,DONE,DONE,./research/pedals/PRP Batch 160/cave-grunt-mkii.md
Cave Passive Pedals,Mini Miff,Fuzz / Overdrive,DONE,DONE,DONE,./research/pedals/PRP Batch 160/cave-mini-miff.md
Cave Passive Pedals,Super Grunt,Overdrive,DONE,DONE,DONE,./research/pedals/PRP Batch 160/cave-super-grunt.md
Cave Passive Pedals,The Wasp,Fuzz,DONE,DONE,DONE,./research/pedals/PRP Batch 160/cave-wasp.md
Cave Passive Pedals,The Wasp MkII,Fuzz,DONE,DONE,DONE,./research/pedals/PRP Batch 160/cave-wasp-mkii.md
Cave Pedals,FETish,Fuzz / Overdrive,DONE,DONE,DONE,./research/pedals/PRP Batch 160/cave-fetish.md
Cave Pedals,Quad,Overdrive,DONE,DONE,DONE,./research/pedals/PRP Batch 160/cave-quad.md
Caveman Audio / Skrydstrup,ODR1,Fuzz / Overdrive,DONE,DONE,DONE,./research/pedals/Caveman Audio / Skrydstrup/ODR1.md
Caveman Audio / Skrydstrup,ODR2,Overdrive,DONE,DONE,DONE,./research/pedals/Caveman Audio / Skrydstrup/ODR2.md
CBC Pedals,Ampeg Scrambler,Fuzz,DONE,DONE,DONE,./research/pedals/CBC Pedals/Ampeg Scrambler.md
CBC Pedals,Foxx Tone Machine,Fuzz,DONE,DONE,DONE,./research/pedals/CBC Pedals/Foxx Tone Machine.md
CBC Pedals,FY-2 Companion,Fuzz,DONE,DONE,DONE,./research/pedals/CBC Pedals/FY-2 Companion.md
CBC Pedals,Harmonic Percolator,Fuzz,DONE,DONE,DONE,./research/pedals/CBC Pedals/Harmonic Percolator.md
CBC Pedals,The Drive,Overdrive,DONE,DONE,DONE,./research/pedals/CBC Pedals/The Drive.md
CBC Pedals,The Superfuzz,Fuzz,DONE,DONE,DONE,./research/pedals/CBC Pedals/The Superfuzz.md
CBS-Arbiter,CBS-Arbiter Doubler,Fuzz,DONE,DONE,DONE,./research/pedals/CBS-Arbiter/CBS-Arbiter Doubler.md
CBS-Arbiter,CBS-Arbiter Fuzz Face,Fuzz,DONE,DONE,DONE,./research/pedals/CBS-Arbiter/CBS-Arbiter Fuzz Face.md
CBS-Arbiter,CBS-Arbiter Fuzz King,Fuzz,DONE,DONE,DONE,./research/pedals/CBS-Arbiter/CBS-Arbiter Fuzz King.md
CBS-Arbiter,CBS-Arbiter Fuzz Phazer,Fuzz,DONE,NEEDED,NEEDED,./research/pedals/CBS-Arbiter/CBS-Arbiter Fuzz Phazer.md
CBS-Arbiter,CBS-Arbiter Wah-Fuzz-Swell,Fuzz,DONE,DONE,DONE,./research/pedals/CBS-Arbiter/CBS-Arbiter Wah-Fuzz-Swell.md
CDB Pedals,Darkwater,Distortion / Overdrive,DONE,DONE,DONE,./research/pedals/CDB Pedals/Darkwater.md
Cedar Custom Effects,Cedar Drive,Overdrive,DONE,DONE,DONE,./research/pedals/Cedar Custom Effects/Cedar Drive.md
Celebrity Pedals,Adam Driver,Overdrive,DONE,DONE,DONE,./research/pedals/Celebrity Pedals/Adam Driver.md
Celebrity Pedals,Distorsean Paul,Distortion,DONE,DONE,DONE,./research/pedals/Celebrity Pedals/Distorsean Paul.md
Celebrity Pedals,Djent Reznor,Overdrive,DONE,DONE,DONE,./research/pedals/Celebrity Pedals/Djent Reznor.md
Celebrity Pedals,Fuzzbulla,Fuzz,DONE,DONE,DONE,./research/pedals/Celebrity Pedals/Fuzzbulla.md
Celebrity Pedals,Fuzztin Bieber,Fuzz,DONE,DONE,DONE,./research/pedals/Celebrity Pedals/Fuzztin Bieber.md
Celestial Effects,Aquarius,Fuzz,DONE,DONE,DONE,./research/pedals/Celestial Effects/Aquarius.md
Celestial Effects,Aries - Beast Distortion,Distortion / Overdrive,DONE,DONE,DONE,./research/pedals/Celestial Effects/Aries - Beast Distortion.md
Celestial Effects,Cancer - Wah The Fuzz?,Fuzz / Overdrive,DONE,DONE,DONE,./research/pedals/Celestial Effects/Cancer - Wah The Fuzz?.md
Celestial Effects,Capricorn - Rock Distortion,Distortion / Overdrive,DONE,DONE,DONE,./research/pedals/Celestial Effects/Capricorn - Rock Distortion.md
Celestial Effects,Sagittarius - Overdrive Boost,Overdrive,DONE,DONE,DONE,./research/pedals/Celestial Effects/Sagittarius - Overdrive Boost.md
Celestial Effects,Taurus - Blues Overdrive,Overdrive,DONE,DONE,DONE,./research/pedals/Celestial Effects/Taurus - Blues Overdrive.md
Celestial Effects,Virgo - Rock Overdrive,Overdrive,DONE,DONE,DONE,./research/pedals/Celestial Effects/Virgo - Rock Overdrive.md
Celmo,Pimento Sardine Overdrive,Overdrive,DONE,DONE,DONE,./research/pedals/Celmo/Pimento Sardine Overdrive.md
Celmo,Sardine Can,Overdrive,DONE,DONE,DONE,./research/pedals/Celmo/Sardine Can.md
Center Street Electronics,Drone Station Fuzz,Fuzz / Overdrive,DONE,DONE,DONE,./research/pedals/Center Street Electronics/Drone Station Fuzz.md
Center Street Electronics,Druid Fuzz,Fuzz,DONE,DONE,DONE,./research/pedals/Center Street Electronics/Druid Fuzz.md
Center Street Electronics,God Hates Fuzz,Fuzz,DONE,DONE,DONE,./research/pedals/Center Street Electronics/God Hates Fuzz.md
Center Street Electronics,Godly Red,Distortion / Fuzz / Overdrive,DONE,NEEDED,NEEDED,./research/pedals/Center Street Electronics/Godly Red.md
Center Street Electronics,Rasputin Fuzz,Fuzz,DONE,DONE,DONE,./research/pedals/Center Street Electronics/Rasputin Fuzz.md
Center Street Electronics,The Murphy,Overdrive,DONE,DONE,DONE,./research/pedals/Center Street Electronics/The Murphy.md
Century,Century SDI-1 Distortion,Distortion,DONE,DONE,DONE,./research/pedals/Century/Century SDI-1 Distortion.md
Century,Century SHM-8 Heavy Metal,Distortion,DONE,DONE,DONE,./research/pedals/Century/Century SHM-8 Heavy Metal.md
Ceriatone,Centura Professional Overdrive,Overdrive,DONE,DONE,DONE,./research/pedals/Ceriatone/Centura Professional Overdrive.md
Ceriatone,Horse Breaker,Overdrive,DONE,DONE,DONE,./research/pedals/Ceriatone/Horse Breaker.md
César Diaz,Diaz Texas Square Face,Fuzz,DONE,DONE,DONE,./research/pedals/César Diaz/Diaz Texas Square Face.md
ChadderBox Effects,Loud/Louder,Distortion / Overdrive,DONE,DONE,DONE,./research/pedals/ChadderBox Effects/Loud-Louder.md
Chamber Of Sounds,Green Genie,Fuzz,DONE,DONE,DONE,./research/pedals/Chamber Of Sounds/Green Genie.md
Champion City Effects,Cosmic Owl,Distortion,DONE,DONE,DONE,./research/pedals/Champion City Effects/Cosmic Owl.md
Champion City Effects,Cosmonaut,Distortion,DONE,DONE,DONE,./research/pedals/Champion City Effects/Cosmonaut.md
Champion City Effects,El Gato Malo,Distortion,DONE,NEEDED,NEEDED,./research/pedals/Champion City Effects/El Gato Malo.md
Champion City Effects,Ezekiel,Distortion / Fuzz / Overdrive,DONE,DONE,DONE,./research/pedals/Champion City Effects/Ezekiel.md
Champion City Effects,Mjolnir Heavy Distortion,Distortion,DONE,DONE,DONE,./research/pedals/Champion City Effects/Mjolnir Heavy Distortion.md
Champion Leccy,Canny Fettle Boost,Distortion / Overdrive,DONE,DONE,DONE,./research/pedals/Champion Leccy/Canny Fettle Boost.md
Champion Leccy,Evil Twin,Distortion / Fuzz,DONE,DONE,DONE,./research/pedals/Champion Leccy/Evil Twin.md
Champion Leccy,The Divvy,Fuzz / Overdrive,DONE,DONE,DONE,./research/pedals/Champion Leccy/The Divvy.md
Champion Leccy,The Dunsh,Distortion / Fuzz,DONE,DONE,DONE,./research/pedals/Champion Leccy/The Dunsh.md
Champion Leccy,The Fat Gett,Fuzz,DONE,DONE,DONE,./research/pedals/Champion Leccy/The Fat Gett.md
Champion Leccy,The Gett,Fuzz,DONE,DONE,DONE,./research/pedals/Champion Leccy/The Gett.md
Chancho Electronics,Plumbus Fuzz,Fuzz,DONE,DONE,DONE,./research/pedals/Chancho Electronics/Plumbus Fuzz.md
Chandler,Chandler Tube Driver,Overdrive,DONE,DONE,DONE,./research/pedals/Chandler/Chandler Tube Driver.md
Chandler Limited,Germanium Drive,Distortion / Overdrive,DONE,DONE,DONE,./research/pedals/Chandler Limited/Germanium Drive.md
Chaos Custom Shop / Chaos FX,C.Drive,Overdrive,DONE,NEEDED,NEEDED,./research/pedals/Chaos Custom Shop - Chaos FX/C.Drive.md
Chaos Custom Shop / Chaos FX,Fuzz Machine,Fuzz,DONE,DONE,DONE,./research/pedals/Chaos Custom Shop - Chaos FX/Fuzz Machine.md
Chaos Custom Shop / Chaos FX,K.O. Drive,Overdrive,DONE,DONE,DONE,./research/pedals/Chaos Custom Shop - Chaos FX/K.O. Drive.md
Chaos Custom Shop / Chaos FX,Lugola Fuzz,Fuzz,DONE,DONE,DONE,./research/pedals/Chaos Custom Shop - Chaos FX/Lugola Fuzz.md
Chaos Custom Shop / Chaos FX,X.Drive Distortion,Distortion,DONE,DONE,DONE,./research/pedals/Chaos Custom Shop - Chaos FX/X.Drive Distortion.md
Chapter 53 Boutique Effects,Fuzzmaster,Fuzz,DONE,DONE,DONE,./research/pedals/Chapter 53 Boutique Effects/Fuzzmaster.md
Charlie Paolo Custom Effects,Bloodstone Overdrive,Overdrive,DONE,DONE,DONE,./research/pedals/Charlie Paolo Custom Effects/Bloodstone Overdrive.md
Charlie Paolo Custom Effects,Obsidian Fuzz,Fuzz,DONE,DONE,DONE,./research/pedals/Charlie Paolo Custom Effects/Obsidian Fuzz.md
Charlie Paolo Custom Effects,Sapphire - Transparent Overdrive,Overdrive,DONE,DONE,DONE,./research/pedals/Charlie Paolo Custom Effects/Sapphire - Transparent Overdrive.md
Charlie Paolo Custom Effects,Toothaker Distortion,Distortion,DONE,DONE,DONE,./research/pedals/Charlie Paolo Custom Effects/Toothaker Distortion.md
Charlie Pedals,Theophane,Fuzz,DONE,DONE,DONE,./research/pedals/Charlie Pedals/Theophane.md
Charlie Pedals,Troubadour 2023,Fuzz,DONE,DONE,DONE,./research/pedals/Charlie Pedals/Troubadour 2023.md
Charlie Pedals,Troubadour MKI.5,Fuzz,DONE,DONE,DONE,./research/pedals/Charlie Pedals/Troubadour MKI.5.md
Chase Bliss,Brothers AM,Distortion / Overdrive,DONE,DONE,DONE,./research/pedals/Chase Bliss/Brothers AM.md
Chase Bliss Audio,Bliss Factory,Fuzz,DONE,DONE,DONE,./research/pedals/Chase Bliss Audio/Bliss Factory.md
Chase Bliss Audio,Brothers,Fuzz / Overdrive,DONE,DONE,DONE,./research/pedals/Chase Bliss Audio/Brothers.md
Chase Bliss Audio,Brothers - Analog Gainstage,Distortion / Fuzz,DONE,DONE,DONE,./research/pedals/Chase Bliss Audio/Brothers - Analog Gainstage.md
Chase Bliss Audio,Brothers AM,Distortion / Overdrive,DONE,DONE,DONE,./research/pedals/Chase Bliss Audio/Brothers AM.md
Chase Bliss Audio,Condor - Analog EQ / Pre / Filter,Overdrive,DONE,DONE,DONE,./research/pedals/Chase Bliss Audio/Condor - Analog EQ - Pre - Filter.md
Chase Bliss Audio,Condor Hifi - Analog EQ / Pre / Filter,Overdrive,DONE,DONE,DONE,./research/pedals/Chase Bliss Audio/Condor Hifi - Analog EQ - Pre - Filter.md
Chase Bliss Audio,Dirt Bird,Distortion,DONE,DONE,DONE,./research/pedals/Chase Bliss Audio/Dirt Bird.md
Chase Bliss Audio,Preamp MKII,Fuzz / Overdrive,DONE,DONE,DONE,./research/pedals/Chase Bliss Audio/Preamp MKII.md
Chase Tone,'68 Red Velvet Fuzz,Fuzz,DONE,DONE,DONE,./research/pedals/Chase Tone/'68 Red Velvet Fuzz.md
Chase Tone,Black Stardust BC109 Silicon Fuzz,Fuzz,DONE,DONE,DONE,./research/pedals/Chase Tone/Black Stardust BC109 Silicon Fuzz.md
Chase Tone,Blue Stardust BC108 Silicon Fuzz,Fuzz / Overdrive,DONE,DONE,DONE,./research/pedals/Chase Tone/Blue Stardust BC108 Silicon Fuzz.md
Chase Tone,Candy Apple Red Glazed Germanium Fuzz Face,Fuzz,DONE,DONE,DONE,./research/pedals/Chase Tone/Candy Apple Red Glazed Germanium Fuzz Face.md
Chase Tone,Fuzz Fella Blue BC108C,Fuzz / Overdrive,DONE,DONE,DONE,./research/pedals/Chase Tone/Fuzz Fella Blue BC108C.md
Chase Tone,Metallic Blue Stardust Hi-Octave Fuzz,Fuzz,DONE,DONE,DONE,./research/pedals/Chase Tone/Metallic Blue Stardust Hi-Octave Fuzz.md
Chase Tone,Purple Stardust Hi-Octave Fuzz,Fuzz,DONE,DONE,DONE,./research/pedals/Chase Tone/Purple Stardust Hi-Octave Fuzz.md
Chase Tone,Red Stardust Germanium Fuzz,Fuzz,DONE,DONE,DONE,./research/pedals/Chase Tone/Red Stardust Germanium Fuzz.md
Chase Tone,Silver Stardust BC183/2L Silicon Fuzz,Fuzz,DONE,DONE,DONE,./research/pedals/Chase Tone/Silver Stardust BC183 2L Silicon Fuzz.md
Chaser,HM-3 Heavy Metal,Distortion,DONE,NEEDED,NEEDED,./research/pedals/Chaser/HM-3 Heavy Metal.md
CheeseBlocks Effects,Phoenix Fuzz,Fuzz,DONE,DONE,DONE,./research/pedals/CheeseBlocks Effects/Phoenix Fuzz.md
CheeseBlocks Effects,THE Cheese Distortion,Distortion,DONE,DONE,DONE,./research/pedals/CheeseBlocks Effects/THE Cheese Distortion.md
Chellee Guitars,Odelya,Overdrive,DONE,DONE,DONE,./research/pedals/Chellee Guitars/Odelya.md
Chellee Guitars,Odie - Classic Overdrive,Overdrive,DONE,DONE,DONE,./research/pedals/Chellee Guitars/Odie - Classic Overdrive.md
Chellee Guitars,Odie - Modified Overdrive,Overdrive,DONE,DONE,DONE,./research/pedals/Chellee Guitars/Odie - Modified Overdrive.md
Chellee Guitars,Odie - Overdrive,Overdrive,DONE,DONE,DONE,./research/pedals/Chellee Guitars/Odie - Overdrive.md
Chellee Guitars,Ponyboy - Overdrive,Overdrive,DONE,DONE,DONE,./research/pedals/Chellee Guitars/Ponyboy - Overdrive.md
Chellee Guitars,Sir Robin - Overdrive,Overdrive,DONE,DONE,DONE,./research/pedals/Chellee Guitars/Sir Robin - Overdrive.md
Chemistry Design Werks,Gigawatt - Overdrive & Delay,Overdrive,DONE,DONE,DONE,./research/pedals/Chemistry Design Werks/Gigawatt - Overdrive & Delay.md
Cherry Music,Mighty Sound M1 Distortion,Distortion,DONE,DONE,DONE,./research/pedals/Cherry Music/Mighty Sound M1 Distortion.md
Cherry Music,Mighty Sound M2 Overdrive,Overdrive,DONE,DONE,DONE,./research/pedals/Cherry Music/Mighty Sound M2 Overdrive.md
Cherry Music,Mighty Sound M3 Fuzz,Fuzz,DONE,DONE,DONE,./research/pedals/Cherry Music/Mighty Sound M3 Fuzz.md
Chesapeake Effects,Flagship Overdrive,Overdrive,DONE,DONE,DONE,./research/pedals/Chesapeake Effects/Flagship Overdrive.md
Chicago Iron,Octavian,Fuzz,DONE,DONE,DONE,./research/pedals/Chicago Iron/Octavian.md
Chicago Stompworks,Black Fudge,Fuzz,DONE,DONE,DONE,./research/pedals/Chicago Stompworks/Black Fudge.md
Chicago Stompworks,Fat Bald Guy,Fuzz,DONE,DONE,DONE,./research/pedals/Chicago Stompworks/Fat Bald Guy.md
Chicago Stompworks,Gray Speck,Overdrive,DONE,DONE,DONE,./research/pedals/Chicago Stompworks/Gray Speck.md
Chicago Stompworks,Greeny,Fuzz,DONE,DONE,DONE,./research/pedals/Chicago Stompworks/Greeny.md
Chicago Stompworks,Legitimate Beef,Overdrive,DONE,DONE,DONE,./research/pedals/Chicago Stompworks/Legitimate Beef.md
ChiralityAudio,Black Swan,Distortion / Fuzz,DONE,DONE,DONE,./research/pedals/ChiralityAudio/Black Swan.md
ChiralityAudio,Splinter,Overdrive,DONE,DONE,DONE,./research/pedals/ChiralityAudio/Splinter.md
Chiu Luen,CL-1 Distortion,Distortion,DONE,DONE,DONE,./research/pedals/Chiu Luen/CL-1 Distortion.md
Chiu Luen,CL-3 Clean/Distortion/Reverb/Chorus,Distortion,DONE,DONE,DONE,./research/pedals/Chiu Luen/CL-3 Clean Distortion Reverb Chorus.md
Chiu Luen,CL-4 Distortion/Reverb,Distortion,DONE,DONE,DONE,./research/pedals/Chiu Luen/CL-4 Distortion Reverb.md
Chiu Luen,CL-5 Distortion,Distortion,DONE,DONE,DONE,./research/pedals/Chiu Luen/CL-5 Distortion.md
Chocolate Electronics,Chocolate Crunch,Overdrive,DONE,DONE,DONE,./research/pedals/Chocolate Electronics/Chocolate Crunch.md
Chocolate Electronics,Chocolate Drive,Overdrive,DONE,DONE,DONE,./research/pedals/Chocolate Electronics/Chocolate Drive.md
Chocolate Electronics,Fuzzy Overdrive,Fuzz / Overdrive,DONE,DONE,DONE,./research/pedals/Chocolate Electronics/Fuzzy Overdrive.md
Chocolate Electronics,Melty Overdrive,Overdrive,DONE,DONE,DONE,./research/pedals/Chocolate Electronics/Melty Overdrive.md
Chord (by Daphon),BOD-50 Bass Overdrive,Overdrive,DONE,DONE,DONE,./research/pedals/Chord (by Daphon)/BOD-50 Bass Overdrive.md
Chord (by Daphon),DS-50 Distortion,Distortion,DONE,DONE,DONE,./research/pedals/Chord (by Daphon)/DS-50 Distortion.md
Chord (by Daphon),HM-50 Heavy Metal,Distortion,DONE,DONE,DONE,./research/pedals/Chord (by Daphon)/HM-50 Heavy Metal.md
Chord (by Daphon),MT-50 Metal Driver,Distortion,DONE,DONE,DONE,./research/pedals/Chord (by Daphon)/MT-50 Metal Driver.md
Chord (by Daphon),OD-50 Overdrive,Overdrive,DONE,DONE,DONE,./research/pedals/Chord (by Daphon)/OD-50 Overdrive.md
Chord (by Daphon),SD-50 Super Distortion,Distortion,DONE,DONE,DONE,./research/pedals/Chord (by Daphon)/SD-50 Super Distortion.md
Chord (by Tom's Line),OD50 Overdrive/Distortion,Distortion / Overdrive,DONE,DONE,DONE,./research/pedals/Chord (by Tom's Line)/OD50 Overdrive Distortion.md
Chowny Bass,Fuzzster Bass Fuzz,Fuzz,DONE,DONE,DONE,./research/pedals/Chowny Bass/Fuzzster Bass Fuzz.md
Chris Custom,Crusher - Hi Gain Distortion,Distortion,DONE,DONE,DONE,./research/pedals/Chris Custom/Crusher - Hi Gain Distortion.md
Chris Custom,DF-1 Dr.Fuzz,Fuzz,DONE,DONE,DONE,./research/pedals/Chris Custom/DF-1 Dr.Fuzz.md
Chris Custom,Dr.Drive,Overdrive,DONE,DONE,DONE,./research/pedals/Chris Custom/Dr.Drive.md
Chris Custom,Dr.Muff,Fuzz,DONE,DONE,DONE,./research/pedals/Chris Custom/Dr.Muff.md
Chris Custom,Dr.Scream,Overdrive,DONE,DONE,DONE,./research/pedals/Chris Custom/Dr.Scream.md
Chris Custom,Dr.Silvery,Overdrive,DONE,DONE,DONE,./research/pedals/Chris Custom/Dr.Silvery.md
Chris Custom,Fratz,Distortion / Overdrive,DONE,DONE,DONE,./research/pedals/Chris Custom/Fratz.md
Chris Custom,Loud Crusher,Distortion,DONE,DONE,DONE,./research/pedals/Chris Custom/Loud Crusher.md
Chuck Pedals,Arcadiator,Fuzz,DONE,DONE,DONE,./research/pedals/Chuck Pedals/Arcadiator.md
Chuck Pedals,Diver,Fuzz,DONE,DONE,DONE,./research/pedals/Chuck Pedals/Diver.md
Chuck Pedals,VTO,Overdrive,DONE,DONE,DONE,./research/pedals/Chuck Pedals/VTO.md
Chucktone Effects,Overdrive 809,Overdrive,DONE,DONE,DONE,./research/pedals/Chucktone Effects/Overdrive 809.md
Chunk Systems,Brown Dog,Fuzz,DONE,DONE,DONE,./research/pedals/Chunk Systems/Brown Dog.md
Chunk Systems,FZ002,Fuzz,DONE,DONE,DONE,./research/pedals/Chunk Systems/FZ002.md
Ciclar,Arquera Overdrive,Overdrive,DONE,DONE,DONE,./research/pedals/Ciclar/Arquera Overdrive.md
Ciclar,Motoquera Fuzz,Fuzz,DONE,DONE,DONE,./research/pedals/Ciclar/Motoquera Fuzz.md
Cicognani Engineering,Double Decker,Overdrive,DONE,DONE,DONE,./research/pedals/Cicognani Engineering/Double Decker.md
Cicognani Engineering,Speciale DD 1959,Overdrive,DONE,DONE,DONE,./research/pedals/Cicognani Engineering/Speciale DD 1959.md
Cicognani Engineering,Triple Decker,Overdrive,DONE,DONE,DONE,./research/pedals/Cicognani Engineering/Triple Decker.md
Circle Of Tone,Blues Overdrive,Overdrive,DONE,DONE,DONE,./research/pedals/Circle Of Tone/Blues Overdrive.md
Circle Of Tone,Distortion,Distortion,DONE,DONE,DONE,./research/pedals/Circle Of Tone/Distortion.md
Circle Of Tone,FUZZ,Fuzz,DONE,DONE,DONE,./research/pedals/Circle Of Tone/FUZZ.md
Circle Of Tone,OVERDRIVE,Overdrive,DONE,DONE,DONE,./research/pedals/Circle Of Tone/OVERDRIVE.md
Circle Of Tone,Quad Damage,Distortion / Overdrive,DONE,DONE,DONE,./research/pedals/Circle Of Tone/Quad Damage.md
Circuit Rider Effects,SiClops,Overdrive,DONE,DONE,DONE,./research/pedals/Circuit Rider Effects/SiClops.md
Circuitbenders,Black Box Audio Destructor,Distortion,DONE,DONE,DONE,./research/pedals/Circuitbenders/Black Box Audio Destructor.md
Circuitbenders,Demon Seed,Distortion / Fuzz,DONE,DONE,DONE,./research/pedals/Circuitbenders/Demon Seed.md
CircuitFX,Cruncher,Overdrive,DONE,DONE,DONE,./research/pedals/CircuitFX/Cruncher.md
CircuitFX,Soldano SuperCharger,Overdrive,DONE,DONE,DONE,./research/pedals/CircuitFX/Soldano SuperCharger.md
Circuitous FX,FZ-BRK,Fuzz,DONE,DONE,DONE,./research/pedals/Circuitous FX/FZ-BRK.md
Circular Time Hardware,Acetone Fuzz,Fuzz,DONE,DONE,DONE,./research/pedals/Circular Time Hardware/Acetone Fuzz.md
Circus Freak Music,The Bearded Lady Fuzztone,Fuzz,DONE,DONE,DONE,./research/pedals/Circus Freak Music/The Bearded Lady Fuzztone.md
Circus Freak Music,The Pickled Punk,Distortion,DONE,DONE,DONE,./research/pedals/Circus Freak Music/The Pickled Punk.md
Circus Freak Music,The Tattooed Lady,Overdrive,DONE,DONE,DONE,./research/pedals/Circus Freak Music/The Tattooed Lady.md
Citadel Electronics,Overtuber,Overdrive,DONE,DONE,DONE,./research/pedals/Citadel Electronics/Overtuber.md
Citadel Electronics,Particle Drive,Distortion / Overdrive,DONE,DONE,DONE,./research/pedals/Citadel Electronics/Particle Drive.md
Citadel Electronics,Plutonium Overdrive,Distortion / Fuzz / Overdrive,DONE,DONE,DONE,./research/pedals/Citadel Electronics/Plutonium Overdrive.md
Citadel Electronics,Vector,Fuzz,DONE,DONE,DONE,./research/pedals/Citadel Electronics/Vector.md
CKK Electronic,Destruction Drive - Aggressive High-Gain Distortion,Distortion,DONE,DONE,DONE,./research/pedals/CKK Electronic/Destruction Drive - Aggressive High-Gain Distortion.md
CKK Electronic,Flaming Lips - US Style Distortion with Fat Boost,Distortion,DONE,DONE,DONE,./research/pedals/CKK Electronic/Flaming Lips - US Style Distortion with Fat Boost.md
CKK Electronic,Gambler,Overdrive,DONE,DONE,DONE,./research/pedals/CKK Electronic/Gambler.md
CKK Electronic,Honey Jar - Overdrive,Overdrive,DONE,DONE,DONE,./research/pedals/CKK Electronic/Honey Jar - Overdrive.md
CKK Electronic,Lunar Drive - Vintage Amp Tone Overdrive,Overdrive,DONE,DONE,DONE,./research/pedals/CKK Electronic/Lunar Drive - Vintage Amp Tone Overdrive.md
CKK Electronic,Royal Fuzz,Fuzz,DONE,DONE,DONE,./research/pedals/CKK Electronic/Royal Fuzz.md
CKK Electronic,Scream Drive - Two Gain Stage Classic Overdrive,Overdrive,DONE,DONE,DONE,./research/pedals/CKK Electronic/Scream Drive - Two Gain Stage Classic Overdrive.md
Clarenzio,Brìne - Distortion,Distortion,DONE,DONE,DONE,./research/pedals/Clarenzio/Brìne - Distortion.md
Clarenzio,Cativèria - Tube Distortion,Distortion,DONE,DONE,DONE,./research/pedals/Clarenzio/Cativèria - Tube Distortion.md
Clarenzio,Sandroun - Tube Overdrive,Overdrive,DONE,DONE,DONE,./research/pedals/Clarenzio/Sandroun - Tube Overdrive.md
Clarenzio,Spètnador - Overdrive,Overdrive,DONE,DONE,DONE,./research/pedals/Clarenzio/Spètnador - Overdrive.md
Clarenzio,Strèmne - Fuzz,Fuzz,DONE,DONE,DONE,./research/pedals/Clarenzio/Strèmne - Fuzz.md
Clarenzio,Stùrloun - Tube Distortion,Distortion,DONE,DONE,DONE,./research/pedals/Clarenzio/Stùrloun - Tube Distortion.md
Clark Amplification,Gainster,Overdrive,DONE,DONE,DONE,./research/pedals/Clark Amplification/Gainster.md
Classic Audio Effects,Stumphouse Drive,Overdrive,DONE,DONE,DONE,./research/pedals/Classic Audio Effects/Stumphouse Drive.md
Clay Jones,CJOD Overdrive,Overdrive,DONE,DONE,DONE,./research/pedals/Clay Jones/CJOD Overdrive.md
Claybridge Sound Systems / Claybridge Audio,Fuzzmaster,Fuzz,DONE,DONE,DONE,./research/pedals/Claybridge Sound Systems / Claybridge Audio/Fuzzmaster.md
Claybridge Sound Systems / Claybridge Audio,Fuzzmaster MKIV,Fuzz,DONE,DONE,DONE,./research/pedals/Claybridge Sound Systems / Claybridge Audio/Fuzzmaster MKIV.md
Clayton,X-Treme DS-160 Distortion,Distortion,DONE,DONE,DONE,./research/pedals/Clayton/X-Treme DS-160 Distortion.md
Clayton,X-Treme MT-170 Metal Driver,Distortion,DONE,DONE,DONE,./research/pedals/Clayton/X-Treme MT-170 Metal Driver.md
Clayton,X-Treme OD-160 Overdrive,Overdrive,DONE,DONE,DONE,./research/pedals/Clayton/X-Treme OD-160 Overdrive.md
Clear Sound,Super Fuzz,Fuzz,DONE,DONE,DONE,./research/pedals/Clear Sound/Super Fuzz.md
Cleveland Music Co.,Bleepcakes Overfuzz,Fuzz / Overdrive,DONE,DONE,DONE,./research/pedals/Cleveland Music Co./Bleepcakes Overfuzz.md
Cleveland Music Co.,EastSide Overdrive,Overdrive,DONE,DONE,DONE,./research/pedals/Cleveland Music Co./EastSide Overdrive.md
Cleveland Music Co.,Flats Distortion,Distortion,DONE,DONE,DONE,./research/pedals/Cleveland Music Co./Flats Distortion.md
Cleveland Music Co.,Midgeapocalypse Vintage Fuzz,Fuzz,DONE,DONE,DONE,./research/pedals/Cleveland Music Co./Midgeapocalypse Vintage Fuzz.md
Cleveland Music Co.,Old Stone Overdrive,Overdrive,DONE,DONE,DONE,./research/pedals/Cleveland Music Co./Old Stone Overdrive.md
Cleveland Music Co.,Smuffle Fuzz,Fuzz,DONE,DONE,DONE,./research/pedals/Cleveland Music Co./Smuffle Fuzz.md
Cleveland Music Co.,Superior Overdrive,Overdrive,DONE,DONE,DONE,./research/pedals/Cleveland Music Co./Superior Overdrive.md
Cleveland Music Co.,The Heights Dynadrive,Overdrive,DONE,DONE,DONE,./research/pedals/Cleveland Music Co./The Heights Dynadrive.md
Cleveland Music Co.,WestSide Overdrive,Overdrive,DONE,DONE,DONE,./research/pedals/Cleveland Music Co./WestSide Overdrive.md
Cleveland Music Co.,Woollybear Fuzz,Fuzz,DONE,DONE,DONE,./research/pedals/Cleveland Music Co./Woollybear Fuzz.md
ClinchFX,Blue Classic,Distortion / Overdrive,DONE,DONE,DONE,./research/pedals/ClinchFX/Blue Classic.md
Clone Bro,Taurus,Overdrive,DONE,DONE,DONE,./research/pedals/Clone Bro/Taurus.md
Clone Bro,Tone King,Overdrive,DONE,NEEDED,NEEDED,./research/pedals/Clone Bro/Tone King.md
Cloud 9,DS-50 Distortion + Sustain,Distortion,DONE,DONE,DONE,./research/pedals/Cloud 9/DS-50 Distortion + Sustain.md
Cloud 9,TS-30 Tube Sound Overdrive,Overdrive,DONE,DONE,DONE,./research/pedals/Cloud 9/TS-30 Tube Sound Overdrive.md
Cluster Effects,Dragon-71,Distortion,DONE,DONE,DONE,./research/pedals/Cluster Effects/Dragon-71.md
CMAT Mods,Black Plague,Distortion,DONE,DONE,DONE,./research/pedals/CMAT Mods/Black Plague.md
CMAT Mods,Brownie,Distortion,DONE,DONE,DONE,./research/pedals/CMAT Mods/Brownie.md
CMAT Mods,Butah,Overdrive,DONE,DONE,DONE,./research/pedals/CMAT Mods/Butah.md
CMAT Mods,Ratified,Distortion,DONE,DONE,DONE,./research/pedals/CMAT Mods/Ratified.md
CMAT Mods,Signa Comp-Drive,Overdrive,DONE,DONE,DONE,./research/pedals/CMAT Mods/Signa Comp-Drive.md
CMAT Mods,Signa Drive,Overdrive,DONE,DONE,DONE,./research/pedals/CMAT Mods/Signa Drive.md
CMAT Mods,Super Signa Drive,Overdrive,DONE,DONE,DONE,./research/pedals/CMAT Mods/Super Signa Drive.md
CMAT Mods,Tube Slammer,Overdrive,DONE,DONE,DONE,./research/pedals/CMAT Mods/Tube Slammer.md
CMAT Mods,Tube Slammer Deluxe,Overdrive,DONE,DONE,DONE,./research/pedals/CMAT Mods/Tube Slammer Deluxe.md
CMC Audio,Bi Filter Fuzz,Fuzz,DONE,DONE,DONE,./research/pedals/CMC Audio/Bi Filter Fuzz.md
CMC Audio,PROTO TYPE V2,Overdrive,DONE,DONE,DONE,./research/pedals/CMC Audio/PROTO TYPE V2.md
CMI,CMI Fuzz Unit,Fuzz,DONE,DONE,DONE,./research/pedals/CMI/CMI Fuzz Unit.md
CMI,Wah Fuzz Swell,Fuzz,DONE,DONE,DONE,./research/pedals/CMI/Wah Fuzz Swell.md
CNZ Audio,GDS-20 Distortion,Distortion,DONE,DONE,DONE,./research/pedals/CNZ Audio/GDS-20 Distortion.md
CNZ Audio,SCM-20 Crossfire Metal,Distortion,DONE,DONE,DONE,./research/pedals/CNZ Audio/SCM-20 Crossfire Metal.md
CNZ Audio,SDU-20 Dumble Overdrive,Overdrive,DONE,DONE,DONE,./research/pedals/CNZ Audio/SDU-20 Dumble Overdrive.md
CNZ Audio,SFZ-20 Fuzz,Fuzz,DONE,DONE,DONE,./research/pedals/CNZ Audio/SFZ-20 Fuzz.md
CNZ Audio,SOD-20 Overdrive,Overdrive,DONE,DONE,DONE,./research/pedals/CNZ Audio/SOD-20 Overdrive.md
CNZ Audio,VBL-20 Bluesy Overdrive,Overdrive,DONE,DONE,DONE,./research/pedals/CNZ Audio/VBL-20 Bluesy Overdrive.md
CNZ Audio,VDU-20 Dumbled Drive,Overdrive,DONE,DONE,DONE,./research/pedals/CNZ Audio/VDU-20 Dumbled Drive.md
Cobrahawk,B12 Fuzz,Fuzz,DONE,DONE,DONE,./research/pedals/Cobrahawk/B12 Fuzz.md
Cobrahawk,B12 Go Fuzz Yourself (Paul),Fuzz,DONE,DONE,DONE,./research/pedals/Cobrahawk/B12 Go Fuzz Yourself (Paul).md
Cobrahawk,JRC4558 OD-8 Overdrive,Overdrive,DONE,DONE,DONE,./research/pedals/Cobrahawk/JRC4558 OD-8 Overdrive.md
Coda Effects,Black Hole,Distortion,DONE,DONE,DONE,./research/pedals/Coda Effects/Black Hole.md
Coda Effects,Dolmen Fuzz,Fuzz,DONE,DONE,DONE,./research/pedals/Coda Effects/Dolmen Fuzz.md
Code,CDO2 Stereo Distortion O.D.,Distortion / Overdrive,DONE,DONE,DONE,./research/pedals/Code/CDO2 Stereo Distortion O.D..md
Code,CMM2 Stereo Metal Mate,Distortion,DONE,DONE,DONE,./research/pedals/Code/CMM2 Stereo Metal Mate.md
Codtone,Ben Drive,Overdrive,DONE,DONE,DONE,./research/pedals/Codtone/Ben Drive.md
Codtone,Frank 'n' Beans,Fuzz,DONE,DONE,DONE,./research/pedals/Codtone/Frank 'n' Beans.md
Codtone,Fuzz for Bass,Fuzz,DONE,DONE,DONE,./research/pedals/Codtone/Fuzz for Bass.md
Codtone,Russian Bikini Ranger,Fuzz,DONE,DONE,DONE,./research/pedals/Codtone/Russian Bikini Ranger.md
Coffee Shop Pedals,Affogato Fuzz,Fuzz,DONE,DONE,DONE,./research/pedals/Coffee Shop Pedals/Affogato Fuzz.md
Coffee Shop Pedals,Donut Hole Overdrive,Overdrive,DONE,DONE,DONE,./research/pedals/Coffee Shop Pedals/Donut Hole Overdrive.md
Coffee Shop Pedals,Portafilter Dual Overdrive,Overdrive,DONE,DONE,DONE,./research/pedals/Coffee Shop Pedals/Portafilter Dual Overdrive.md
Coffin Case,Batula Fuzz,Fuzz,DONE,DONE,DONE,./research/pedals/Coffin Case/Batula Fuzz.md
Coffin Case,Blood Drive,Distortion,DONE,DONE,DONE,./research/pedals/Coffin Case/Blood Drive.md
Coffin Gear / Coffin Case,Batula Fuzz,Fuzz,DONE,DONE,DONE,./research/pedals/Coffin Gear / Coffin Case/Batula Fuzz.md
Coffin Gear / Coffin Case,BDFX-1 Blood Drive,Distortion,DONE,DONE,DONE,./research/pedals/Coffin Gear / Coffin Case/BDFX-1 Blood Drive.md
COG Effects,Darklighter,Overdrive,DONE,DONE,DONE,./research/pedals/COG Effects/Darklighter.md
COG Effects,Dual Knightfall,Distortion,DONE,DONE,DONE,./research/pedals/COG Effects/Dual Knightfall.md
COG Effects,Grand Tarkin Bass Fuzz,Fuzz,DONE,DONE,DONE,./research/pedals/COG Effects/Grand Tarkin Bass Fuzz.md
COG Effects,Grand Tarkin Mk2,Fuzz,DONE,DONE,DONE,./research/pedals/COG Effects/Grand Tarkin Mk2.md
COG Effects,Knightfall,Distortion,DONE,DONE,DONE,./research/pedals/COG Effects/Knightfall.md
COG Effects,Knightfall 66,Overdrive,DONE,DONE,DONE,./research/pedals/COG Effects/Knightfall 66.md
COG Effects,Mini 66 Bass Overdrive,Overdrive,DONE,DONE,DONE,./research/pedals/COG Effects/Mini 66 Bass Overdrive.md
COG Effects,Rogue One Fuzz Octave,Fuzz,DONE,DONE,DONE,./research/pedals/COG Effects/Rogue One Fuzz Octave.md
COG Effects,Tarkin Fuzz,Fuzz,DONE,DONE,DONE,./research/pedals/COG Effects/Tarkin Fuzz.md
COG Effects,Tarkin Mk2,Fuzz,DONE,DONE,DONE,./research/pedals/COG Effects/Tarkin Mk2.md
COG Effects,TK-421 Distortion,Distortion,DONE,DONE,DONE,./research/pedals/COG Effects/TK-421 Distortion.md
COG Effects,TK-421-X Bass Distortion,Distortion,DONE,DONE,DONE,./research/pedals/COG Effects/TK-421-X Bass Distortion.md
COG Effects,Wet Nuns Fuzz,Fuzz,DONE,DONE,DONE,./research/pedals/COG Effects/Wet Nuns Fuzz.md
Coggins Audio / Dinosaural,Cogmeister,Distortion / Fuzz / Overdrive,DONE,DONE,DONE,./research/pedals/Coggins Audio / Dinosaural/Cogmeister.md
Coggins Audio / Dinosaural,Dan Solo Mid Booster / Drive,Overdrive,DONE,DONE,DONE,./research/pedals/Coggins Audio / Dinosaural/Dan Solo Mid Booster / Drive.md
Coggins Audio / Dinosaural,Dinosaural OPA-101 Overdriven Pre-amp,Overdrive,DONE,DONE,DONE,./research/pedals/Coggins Audio / Dinosaural/Dinosaural OPA-101 Overdriven Pre-amp.md
Coggins Audio / Dinosaural,Dinosaural Tube Bender,Overdrive,DONE,DONE,DONE,./research/pedals/Coggins Audio / Dinosaural/Dinosaural Tube Bender.md
Coggins Audio / Dinosaural,Hypoid Drive,Distortion / Fuzz / Overdrive,DONE,DONE,DONE,./research/pedals/Coggins Audio / Dinosaural/Hypoid Drive.md
ColdCraft Effects,Black Dynamite MkII,Overdrive,DONE,DONE,DONE,./research/pedals/ColdCraft Effects/Black Dynamite MkII.md
ColdCraft Effects,Black Lime IC Fuzz,Fuzz,DONE,DONE,DONE,./research/pedals/ColdCraft Effects/Black Lime IC Fuzz.md
ColdCraft Effects,Black Shuck OD/Distortion,Distortion / Overdrive,DONE,DONE,DONE,./research/pedals/ColdCraft Effects/Black Shuck OD Distortion.md
ColdCraft Effects,Cascade MkII,Overdrive,DONE,DONE,DONE,./research/pedals/ColdCraft Effects/Cascade MkII.md
ColdCraft Effects,Fiesta Fuzz Mini,Fuzz,DONE,DONE,DONE,./research/pedals/ColdCraft Effects/Fiesta Fuzz Mini.md
ColdCraft Effects,Fiesta Fuzz MkII,Fuzz,DONE,DONE,DONE,./research/pedals/ColdCraft Effects/Fiesta Fuzz MkII.md
ColdCraft Effects,Fusion Fuzz,Fuzz,DONE,DONE,DONE,./research/pedals/ColdCraft Effects/Fusion Fuzz.md
ColdCraft Effects,Ramrod Distortion,Distortion,DONE,DONE,DONE,./research/pedals/ColdCraft Effects/Ramrod Distortion.md
ColdCraft Effects,Sweet Cream OD,Overdrive,DONE,DONE,DONE,./research/pedals/ColdCraft Effects/Sweet Cream OD.md
ColdCraft Effects,Sweet Kiwi MkII,Fuzz / Overdrive,DONE,DONE,DONE,./research/pedals/ColdCraft Effects/Sweet Kiwi MkII.md
Cole Music Co.,ParaDrive Parametric Overdrive,Overdrive,DONE,DONE,DONE,./research/pedals/Cole Music Co./ParaDrive Parametric Overdrive.md
Coleman,Angry Dragon mkII - Germanium Fuzz,Fuzz,DONE,DONE,DONE,./research/pedals/Coleman/Angry Dragon mkII - Germanium Fuzz.md
Coleman,Astro Fuzz - Hybrid Germanium Silicon Fuzz,Fuzz,DONE,DONE,DONE,./research/pedals/Coleman/Astro Fuzz - Hybrid Germanium Silicon Fuzz.md
Colfax Recorders,Porcelain Fuzz,Fuzz,DONE,DONE,DONE,./research/pedals/Colfax Recorders/Porcelain Fuzz.md
Colfax Recorders,Zephyr Overdrive,Overdrive,DONE,DONE,DONE,./research/pedals/Colfax Recorders/Zephyr Overdrive.md
Collateral FX,P004 Icarus,Overdrive,DONE,DONE,DONE,./research/pedals/Collateral FX/P004 Icarus.md
Collateral FX,P005 Continuum OD,Overdrive,DONE,DONE,DONE,./research/pedals/Collateral FX/P005 Continuum OD.md
Collateral FX,P008 Golden Ratio Fuzz,Fuzz,DONE,DONE,DONE,./research/pedals/Collateral FX/P008 Golden Ratio Fuzz.md
Collateral FX,P010 Year of Rat 1985,Distortion / Overdrive,DONE,DONE,DONE,./research/pedals/Collateral FX/P010 Year of Rat 1985.md
Collateral FX,P011 Chili Pre,Overdrive,DONE,DONE,DONE,./research/pedals/Collateral FX/P011 Chili Pre.md
Collateral FX,P012 Constellation OD,Overdrive,DONE,DONE,DONE,./research/pedals/Collateral FX/P012 Constellation OD.md
Collateral FX,P013 Black Hole Sunn,Overdrive,DONE,DONE,DONE,./research/pedals/Collateral FX/P013 Black Hole Sunn.md
Collateral FX,P014 Red Giant,Distortion / Overdrive,DONE,DONE,DONE,./research/pedals/Collateral FX/P014 Red Giant.md
Collateral FX,P015 White Russian Distortion/Fuzz,Distortion / Fuzz,DONE,DONE,DONE,./research/pedals/Collateral FX/P015 White Russian Distortion/Fuzz.md
Collateral FX,P016 Foxey Face Fuzz,Fuzz,DONE,DONE,DONE,./research/pedals/Collateral FX/P016 Foxey Face.md
Collateral FX,P017 Unchained Overdrive/Distortion,Distortion / Overdrive,DONE,DONE,DONE,./research/pedals/Collateral FX/P017 Unchained Overdrive-Distortion.md
Collateral FX,P019 Slow Distortion/Fuzz,Distortion / Fuzz,DONE,DONE,DONE,./research/pedals/Collateral FX/P019 Slow.md
Collateral FX,P021 Parsec Overdrive,Overdrive,DONE,DONE,DONE,./research/pedals/Collateral FX/P021 Parsec.md
Collateral FX,P022 Drive for the Dead Overdrive,Overdrive,DONE,DONE,DONE,./research/pedals/Collateral FX/P022 Drive for the Dead Overdrive.md
Collateral FX,P023 The Bendz Fuzz,Fuzz,DONE,DONE,DONE,./research/pedals/Collateral FX/P023 The Bendz Fuzz.md
Collateral FX,P024 Sirius Dual Overdrive,Overdrive,DONE,DONE,DONE,./research/pedals/Collateral FX/P024 Sirius Dual Overdrive.md
Collateral FX,P026 Banana Fuzz,Fuzz,DONE,DONE,DONE,./research/pedals/Collateral FX/P026 Banana Fuzz.md
Collateral FX,P027 Element 118 Fuzz,Fuzz,DONE,DONE,DONE,./research/pedals/Collateral FX/P027 Element 118 Fuzz.md
Collateral FX,P028 Palindrome Dual Overdrive,Overdrive,DONE,DONE,DONE,./research/pedals/Collateral FX/P028 Palindrome Dual Overdrive.md
Collateral FX,P029 Ring System Overdrive/Distortion,Distortion / Overdrive,DONE,DONE,DONE,./research/pedals/Collateral FX/P029 Ring System Overdrive-Distortion.md
Collateral FX,P031 Zeugma Fuzz,Fuzz,DONE,DONE,DONE,./research/pedals/Collateral FX/P031 Zeugma Fuzz.md
Collateral FX,P032 Touchstone Overdrive,Overdrive,DONE,DONE,DONE,./research/pedals/Collateral FX/P032 Touchstone Overdrive.md
Collins,CDT-1 Distortion,Distortion,DONE,DONE,DONE,./research/pedals/Collins/CDT-1 Distortion.md
Collins,COD-1 Pro Over Drive,Overdrive,DONE,NEEDED,NEEDED,./research/pedals/Collins/COD-1 Pro Over Drive.md
Collins,CSD-1 Pro Super Dust,Fuzz,DONE,NEEDED,NEEDED,./research/pedals/Collins/CSD-1 Pro Super Dust.md
Collision Devices,Black Hole Symmetry,Fuzz,DONE,DONE,DONE,./research/pedals/Collision Devices/Black Hole Symmetry.md
Collision Devices,FZ - Gated Fuzz / Distortion,Distortion / Fuzz,DONE,DONE,DONE,./research/pedals/Collision Devices/FZ - Gated Fuzz - Distortion.md
Collision Devices,Singularity,Distortion / Fuzz,DONE,DONE,DONE,./research/pedals/Collision Devices/Singularity.md
Collision Devices,Snack Fuzz,Distortion / Fuzz,DONE,DONE,DONE,./research/pedals/Collision Devices/Snack Fuzz.md
Collision Devices,TARS,Distortion / Fuzz,DONE,DONE,DONE,./research/pedals/Collision Devices/TARS.md
Colombo Audio Electronics,22 Overdrive/Distortion,Distortion / Overdrive,DONE,DONE,DONE,./research/pedals/Colombo Audio Electronics/22 Overdrive-Distortion.md
Colombo Audio Electronics,57 Turbo Drive,Overdrive,DONE,DONE,DONE,./research/pedals/Colombo Audio Electronics/57 Turbo Drive.md
Colombo Audio Electronics,Blackface Idol,Overdrive,DONE,DONE,DONE,./research/pedals/Colombo Audio Electronics/Blackface Idol.md
Colombo Audio Electronics,Bricks,Distortion / Fuzz,DONE,DONE,DONE,./research/pedals/Colombo Audio Electronics/Bricks.md
Colombo Audio Electronics,Eruption,Distortion / Overdrive,DONE,DONE,DONE,./research/pedals/Colombo Audio Electronics/Eruption.md
Colombo Audio Electronics,Father of Loud,Distortion / Overdrive,DONE,DONE,DONE,./research/pedals/Colombo Audio Electronics/Father of Loud.md
Colombo Audio Electronics,Ignition,Overdrive,DONE,DONE,DONE,./research/pedals/Colombo Audio Electronics/Ignition.md
Colombo Audio Electronics,Kensington,Overdrive,DONE,DONE,DONE,./research/pedals/Colombo Audio Electronics/Kensington.md
Colombo Audio Electronics,Kensington Star,Overdrive,DONE,DONE,DONE,./research/pedals/Colombo Audio Electronics/Kensington Star.md
Colombo Audio Electronics,Lead Trilogy,Distortion,DONE,DONE,DONE,./research/pedals/Colombo Audio Electronics/Lead Trilogy.md
Colombo Audio Electronics,Mr. Deaky,Distortion,DONE,DONE,DONE,./research/pedals/Colombo Audio Electronics/Mr. Deaky.md
Colombo Audio Electronics,Muff Blaster,Distortion / Fuzz,DONE,DONE,DONE,./research/pedals/Colombo Audio Electronics/Muff Blaster.md
Colombo Audio Electronics,Naoto,Distortion / Overdrive,DONE,DONE,DONE,./research/pedals/Colombo Audio Electronics/Naoto.md
Colombo Audio Electronics,November Child,Distortion / Overdrive,DONE,DONE,DONE,./research/pedals/Colombo Audio Electronics/November Child.md
Colombo Audio Electronics,Over Drive,Overdrive,DONE,DONE,DONE,./research/pedals/Colombo Audio Electronics/Over Drive.md
Colombo Audio Electronics,Plexi Breed,Distortion / Overdrive,DONE,DONE,DONE,./research/pedals/Colombo Audio Electronics/Plexi Breed.md
Colombo Audio Electronics,Pulse Driver,Overdrive,DONE,DONE,DONE,./research/pedals/Colombo Audio Electronics/Pulse Driver.md
Colombo Audio Electronics,Rocker 83,Distortion / Overdrive,DONE,DONE,DONE,./research/pedals/Colombo Audio Electronics/Rocker 83.md
Colombo Audio Electronics,Southern Stalker,Overdrive,DONE,DONE,DONE,./research/pedals/Colombo Audio Electronics/Southern Stalker.md
Colombo Audio Electronics,The One,Distortion / Overdrive,DONE,DONE,DONE,./research/pedals/Colombo Audio Electronics/The One.md
Colombo Audio Electronics,Utopia Overdrive,Distortion / Overdrive,DONE,DONE,DONE,./research/pedals/Colombo Audio Electronics/Utopia Overdrive.md
Colombo Audio Electronics,Via Lattea,Overdrive,DONE,DONE,DONE,./research/pedals/Colombo Audio Electronics/Via Lattea.md
Color Audio,Cassette Preamp,Fuzz / Overdrive,DONE,DONE,DONE,./research/pedals/Color Audio/Cassette Preamp.md
Colorsound / Sola Sound,B&M Champion Fuzz Unit,Fuzz,DONE,DONE,DONE,./research/pedals/Colorsound / Sola Sound/B&M Champion Fuzz Unit.md
Colorsound / Sola Sound,B&M Champion Wah Fuzz,Fuzz,DONE,NEEDED,NEEDED,./research/pedals/Colorsound / Sola Sound/B&M Champion Wah Fuzz.md
Colorsound / Sola Sound,B&M Fuzz Unit,Fuzz,DONE,DONE,DONE,./research/pedals/Colorsound / Sola Sound/B&M Fuzz Unit.md
Colorsound / Sola Sound,Colorsound Supa Wah-Fuzz-Swell,Fuzz,DONE,DONE,DONE,./research/pedals/Colorsound / Sola Sound/Colorsound Supa Wah-Fuzz-Swell.md
Colorsound / Sola Sound,Eurotec Black Box Fuzz Module,Fuzz,DONE,DONE,DONE,./research/pedals/Colorsound / Sola Sound/Eurotec Black Box Fuzz Module.md
Colorsound / Sola Sound,G.B. Fuzz,Fuzz,DONE,DONE,DONE,./research/pedals/Colorsound / Sola Sound/G.B. Fuzz.md
Colorsound / Sola Sound,G.B. Fuzz Unit,Fuzz,DONE,NEEDED,NEEDED,./research/pedals/Colorsound / Sola Sound/G.B. Fuzz Unit.md
Colorsound / Sola Sound,Overdriver,Overdrive,DONE,DONE,DONE,./research/pedals/Colorsound / Sola Sound/Overdriver.md
Colorsound / Sola Sound,Pro Traffic Fuzz Unit,Fuzz,DONE,DONE,DONE,./research/pedals/Colorsound / Sola Sound/Pro Traffic Fuzz Unit.md
Colorsound / Sola Sound,Sola Sound Bum Fuzz Unit,Fuzz,DONE,NEEDED,NEEDED,./research/pedals/Colorsound / Sola Sound/Sola Sound Bum Fuzz Unit.md
Colorsound / Sola Sound,Sola Sound Tone Bender,Fuzz,DONE,NEEDED,NEEDED,./research/pedals/Colorsound / Sola Sound/Sola Sound Tone Bender.md
Colorsound / Sola Sound,Tone Bender,Fuzz,DONE,DONE,DONE,./research/pedals/Colorsound / Sola Sound/Tone Bender.md
Colorsound / Sola Sound,Tone Bender MKII,Fuzz,DONE,DONE,DONE,./research/pedals/Colorsound / Sola Sound/Tone Bender MKII.md
Colorsound / Sola Sound,Tone Bender MKIII,Fuzz,DONE,NEEDED,NEEDED,./research/pedals/Colorsound / Sola Sound/Tone Bender MKIII.md
ColorTone Fx / Pedal Tank,Gainer,Overdrive,DONE,DONE,DONE,./research/pedals/ColorTone Fx / Pedal Tank/Gainer.md
ColorTone Fx / Pedal Tank,OD-909 Overdrive Pro,Overdrive,DONE,DONE,DONE,./research/pedals/ColorTone Fx / Pedal Tank/OD-909 Overdrive Pro.md
Colortone Pedals,Parasite Overdrive,Overdrive,DONE,DONE,DONE,./research/pedals/Colortone Pedals/Parasite Overdrive.md
Columbus,DST-5 Distortion,Distortion,DONE,NEEDED,NEEDED,./research/pedals/Columbus/DST-5 Distortion.md
Columbus,MTL-5 Ultra Metal,Distortion,DONE,NEEDED,NEEDED,./research/pedals/Columbus/MTL-5 Ultra Metal.md
Columbus,OVD-5 Overdrive,Overdrive,DONE,NEEDED,NEEDED,./research/pedals/Columbus/OVD-5 Overdrive.md
Columbus,TDR-5 Tube Driver,Overdrive,DONE,NEEDED,NEEDED,./research/pedals/Columbus/TDR-5 Tube Driver.md
Comet Effects,Hyperdrive,Overdrive,DONE,DONE,DONE,./research/pedals/Comet Effects/Hyperdrive.md
Commune,Senturion Crazy Booster,Fuzz,DONE,DONE,DONE,./research/pedals/Commune/Senturion Crazy Booster.md
Commune,Senturion Modern Factor,Overdrive,DONE,DONE,DONE,./research/pedals/Commune/Senturion Modern Factor.md
Commune,Senturion Preamp 500,Overdrive,DONE,DONE,DONE,./research/pedals/Commune/Senturion Preamp 500.md
Commune/ECA (Empire Custom Amplification),Screem,Overdrive,DONE,DONE,DONE,./research/pedals/Commune/ECA Screem.md
Commune/ECA (Empire Custom Amplification),Screem Mk-II,Overdrive,DONE,NEEDED,NEEDED,./research/pedals/Commune/ECA Screem Mk-II.md
Comodoro Pedales,Botfly Fuzz,Fuzz,DONE,DONE,DONE,./research/pedals/Comodoro Pedales/Botfly Fuzz.md
Comodoro Pedales,Percolator Fuzz,Fuzz,DONE,DONE,DONE,./research/pedals/Comodoro Pedales/Percolator Fuzz.md
Comodoro Pedales,Rat Bass,Distortion,DONE,NEEDED,NEEDED,./research/pedals/Comodoro Pedales/Rat Bass.md
Companion,FY-2 Fuzz Box,Fuzz,DONE,NEEDED,NEEDED,./research/pedals/Companion/FY-2 Fuzz Box.md
Companion,FY-6 Super Fuzz,Fuzz,DONE,NEEDED,NEEDED,./research/pedals/Companion/FY-6 Super Fuzz.md
Compulsive Audio,Dimed Boogie,Distortion,DONE,DONE,DONE,./research/pedals/Compulsive Audio/Dimed Boogie.md
Compulsive Audio,Face-Off Fuzz,Fuzz,DONE,NEEDED,NEEDED,./research/pedals/Compulsive Audio/Face-Off Fuzz.md
Compulsive Audio,Hair Band Distortion,Distortion,DONE,DONE,DONE,./research/pedals/Compulsive Audio/Hair Band Distortion.md
Compulsive Audio,Jimi - Octave Fuzz,Fuzz,DONE,DONE,DONE,./research/pedals/Compulsive Audio/Jimi - Octave Fuzz.md
Compulsive Audio,Texas Holdem ZZ,Overdrive,DONE,DONE,DONE,./research/pedals/Compulsive Audio/Texas Holdem ZZ.md
Compulsive Audio,Thor's Hammer,Distortion,DONE,DONE,DONE,./research/pedals/Compulsive Audio/Thor's Hammer.md
Compulsive Audio,Tone Oracle,Overdrive,DONE,NEEDED,NEEDED,./research/pedals/Compulsive Audio/Tone Oracle.md
Compulsive Audio,Valve Howler Jr.,Overdrive,DONE,NEEDED,NEEDED,./research/pedals/Compulsive Audio/Valve Howler Jr..md
Concrete Sound Lab,SLAB,Fuzz / Overdrive,DONE,DONE,DONE,./research/pedals/Concrete Sound Lab/SLAB.md
Conrad,Conrad Buzz Box & Volume Expander,Fuzz,DONE,NEEDED,NEEDED,./research/pedals/Conrad/Conrad Buzz Box & Volume Expander.md
Conrad,Conrad Fuzzy Fury,Fuzz,DONE,NEEDED,NEEDED,./research/pedals/Conrad/Conrad Fuzzy Fury.md
Conrad,Conrad Sky Hawk - Fuzz and Treble Booster,Fuzz,DONE,NEEDED,NEEDED,./research/pedals/Conrad/Conrad Sky Hawk - Fuzz and Treble Booster.md
Cool Bear Effects,Grizzly Bear,Distortion / Overdrive,DONE,NEEDED,NEEDED,./research/pedals/Cool Bear Effects/Grizzly Bear.md
Coolmusic,C-DI01 Insane Distortion,Distortion,DONE,DONE,DONE,./research/pedals/Coolmusic/C-DI01 Insane Distortion.md
Coolmusic,C-DI02 Classic Distortion,Distortion,DONE,DONE,DONE,./research/pedals/Coolmusic/C-DI02 Classic Distortion.md
Coolmusic,C-FC1 Fuzzster,Fuzz,DONE,DONE,DONE,./research/pedals/Coolmusic/C-FC1 Fuzzster.md
Coolmusic,C-OV01 Crunchy Overdrive,Overdrive,DONE,NEEDED,NEEDED,./research/pedals/Coolmusic/C-OV01 Crunchy Overdrive.md
Coolmusic,HG-7 High Gain,Distortion,DONE,NEEDED,NEEDED,./research/pedals/Coolmusic/HG-7 High Gain.md
Coolmusic,MT-6 Distortion,Distortion,DONE,NEEDED,NEEDED,./research/pedals/Coolmusic/MT-6 Distortion.md
Coolmusic,Multiple Distortion,Distortion,DONE,NEEDED,NEEDED,./research/pedals/Coolmusic/Multiple Distortion.md
Coolpedals,Dirty Devil,Distortion / Overdrive,DONE,DONE,DONE,./research/pedals/Coolpedals/Dirty Devil.md
Coolpedals,Steam Machine,Distortion / Overdrive,DONE,NEEDED,NEEDED,./research/pedals/Coolpedals/Steam Machine.md
Coolpedals,Strutter,Overdrive,DONE,DONE,DONE,./research/pedals/Coolpedals/Strutter.md
Coolsound,A117 Rough OVD,Overdrive,DONE,NEEDED,NEEDED,./research/pedals/Coolsound/A117 Rough OVD.md
Coolsound,A127 Dirty Bass,Distortion,DONE,NEEDED,NEEDED,./research/pedals/Coolsound/A127 Dirty Bass.md
Coopersonic,Deluxe Dual Valve Overdrive,Overdrive,DONE,NEEDED,NEEDED,./research/pedals/Coopersonic/Deluxe Dual Valve Overdrive.md
Coopersonic,Deluxe Valve Overdrive,Overdrive,DONE,DONE,DONE,./research/pedals/Coopersonic/Deluxe Valve Overdrive.md
Coopersonic,Dirtbox,Distortion / Fuzz / Overdrive,DONE,NEEDED,NEEDED,./research/pedals/Coopersonic/Dirtbox.md
Coopersonic,Dual-Valve Distortion (Deluxe),Distortion / Fuzz,DONE,DONE,DONE,./research/pedals/Coopersonic/Dual-Valve Distortion (Deluxe).md
Coopersonic,Dual-Valve Distortion (Regular),Distortion / Fuzz,DONE,DONE,DONE,./research/pedals/Coopersonic/Dual-Valve Distortion (Regular).md
Coopersonic,Mini Tube Overdrive,Overdrive,DONE,NEEDED,NEEDED,./research/pedals/Coopersonic/Mini Tube Overdrive.md
Coopersonic,Pig Fuzz,Fuzz,DONE,DONE,DONE,./research/pedals/Coopersonic/Pig Fuzz.md
Coopersonic,The Germaniac - Vintage Fuzz,Fuzz,DONE,NEEDED,NEEDED,./research/pedals/Coopersonic/The Germaniac - Vintage Fuzz.md
Coopersonic,Twin Tube Overdrive,Overdrive,DONE,NEEDED,NEEDED,./research/pedals/Coopersonic/Twin Tube Overdrive.md
Coopersonic,Valveslapper,Overdrive,DONE,DONE,DONE,./research/pedals/Coopersonic/Valveslapper.md
Copilot FX,Mantis,Fuzz,DONE,DONE,DONE,./research/pedals/Copilot FX/Mantis.md
Copilot FX,Orbit,Fuzz,DONE,NEEDED,NEEDED,./research/pedals/Copilot FX/Orbit.md
Copilot FX,Terra,Fuzz,DONE,NEEDED,NEEDED,./research/pedals/Copilot FX/Terra.md
Copilot FX,Trek,Fuzz,DONE,NEEDED,NEEDED,./research/pedals/Copilot FX/Trek.md
Copper Gear,Black Howler,Fuzz,DONE,DONE,DONE,./research/pedals/Copper Gear/Black Howler.md
Copper Gear,Brontide Device,Distortion,DONE,NEEDED,NEEDED,./research/pedals/Copper Gear/Brontide Device.md
Copper Gear,Distorta Azura,Fuzz,DONE,DONE,DONE,./research/pedals/Copper Gear/Distorta Azura.md
Copper Gear,Distorta Destructo,Distortion / Fuzz,DONE,NEEDED,NEEDED,./research/pedals/Copper Gear/Distorta Destructo.md
Copper Gear,Distorta Obscura,Distortion / Fuzz,DONE,NEEDED,NEEDED,./research/pedals/Copper Gear/Distorta Obscura.md
CopperSound Pedals,Foxcatcher - Overdrive & Boost,Overdrive,DONE,NEEDED,NEEDED,./research/pedals/CopperSound Pedals/Foxcatcher - Overdrive & Boost.md
CopperSound Pedals,Foxcatcher V1 Overdrive & Boost,Overdrive,DONE,DONE,DONE,./research/pedals/CopperSound Pedals/Foxcatcher V1 Overdrive & Boost.md
CopperSound Pedals,Foxcatcher V2 Overdrive,Overdrive,DONE,DONE,DONE,./research/pedals/CopperSound Pedals/Foxcatcher V2 Overdrive.md
CopperSound Pedals,Ion Warped Fuzz,Fuzz,DONE,DONE,DONE,./research/pedals/CopperSound Pedals/Ion Warped Fuzz.md
CopperSound Pedals,Kingpin Germanium Clipper,Overdrive,DONE,DONE,DONE,./research/pedals/CopperSound Pedals/Kingpin Germanium Clipper.md
CopperSound Pedals,Mustard Gas - Lo-Fi / Fuzz,Fuzz,DONE,NEEDED,NEEDED,./research/pedals/CopperSound Pedals/Mustard Gas - Lo-Fi Fuzz.md
CopperSound Pedals,Mystique Germanium Fuzz & Boost,Fuzz,DONE,DONE,DONE,./research/pedals/CopperSound Pedals/Mystique Germanium Fuzz & Boost.md
CopperSound Pedals,Mystique Germanium Fuzz & Boost (Limited Edition),Fuzz,DONE,DONE,DONE,./research/pedals/CopperSound Pedals/Mystique Germanium Fuzz & Boost (Limited Edition).md
CopperSound Pedals,Renegade Multi-Bias Fuzz,Fuzz,DONE,DONE,DONE,./research/pedals/CopperSound Pedals/Renegade Multi-Bias Fuzz.md
CopperSound Pedals,Strategy Overdrive & Preamp,Overdrive,DONE,DONE,DONE,./research/pedals/CopperSound Pedals/Strategy Overdrive & Preamp.md
Cordovox,DS-8 Mouse,Distortion,DONE,NEEDED,NEEDED,./research/pedals/Cordovox/DS-8 Mouse.md
Cordovox,DS-9 Distortion,Distortion,DONE,NEEDED,NEEDED,./research/pedals/Cordovox/DS-9 Distortion.md
Cordovox,FZ-7 Fuzz,Fuzz,DONE,DONE,DONE,./research/pedals/Cordovox/FZ-7 Fuzz.md
Cordovox,OD-7 Overdrive,Overdrive,DONE,NEEDED,NEEDED,./research/pedals/Cordovox/OD-7 Overdrive.md
Cordovox,OD-8 X-Drive,Overdrive,DONE,NEEDED,NEEDED,./research/pedals/Cordovox/OD-8 X-Drive.md
Cornell Amplification,Over Drive Special,Overdrive,DONE,DONE,DONE,./research/pedals/Cornell Amplification/Over Drive Special.md
Cornell Amplification,The 1st Fuzz,Fuzz,DONE,NEEDED,NEEDED,./research/pedals/Cornell Amplification/The 1st Fuzz.md
Cornerstone Music Gear,Antique V3,Overdrive,DONE,DONE,DONE,./research/pedals/Cornerstone Music Gear/Antique V3.md
Cornerstone Music Gear,Centurio,Overdrive,DONE,DONE,DONE,./research/pedals/Cornerstone Music Gear/Centurio.md
Cornerstone Music Gear,Colosseum,Overdrive,DONE,DONE,DONE,./research/pedals/Cornerstone Music Gear/Colosseum.md
Cornerstone Music Gear,Gladio - Double Preamp,Overdrive,DONE,DONE,DONE,./research/pedals/Cornerstone Music Gear/Gladio - Double Preamp.md
Cornerstone Music Gear,Gladio SC,Overdrive,DONE,DONE,DONE,./research/pedals/Cornerstone Music Gear/Gladio SC.md
Cornerstone Music Gear,Imperium V2,Overdrive,DONE,DONE,DONE,./research/pedals/Cornerstone Music Gear/Imperium V2.md
Cornerstone Music Gear,Nero,Fuzz / Overdrive,DONE,DONE,DONE,./research/pedals/Cornerstone Music Gear/Nero.md
Cornerstone Music Gear,Sparkle,Overdrive,DONE,DONE,DONE,./research/pedals/Cornerstone Music Gear/Sparkle.md
Cornerstone Music Gear,Sparkle - Dynamic Overdrive,Overdrive,DONE,DONE,DONE,./research/pedals/Cornerstone Music Gear/Sparkle - Dynamic Overdrive.md
Coron,Coron Distortion,Distortion,DONE,DONE,DONE,./research/pedals/Coron/Coron Distortion.md
Coron,Coron Distortion 10,Distortion,DONE,NEEDED,NEEDED,./research/pedals/Coron/Coron Distortion 10.md
Coron,Coron Distortion 15,Distortion,DONE,DONE,DONE,./research/pedals/Coron/Coron Distortion 15.md
Coron,Coron Octaver 2,Fuzz,DONE,DONE,DONE,./research/pedals/Coron/Coron Octaver 2.md
Coron,Coron Over Drive,Overdrive,DONE,DONE,DONE,./research/pedals/Coron/Coron Over Drive.md
Coron,D-500 Distortion,Distortion,DONE,DONE,DONE,./research/pedals/Coron/D-500 Distortion.md
Coron,DT-510 Distortion,Distortion,DONE,DONE,DONE,./research/pedals/Coron/DT-510 Distortion.md
Coron,HD-520 Heavy Distortion,Distortion,DONE,DONE,DONE,./research/pedals/Coron/HD-520 Heavy Distortion.md
Coron,HM-520 Heavy Metal Turbo,Distortion,DONE,DONE,DONE,./research/pedals/Coron/HM-520 Heavy Metal Turbo.md
Coron,HO-320 Heavy Over Drive,Overdrive,DONE,DONE,DONE,./research/pedals/Coron/HO-320 Heavy Over Drive.md
Coron,O-300 Over Drive,Overdrive,DONE,DONE,DONE,./research/pedals/Coron/O-300 Over Drive.md
Correct Sound,Black Sunn,Distortion,DONE,NEEDED,NEEDED,./research/pedals/Correct Sound/Black Sunn.md
Correct Sound,Eclipse,Distortion / Fuzz / Overdrive,DONE,DONE,DONE,./research/pedals/Correct Sound/Eclipse.md
Correct Sound,M1 Tube Preamp,Distortion / Fuzz,DONE,DONE,DONE,./research/pedals/Correct Sound/M1 Tube Preamp.md
Correct Sound,Mad Hatter - High Precision Distortion Machine,Distortion / Fuzz,DONE,DONE,DONE,./research/pedals/Correct Sound/Mad Hatter - High Precision Distortion Machine.md
Correct Sound,Tube Beta Hybrid Mk-II,Distortion / Overdrive,DONE,DONE,DONE,./research/pedals/Correct Sound/Tube Beta Hybrid Mk-II.md
Cortez,Cortez Overdrive,Overdrive,DONE,DONE,DONE,./research/pedals/Cortez/Cortez Overdrive.md
Cosmic Sound FX,The Fuzz Machine,Fuzz,DONE,NEEDED,NEEDED,./research/pedals/Cosmic Sound FX/The Fuzz Machine.md
Cosmic Sound FX,The Ladyland Fuzz,Fuzz,DONE,DONE,DONE,./research/pedals/Cosmic Sound FX/The Ladyland Fuzz.md
Cosmic Sound FX,The MkII,Fuzz,DONE,DONE,DONE,./research/pedals/Cosmic Sound FX/The MkII.md
Cosmic Terror,Centerror,Overdrive,DONE,DONE,DONE,./research/pedals/Cosmic Terror/Centerror.md
Cosmic Terror,Cosmic Drive,Overdrive,DONE,NEEDED,NEEDED,./research/pedals/Cosmic Terror/Cosmic Drive.md
Cosmic Terror,Cult OD,Overdrive,DONE,DONE,DONE,./research/pedals/Cosmic Terror/Cult OD.md
Cosmic Terror,Droog,Overdrive,DONE,DONE,DONE,./research/pedals/Cosmic Terror/Droog.md
Cosmic Terror,Low Frequency Destroyer,Distortion / Fuzz,DONE,DONE,DONE,./research/pedals/Cosmic Terror/Low Frequency Destroyer.md
Cosmic Terror,Sonic Doom,Fuzz,DONE,DONE,DONE,./research/pedals/Cosmic Terror/Sonic Doom.md
Cosmic Terror,Sonic Rat,Distortion,DONE,DONE,DONE,./research/pedals/Cosmic Terror/Sonic Rat.md
Cosmic Terror,The Butcher,Fuzz,DONE,DONE,DONE,./research/pedals/Cosmic Terror/The Butcher.md
Cosmodio Instruments,Glitch Witch - Auto-Modulated Logic Fuzz,Fuzz,DONE,DONE,DONE,./research/pedals/Cosmodio Instruments/Glitch Witch - Auto-Modulated Logic Fuzz.md
Cosmodio Instruments,Pet Yeti,Distortion / Fuzz,DONE,DONE,DONE,./research/pedals/Cosmodio Instruments/Pet Yeti.md
Cosmosound,CSE-14 Distortion/Volume,Distortion,DONE,NEEDED,NEEDED,./research/pedals/Cosmosound/CSE-14 Distortion-Volume.md
Cosmosound,CSE-3 Wah-Wah Distortion,Distortion,DONE,DONE,DONE,./research/pedals/Cosmosound/CSE-3 Wah-Wah Distortion.md
Cosmosound,Distortion Whau-Whau,Distortion,DONE,DONE,DONE,./research/pedals/Cosmosound/Distortion Whau-Whau.md
Cosmosound,Distortion Whau-Whau Repeat,Distortion,DONE,DONE,DONE,./research/pedals/Cosmosound/Distortion Whau-Whau Repeat.md
Cosmosound,E-6 Powerful Sound,Distortion,DONE,DONE,DONE,./research/pedals/Cosmosound/E-6 Powerful Sound.md
Cosmosound,E-7 Fearfully-Sound,Distortion,DONE,DONE,DONE,./research/pedals/Cosmosound/E-7 Fearfully-Sound.md
Cosmosound,E-8 Wild Sound,Fuzz,DONE,DONE,DONE,./research/pedals/Cosmosound/E-8 Wild Sound.md
CostaLab,Bad Angel,Distortion,DONE,DONE,DONE,./research/pedals/CostaLab/Bad Angel.md
CostaLab,Custom Muff Classic,Distortion / Fuzz,DONE,DONE,DONE,./research/pedals/CostaLab/Custom Muff Classic.md
CostaLab,Custom Muff EVO,Distortion / Fuzz,DONE,DONE,DONE,./research/pedals/CostaLab/Custom Muff EVO.md
CostaLab,Dual Drive,Distortion / Overdrive,DONE,DONE,DONE,./research/pedals/CostaLab/Dual Drive.md
CostaLab,Good Devil,Distortion / Overdrive,DONE,DONE,DONE,./research/pedals/CostaLab/Good Devil.md
CostaLab,Moon Drive,Distortion / Fuzz,DONE,DONE,DONE,./research/pedals/CostaLab/Moon Drive.md
CostaLab,Natural Drive,Distortion / Overdrive,DONE,DONE,DONE,./research/pedals/CostaLab/Natural Drive.md
CostaLab,Natural Drive MKII,Distortion / Overdrive,DONE,DONE,DONE,./research/pedals/CostaLab/Natural Drive MKII.md
CostaLab,Sun Drive,Distortion / Fuzz,DONE,DONE,DONE,./research/pedals/CostaLab/Sun Drive.md
Couch Electronics,Baker's Dozen Overdrive,Overdrive,DONE,DONE,DONE,./research/pedals/Couch Electronics/Baker's Dozen Overdrive.md
Couch Electronics,Blue Whale Overdrive,Overdrive,DONE,DONE,DONE,./research/pedals/Couch Electronics/Blue Whale Overdrive.md
Coura,Gainor,Distortion,DONE,DONE,DONE,./research/pedals/Coura/Gainor.md
Coura,Raizor,Distortion,DONE,DONE,DONE,./research/pedals/Coura/Raizor.md
Craftros Pedals,Musica Rev.D,Overdrive,DONE,DONE,DONE,./research/pedals/Craftros Pedals/Musica Rev.D.md
Cranetortoise by Albit,AD-1 Crunch + Atom Distortion,Distortion,DONE,DONE,DONE,./research/pedals/Cranetortoise by Albit/AD-1 Crunch + Atom Distortion.md
Cranetortoise by Albit,DD-1 Dual Distortion,Distortion,DONE,DONE,DONE,./research/pedals/Cranetortoise by Albit/DD-1 Dual Distortion.md
Cranetortoise by Albit,DD-1B Dual Distortion for Bass,Distortion,DONE,NEEDED,NEEDED,./research/pedals/Cranetortoise by Albit/DD-1B Dual Distortion for Bass.md
Cranetortoise by Albit,FB-1 Fuzz Drive Booster,Fuzz,DONE,DONE,DONE,./research/pedals/Cranetortoise by Albit/FB-1 Fuzz Drive Booster.md
Cranetortoise by Albit,FD-1 Exciting Fuzz Drive,Fuzz,DONE,DONE,DONE,./research/pedals/Cranetortoise by Albit/FD-1 Exciting Fuzz Drive.md
Cranetortoise by Albit,FD-2 Low Noise Fat Distortion,Distortion,DONE,DONE,DONE,./research/pedals/Cranetortoise by Albit/FD-2 Low Noise Fat Distortion.md
Cranetortoise by Albit,HM-1 High Gain Distortion,Distortion,DONE,DONE,DONE,./research/pedals/Cranetortoise by Albit/HM-1 High Gain Distortion.md
Cranetortoise by Albit,OD-1 Over Drive Booster with Loud Circuit,Overdrive,DONE,NEEDED,NEEDED,./research/pedals/Cranetortoise by Albit/OD-1 Over Drive Booster with Loud Circuit.md
Cranetortoise by Albit,SD-1 Skunk Distortion,Distortion,DONE,DONE,DONE,./research/pedals/Cranetortoise by Albit/SD-1 Skunk Distortion.md
Cranetortoise by Albit,SW-1 Switching Distortion,Distortion,DONE,DONE,DONE,./research/pedals/Cranetortoise by Albit/SW-1 Switching Distortion.md
Cranetortoise by Albit,SW-1B Switching Distortion,Distortion,DONE,DONE,DONE,./research/pedals/Cranetortoise by Albit/SW-1B Switching Distortion.md
Crate,CC-2681 Distortion,Distortion,DONE,DONE,DONE,./research/pedals/Crate/CC-2681 Distortion.md
Crazy Rock'n'Roll Effecter,Nasty Drive,Overdrive,DONE,DONE,DONE,./research/pedals/Crazy Rock'n'Roll Effecter/Nasty Drive.md
Crazy Rock'n'Roll Effecter,SWAG FACE,Fuzz,DONE,DONE,DONE,./research/pedals/Crazy Rock'n'Roll Effecter/SWAG FACE.md
Crazy Rock'n'Roll Effecter,THE FOXY BLOW,Distortion,DONE,DONE,DONE,./research/pedals/Crazy Rock'n'Roll Effecter/THE FOXY BLOW.md
Crazy Rock'n'Roll Effecter,TONE BENDER M.K Ⅰ. Ⅴ,Fuzz,DONE,NEEDED,NEEDED,./research/pedals/Crazy Rock'n'Roll Effecter/TONE BENDER M.K Ⅰ. Ⅴ.md
Crazy Tube Circuits,Black Magic,Distortion / Fuzz,DONE,NEEDED,NEEDED,./research/pedals/Crazy Tube Circuits/Black Magic.md
Crazy Tube Circuits,Black Magic MkII,Distortion / Overdrive,DONE,DONE,DONE,./research/pedals/Crazy Tube Circuits/Black Magic MkII.md
Crazy Tube Circuits,Blackface Stardust V2,Distortion / Fuzz / Overdrive,DONE,DONE,DONE,./research/pedals/Crazy Tube Circuits/Blackface Stardust V2.md
Crazy Tube Circuits,Constellation,Fuzz,DONE,DONE,DONE,./research/pedals/Crazy Tube Circuits/Constellation.md
Crazy Tube Circuits,Constellation OC41,Distortion / Fuzz / Overdrive,DONE,DONE,DONE,./research/pedals/Crazy Tube Circuits/Constellation OC41.md
Crazy Tube Circuits,Constellation OC45,Distortion / Fuzz / Overdrive,DONE,DONE,DONE,./research/pedals/Crazy Tube Circuits/Constellation OC45.md
Crazy Tube Circuits,Constellation of Fuzz,Fuzz,DONE,DONE,DONE,./research/pedals/Crazy Tube Circuits/Constellation of Fuzz.md
Crazy Tube Circuits,Crossfire,Distortion / Fuzz / Overdrive,DONE,DONE,DONE,./research/pedals/Crazy Tube Circuits/Crossfire.md
Crazy Tube Circuits,Falcon,Distortion / Fuzz / Overdrive,DONE,DONE,DONE,./research/pedals/Crazy Tube Circuits/Falcon.md
Crazy Tube Circuits,Falcon - Overdrive,Overdrive,DONE,NEEDED,NEEDED,./research/pedals/Crazy Tube Circuits/Falcon - Overdrive.md
Crazy Tube Circuits,Heatseeker,Distortion / Fuzz / Overdrive,DONE,DONE,DONE,./research/pedals/Crazy Tube Circuits/Heatseeker.md
Crazy Tube Circuits,Hi-Power,Distortion / Fuzz / Overdrive,DONE,NEEDED,NEEDED,./research/pedals/Crazy Tube Circuits/Hi-Power.md
Crazy Tube Circuits,Locomotive - 12AY7 Bass Overdrive,Overdrive,DONE,NEEDED,NEEDED,./research/pedals/Crazy Tube Circuits/Locomotive - 12AY7 Bass Overdrive.md
Crazy Tube Circuits,Motherload,Distortion / Fuzz / Overdrive,DONE,DONE,DONE,./research/pedals/Crazy Tube Circuits/Motherload.md
Crazy Tube Circuits,Motherload - Fuzz/Distortion,Distortion / Fuzz / Overdrive,DONE,NEEDED,NEEDED,./research/pedals/Crazy Tube Circuits/Motherload - Fuzz Distortion.md
Crazy Tube Circuits,Orama,Distortion / Fuzz / Overdrive,DONE,NEEDED,NEEDED,./research/pedals/Crazy Tube Circuits/Orama.md
Crazy Tube Circuits,Orama - Dual Drive,Fuzz / Overdrive,DONE,NEEDED,NEEDED,./research/pedals/Crazy Tube Circuits/Orama - Dual Drive.md
Crazy Tube Circuits,Pin Up Fuzz,Fuzz,DONE,DONE,DONE,./research/pedals/Crazy Tube Circuits/Pin Up Fuzz.md
Crazy Tube Circuits,Space Charged - Tube Overdrive/Distortion,Distortion / Overdrive,DONE,NEEDED,NEEDED,./research/pedals/Crazy Tube Circuits/Space Charged - Tube Overdrive-Distortion.md
Crazy Tube Circuits,Space Charged V2,Distortion / Fuzz / Overdrive,DONE,NEEDED,NEEDED,./research/pedals/Crazy Tube Circuits/Space Charged V2.md
Crazy Tube Circuits,Space Charged V2 - Tube Overdrive/Distortion,Distortion / Overdrive,DONE,NEEDED,NEEDED,./research/pedals/Crazy Tube Circuits/Space Charged V2 - Tube Overdrive-Distortion.md
Crazy Tube Circuits,Stardust,Overdrive,DONE,NEEDED,NEEDED,./research/pedals/Crazy Tube Circuits/Stardust.md
Crazy Tube Circuits,Stardust v2 (Blackface),Overdrive,DONE,NEEDED,NEEDED,./research/pedals/Crazy Tube Circuits/Stardust v2 (Blackface).md
Crazy Tube Circuits,Stardust v3,Distortion / Fuzz / Overdrive,DONE,DONE,DONE,./research/pedals/Crazy Tube Circuits/Stardust V3.md
Crazy Tube Circuits,Stardust V3,Overdrive,DONE,DONE,DONE,./research/pedals/Crazy Tube Circuits/Stardust V3.md
Crazy Tube Circuits,Starlight,Distortion / Fuzz / Overdrive,DONE,DONE,DONE,./research/pedals/Crazy Tube Circuits/Starlight.md
Crazy Tube Circuits,Triptychon,Fuzz / Overdrive,DONE,NEEDED,NEEDED,./research/pedals/Crazy Tube Circuits/Triptychon.md
Crazy Tube Circuits,Triptychon - Octave Fuzz / Drive / Treble Boost,Fuzz / Overdrive,DONE,NEEDED,NEEDED,./research/pedals/Crazy Tube Circuits/Triptychon - Octave Fuzz Drive Treble Boost.md
Crazy Tube Circuits,Unobtanium,Distortion / Fuzz / Overdrive,DONE,DONE,DONE,./research/pedals/Crazy Tube Circuits/Unobtanium.md
Crazy Tube Circuits,Unobtanium - Klon + Dumble,Overdrive,DONE,NEEDED,NEEDED,./research/pedals/Crazy Tube Circuits/Unobtanium - Klon + Dumble.md
Crazy Tube Circuits,Unobtanium Raw,Distortion / Fuzz / Overdrive,DONE,NEEDED,NEEDED,./research/pedals/Crazy Tube Circuits/Unobtanium Raw.md
Crazy Tube Circuits,Unobtanium RAW,Overdrive,DONE,NEEDED,NEEDED,./research/pedals/Crazy Tube Circuits/Unobtanium RAW.md
Crazy Tube Circuits,Venus,Distortion / Fuzz / Overdrive,DONE,DONE,DONE,./research/pedals/Crazy Tube Circuits/Venus.md
Crazy Tube Circuits,Venus - Tube Overdrive,Overdrive,DONE,NEEDED,NEEDED,./research/pedals/Crazy Tube Circuits/Venus - Tube Overdrive.md
Crazy Tube Circuits,Ziggy v2,Distortion / Fuzz / Overdrive,DONE,DONE,DONE,./research/pedals/Crazy Tube Circuits/Ziggy v2.md
Crazy Tube Circuits,Ziggy V2,Distortion / Overdrive,DONE,DONE,DONE,./research/pedals/Crazy Tube Circuits/Ziggy v2.md
Crazybox Pedals,The Box - Massive High Gain Distortion,Distortion,NEEDED,NEEDED,NEEDED,
Crazybox Pedals,The Tone Box - Vargas Blus Band Dual Overdrive,Overdrive,NEEDED,NEEDED,NEEDED,
CrazyTone,Crazytone Fuzz,Fuzz,NEEDED,NEEDED,NEEDED,
Creation Audio Labs,Grizzly Bass,Distortion / Overdrive,NEEDED,NEEDED,NEEDED,
Creation Audio Labs,Holy Fire 9,Distortion / Overdrive,NEEDED,NEEDED,NEEDED,
Creation Audio Labs,Holy Fire Classic,Distortion / Overdrive,NEEDED,NEEDED,NEEDED,
Creber Instruments,Classic Fuzz,Fuzz,NEEDED,NEEDED,NEEDED,
Creepy Fingers Effects,Blacklight Fuzz,Fuzz,NEEDED,NEEDED,NEEDED,
Creepy Fingers Effects,Blue Mood,Fuzz,NEEDED,NEEDED,NEEDED,
Creepy Fingers Effects,Brummie,Fuzz,NEEDED,NEEDED,NEEDED,
Creepy Fingers Effects,Crazy Creepy,Fuzz,NEEDED,NEEDED,NEEDED,
Creepy Fingers Effects,Creepyface,Fuzz,NEEDED,NEEDED,NEEDED,
Creepy Fingers Effects,Fuzz Nugget,Fuzz,NEEDED,NEEDED,NEEDED,
Creepy Fingers Effects,Fuzzfreak,Fuzz,NEEDED,NEEDED,NEEDED,
Creepy Fingers Effects,Harakiri,Fuzz,NEEDED,NEEDED,NEEDED,
Creepy Fingers Effects,Hold Tight,Fuzz,NEEDED,NEEDED,NEEDED,
Creepy Fingers Effects,Lonely Heart,Fuzz,NEEDED,NEEDED,NEEDED,
Creepy Fingers Effects,Modern Sound,Fuzz,NEEDED,NEEDED,NEEDED,
Creepy Fingers Effects,Shatterbox,Fuzz,NEEDED,NEEDED,NEEDED,
Creepy Fingers Effects,The Balch,Fuzz,NEEDED,NEEDED,NEEDED,
Crest Audio,Fuzz Face,Fuzz,NEEDED,NEEDED,NEEDED,
Crestwood,Crestwood 6-Tr Fuzz Wah,Fuzz,NEEDED,NEEDED,NEEDED,
Crestwood,Crestwood 8-Tr Fuzz Wah Pedal,Fuzz,NEEDED,NEEDED,NEEDED,
Crestwood,Crestwood Fuzz,Fuzz,NEEDED,NEEDED,NEEDED,
Crews Maniac Sound,Addict OD,Overdrive,NEEDED,NEEDED,NEEDED,
Crews Maniac Sound,DIS-01 Distortion,Distortion,NEEDED,NEEDED,NEEDED,
Crews Maniac Sound,Genius Over Drive,Overdrive,NEEDED,NEEDED,NEEDED,
Crews Maniac Sound,Quadrive,Overdrive,NEEDED,NEEDED,NEEDED,
Crews Maniac Sound,SVD-001 Classic Overdrive,Overdrive,NEEDED,NEEDED,NEEDED,
Crews Maniac Sound,Taco Fuzz,Fuzz,NEEDED,NEEDED,NEEDED,
Crews Maniac Sound,Texas Tornado,Overdrive,NEEDED,NEEDED,NEEDED,
Crews Maniac Sound,Valve Drive,Overdrive,NEEDED,NEEDED,NEEDED,
Crews Maniac Sound,VD-38 Real Valve Drive,Overdrive,NEEDED,NEEDED,NEEDED,
Crimsontone,Nero Overdrive,Overdrive,NEEDED,NEEDED,NEEDED,
Crimsontone,Rosso Fuzz,Fuzz / Overdrive,NEEDED,NEEDED,NEEDED,
Critically Overdriven,E.O.D.,Overdrive,NEEDED,NEEDED,NEEDED,
Critter Electronics,1972,Fuzz,NEEDED,NEEDED,NEEDED,
Critter Electronics,1978R Distortion,Distortion,NEEDED,NEEDED,NEEDED,
Critter Electronics,American Fuzz,Fuzz,NEEDED,NEEDED,NEEDED,
Critter Electronics,CFR Klone,Distortion / Overdrive,NEEDED,NEEDED,NEEDED,
Critter Electronics,CRR Klone,Overdrive,NEEDED,NEEDED,NEEDED,
Critter Electronics,Model III Overdrive,Overdrive,NEEDED,NEEDED,NEEDED,
Crock,CM-2 Crock Metal,Distortion,NEEDED,NEEDED,NEEDED,
Crock,DS-2 Distortion,Distortion,NEEDED,NEEDED,NEEDED,
Crock,DS-4 Supra Distortion,Distortion,NEEDED,NEEDED,NEEDED,
Crock,OD-2 Over Drive Plus,Overdrive,NEEDED,NEEDED,NEEDED,
Crock,SD-2 Super Over Drive,Overdrive,NEEDED,NEEDED,NEEDED,
Crock,SM-2 Super Metal,Distortion,NEEDED,NEEDED,NEEDED,
Crock,SM-3 Super Metal,Distortion,NEEDED,NEEDED,NEEDED,
Crock,TM-2 Thrash Master,Distortion,NEEDED,NEEDED,NEEDED,
CrockettDial Productions,The Kwaker,Fuzz,NEEDED,NEEDED,NEEDED,
Crossfire,CF-DO2 Dual-Injection After Burner,Distortion,NEEDED,NEEDED,NEEDED,
Crossfire,DST-301 Distortion,Distortion,NEEDED,NEEDED,NEEDED,
Crossfire,FUZ-510 R-Fuzz,Fuzz,NEEDED,NEEDED,NEEDED,
Crossfire,OVD-302 Overdrive,Overdrive,NEEDED,NEEDED,NEEDED,
Crotronics,Firestarter,Fuzz,NEEDED,NEEDED,NEEDED,
Crotronics,Lost Temper,Fuzz,NEEDED,NEEDED,NEEDED,
Crowella Effects,Animated,Distortion / Overdrive,NEEDED,NEEDED,NEEDED,
Crowella Effects,Defector,Overdrive,NEEDED,NEEDED,NEEDED,
Crowella Effects,Voskhod,Distortion,NEEDED,NEEDED,NEEDED,
Crown,Fuzz and Treble Booster,Fuzz,NEEDED,NEEDED,NEEDED,
Crown,FW-3 Distortion Wah Volume,Distortion,NEEDED,NEEDED,NEEDED,
Crown,Super Fuzz,Fuzz,NEEDED,NEEDED,NEEDED,
Crown,W-Fuzz - 8-Transistor Fuzz-Wah,Fuzz,NEEDED,NEEDED,NEEDED,
Crowther Audio,Hot Cake,Overdrive,NEEDED,NEEDED,NEEDED,
CroyTone Audio Technologies,Camper Fuzz,Fuzz,NEEDED,NEEDED,NEEDED,
CroyTone Audio Technologies,Hae Fuzz,Fuzz,NEEDED,NEEDED,NEEDED,
CroyTone Audio Technologies,Suzumebachi Fuzz,Fuzz,NEEDED,NEEDED,NEEDED,
Crucial Audio,Das Götterdämmerung,Distortion / Fuzz,NEEDED,NEEDED,NEEDED,
Crushsound,Farmer's Mill,Distortion / Fuzz / Overdrive,NEEDED,NEEDED,NEEDED,
Crust Pedals,Hudson Broadcast Clone,Overdrive,NEEDED,NEEDED,NEEDED,
Cruzer (by Crafter),EF-DT Distortion,Distortion,NEEDED,NEEDED,NEEDED,
Cruzer (by Crafter),EF-OD Over Drive,Overdrive,NEEDED,NEEDED,NEEDED,
Cryptid Effects,Indrid Cold,Fuzz,NEEDED,NEEDED,NEEDED,
Cryptid Effects,Siam Howler,Fuzz,NEEDED,NEEDED,NEEDED,
Crysta Professional,DS-1 Distortion,Distortion,NEEDED,NEEDED,NEEDED,
Crysta Professional,OD-1 Overdrive,Overdrive,NEEDED,NEEDED,NEEDED,
CS.Cathey,AB-03 Distortion Booster,Distortion,NEEDED,NEEDED,NEEDED,
CS.Cathey,AD-02 Distortion Box,Distortion,NEEDED,NEEDED,NEEDED,
CSL,CSL Super Fuzz,Fuzz,NEEDED,NEEDED,NEEDED,
CSL,CSL Wah Fuzz,Fuzz,NEEDED,NEEDED,NEEDED,
CSR,Metal Rocker,Distortion,NEEDED,NEEDED,NEEDED,
CTech / CB Labs,PRX-901 Amp Emulator,Overdrive,NEEDED,NEEDED,NEEDED,
CTech / CB Labs,PRX-902 Amp Emulator,Overdrive,NEEDED,NEEDED,NEEDED,
Cultco,001 Medium Overdrive,Overdrive,NEEDED,NEEDED,NEEDED,
Cunningham Amps,Dual Range Fuzz,Fuzz,NEEDED,NEEDED,NEEDED,
Cunningham Amps,Gypsy Eyes Fuzz,Fuzz,NEEDED,NEEDED,NEEDED,
Cunningham Amps,MK 1.6 Fuzz,Fuzz,NEEDED,NEEDED,NEEDED,
Cunningham Amps,MKII Professional Fuzz,Fuzz,NEEDED,NEEDED,NEEDED,
Cunningham Amps,Nick Perri Signature MK1 Fuzz,Fuzz,NEEDED,NEEDED,NEEDED,
Cunningham Amps,Octave Fuzz,Fuzz,NEEDED,NEEDED,NEEDED,
Cunningham Amps,Supa Fuzz,Fuzz,NEEDED,NEEDED,NEEDED,
Cunningham Amps,Zonk/MK1 Fuzz,Fuzz,NEEDED,NEEDED,NEEDED,
Cusack Music,Carolina Reaper,Fuzz / Overdrive,NEEDED,NEEDED,NEEDED,
Cusack Music,Screamer Bass Fuzz,Fuzz / Overdrive,NEEDED,NEEDED,NEEDED,
Cusack Music,Screamer Fuzz Germanium,Fuzz / Overdrive,NEEDED,NEEDED,NEEDED,
Cusack Music,Screamer Fuzz V3,Fuzz / Overdrive,NEEDED,NEEDED,NEEDED,
Cusack Music,Screamer V2,Overdrive,NEEDED,NEEDED,NEEDED,
Custom 77,Push Me Pull Me,Overdrive,NEEDED,NEEDED,NEEDED,
Custom Analog Pedals,Purple Fuzzy Drive,Fuzz / Overdrive,NEEDED,NEEDED,NEEDED,
Custom Audio Electronics,Freddy Fuzz,Fuzz,NEEDED,NEEDED,NEEDED,
Custom Guitar Innovations,2 In 1 Fuzz Pedal,Fuzz,NEEDED,NEEDED,NEEDED,
Custom Guitar Innovations,Experience Fuzz,Fuzz,NEEDED,NEEDED,NEEDED,
Custom Guitar Innovations,Fuzz Boost,Fuzz,NEEDED,NEEDED,NEEDED,
Custom Guitar Innovations,Octavio,Fuzz,NEEDED,NEEDED,NEEDED,
Custom Tones,Ethos Overdrive,Overdrive,NEEDED,NEEDED,NEEDED,
Cutec,OD-01 Over Drive,Overdrive,NEEDED,NEEDED,NEEDED,
CUVAVE / M-VAVE,DIST British,Distortion,NEEDED,NEEDED,NEEDED,
CUVAVE / M-VAVE,DIST-MT1,Distortion,NEEDED,NEEDED,NEEDED,
CUVAVE / M-VAVE,Distortion SC1,Distortion,NEEDED,NEEDED,NEEDED,
CUVAVE / M-VAVE,FUZZ,Fuzz,NEEDED,NEEDED,NEEDED,
CUVAVE / M-VAVE,Overdrive AMP,Overdrive,NEEDED,NEEDED,NEEDED,
CUVAVE / M-VAVE,Overdrive Blues,Overdrive,NEEDED,NEEDED,NEEDED,
CUVAVE / M-VAVE,Overdrive DB,Overdrive,NEEDED,NEEDED,NEEDED,
CUVAVE / M-VAVE,Overdrive TS,Overdrive,NEEDED,NEEDED,NEEDED,
Cyclone,DI-10 Distortion,Distortion,NEEDED,NEEDED,NEEDED,
Cyclone,OD-30 Overdrive,Overdrive,NEEDED,NEEDED,NEEDED,
Cyclone,TS-5 Tube Stack,Distortion,NEEDED,NEEDED,NEEDED,
D&M,Distortion,Distortion,NEEDED,NEEDED,NEEDED,
Dan Drive Pedal Solutions,Secret Machine,Fuzz,NEEDED,NEEDED,NEEDED,
Danelectro,3699 fUZZ,Fuzz,NEEDED,NEEDED,NEEDED,
Danelectro,Black Coffee Metal Distortion,Distortion,NEEDED,NEEDED,NEEDED,
Danelectro,Black Paisley Liquid Metal,Distortion,NEEDED,NEEDED,NEEDED,
Danelectro,Blue Paisley PureDrive,Overdrive,NEEDED,NEEDED,NEEDED,
Danelectro,Cash Cow Overdrive,Overdrive,NEEDED,NEEDED,NEEDED,
Danelectro,Cool Cat Distortion,Distortion,NEEDED,NEEDED,NEEDED,
Danelectro,Cool Cat Drive,Overdrive,NEEDED,NEEDED,NEEDED,
Danelectro,Cool Cat Fuzz,Fuzz,NEEDED,NEEDED,NEEDED,
Danelectro,Cool Cat Metal,Distortion,NEEDED,NEEDED,NEEDED,
Danelectro,Cool Cat Metal II,Distortion,NEEDED,NEEDED,NEEDED,
Danelectro,Cool Cat Transparent Overdrive,Overdrive,NEEDED,NEEDED,NEEDED,
Danelectro,Daddy O,Overdrive,NEEDED,NEEDED,NEEDED,
Danelectro,Eisenhower Fuzz,Fuzz,NEEDED,NEEDED,NEEDED,
Danelectro,FAB Distortion,Distortion,NEEDED,NEEDED,NEEDED,
Danelectro,FAB Fuzz,Fuzz,NEEDED,NEEDED,NEEDED,
Danelectro,FAB Metal,Distortion,NEEDED,NEEDED,NEEDED,
Danelectro,FAB Overdrive,Overdrive,NEEDED,NEEDED,NEEDED,
Danelectro,Fab Tone / FAB Tone Distortion,Distortion,NEEDED,NEEDED,NEEDED,
Danelectro,French Toast,Fuzz,NEEDED,NEEDED,NEEDED,
Danelectro,French Toast Octave Distortion,Distortion,NEEDED,NEEDED,NEEDED,
Danelectro,Grilled Cheese Distortion,Distortion,NEEDED,NEEDED,NEEDED,
Danelectro,Nichols 1966,Distortion / Fuzz,NEEDED,NEEDED,NEEDED,
Danelectro,Pastrami Overdrive,Overdrive,NEEDED,NEEDED,NEEDED,
Danelectro,Pride of Texas Overdrive,Overdrive,NEEDED,NEEDED,NEEDED,
Danelectro,Roebuck,Distortion,NEEDED,NEEDED,NEEDED,
Danelectro,T-Bone Distortion,Distortion,NEEDED,NEEDED,NEEDED,
Danelectro,The Breakdown,Overdrive,NEEDED,NEEDED,NEEDED,
Danelectro,Wasabi Distortion,Distortion,NEEDED,NEEDED,NEEDED,
Danelectro,Wasabi Overdrive,Overdrive,NEEDED,NEEDED,NEEDED,
Daredevil Pedals,Almighty Bass,Fuzz,NEEDED,NEEDED,NEEDED,
Daredevil Pedals,British Black Belt,Distortion,NEEDED,NEEDED,NEEDED,
Daredevil Pedals,Chicago Way,Fuzz / Overdrive,NEEDED,NEEDED,NEEDED,
Daredevil Pedals,COCKED & FEARLESS,Distortion,NEEDED,NEEDED,NEEDED,
Daredevil Pedals,DAISHO,Fuzz,NEEDED,NEEDED,NEEDED,
Daredevil Pedals,Daredevil Cry Baby Fuzz Wah,Fuzz,NEEDED,NEEDED,NEEDED,
Daredevil Pedals,Deep Dish-tortion,Distortion,NEEDED,NEEDED,NEEDED,
Daredevil Pedals,DRIVE-Bi,Distortion,NEEDED,NEEDED,NEEDED,
Daredevil Pedals,Fearless Distortion,Distortion,NEEDED,NEEDED,NEEDED,
Daredevil Pedals,L.S.D,Fuzz,NEEDED,NEEDED,NEEDED,
Daredevil Pedals,Logan Square Destroyer,Fuzz,NEEDED,NEEDED,NEEDED,
Daredevil Pedals,Necros Fuzz / Distortion,Distortion,NEEDED,NEEDED,NEEDED,
Daredevil Pedals,Northern Creeper,Fuzz,NEEDED,NEEDED,NEEDED,
Daredevil Pedals,NORTHERN CREEPER Fuzz,Fuzz,NEEDED,NEEDED,NEEDED,
Daredevil Pedals,Nova,Fuzz,NEEDED,NEEDED,NEEDED,
Daredevil Pedals,OP Amp Fuzz V5,Fuzz,NEEDED,NEEDED,NEEDED,
Daredevil Pedals,Premium Overdrive,Overdrive,NEEDED,NEEDED,NEEDED,
Daredevil Pedals,Real Cool Fuzz,Fuzz,NEEDED,NEEDED,NEEDED,
Daredevil Pedals,REAL COOL FUZZ,Fuzz,NEEDED,NEEDED,NEEDED,
Daredevil Pedals,Red Light District,Distortion,NEEDED,NEEDED,NEEDED,
Daredevil Pedals,Ron Asheton Real Cool Fuzz,Fuzz,NEEDED,NEEDED,NEEDED,
Daredevil Pedals,Shrineburner Fuzz,Fuzz,NEEDED,NEEDED,NEEDED,
Daredevil Pedals,Supernova Fuzz,Fuzz,NEEDED,NEEDED,NEEDED,
Daredevil Pedals,Ten Tone Anniversary Fuzz,Fuzz,NEEDED,NEEDED,NEEDED,
Daredevil Pedals,the Chicago Rat — selectable high-gain distortion mode,Distortion,NEEDED,NEEDED,NEEDED,
Daredevil Pedals,the Chicago Rat — selectable over-clipped fuzz mode,Fuzz,NEEDED,NEEDED,NEEDED,
Daredevil Pedals,The Chicago Way,Overdrive,NEEDED,NEEDED,NEEDED,
Daredevil Pedals,Wolf Deluxe Fuzz,Fuzz,NEEDED,NEEDED,NEEDED,
Darkglass Electronics,Microtubes B3K,Overdrive,NEEDED,NEEDED,NEEDED,
Darkglass Electronics,Microtubes Infinity,Distortion,NEEDED,NEEDED,NEEDED,
DeadastronautFX,Black Triangle,Overdrive,NEEDED,NEEDED,NEEDED,
DeadastronautFX,EasyDriver,Overdrive,NEEDED,NEEDED,NEEDED,
DeadastronautFX,Skinwalker,Distortion,NEEDED,NEEDED,NEEDED,
DeadastronautFX,Space Patrol,Fuzz,NEEDED,NEEDED,NEEDED,
DeadastronautFX,X-Fuzz II,Fuzz,NEEDED,NEEDED,NEEDED,
Death By Audio,Absolute Destruction,Distortion / Fuzz / Overdrive,NEEDED,NEEDED,NEEDED,
Death By Audio,Apocalypse,Distortion / Fuzz / Overdrive,NEEDED,NEEDED,NEEDED,
Death By Audio,Bass War,Distortion / Fuzz / Overdrive,NEEDED,NEEDED,NEEDED,
Death By Audio,Crossover Fuzz,Fuzz,NEEDED,NEEDED,NEEDED,
Death By Audio,Echo Dream 2 (fuzz function),Distortion / Fuzz / Overdrive,NEEDED,NEEDED,NEEDED,
Death By Audio,Fuzz Gun,Fuzz,NEEDED,NEEDED,NEEDED,
Death By Audio,Fuzz War,Distortion / Fuzz / Overdrive,NEEDED,NEEDED,NEEDED,
Death By Audio,Germanium Filter,Distortion / Fuzz / Overdrive,NEEDED,NEEDED,NEEDED,
Death By Audio,Harmonic Transformer,Distortion,NEEDED,NEEDED,NEEDED,
Death By Audio,Interstellar Overdriver,Distortion / Fuzz / Overdrive,NEEDED,NEEDED,NEEDED,
Death By Audio,Interstellar Overdriver Deluxe,Overdrive,NEEDED,NEEDED,NEEDED,
Death By Audio,Octave Clang,Distortion / Fuzz / Overdrive,NEEDED,NEEDED,NEEDED,
Death By Audio,Octave Clang V2,Fuzz,NEEDED,NEEDED,NEEDED,
Death By Audio,Reverberation Machine,Fuzz,NEEDED,NEEDED,NEEDED,
Death By Audio,Sonic Incinerator,Distortion,NEEDED,NEEDED,NEEDED,
Death By Audio,Supersonic Fuzz Gun,Fuzz,NEEDED,NEEDED,NEEDED,
Death By Audio,Thee Treble Overload,Distortion / Fuzz / Overdrive,NEEDED,NEEDED,NEEDED,
Decibelics,Angry Swede V2,Distortion,NEEDED,NEEDED,NEEDED,
Decibelics,Big Klone,Overdrive,NEEDED,NEEDED,NEEDED,
Decibelics,Golden Horse,Overdrive,NEEDED,NEEDED,NEEDED,
Decibelics,Golden Royale,Overdrive,NEEDED,NEEDED,NEEDED,
Decibelics,The Reverend,Overdrive,NEEDED,NEEDED,NEEDED,
Deep Trip,BOG,Distortion / Fuzz / Overdrive,NEEDED,NEEDED,NEEDED,
Deep Trip,Capivara,Fuzz,NEEDED,NEEDED,NEEDED,
Deep Trip,Kryptone,Fuzz,NEEDED,NEEDED,NEEDED,
Demedash Effects,112+,Distortion,NEEDED,NEEDED,NEEDED,
Demedash Effects,Shatterbox,Overdrive,NEEDED,NEEDED,NEEDED,
Demedash Effects,Spidola Germanium Fuzz,Fuzz,NEEDED,NEEDED,NEEDED,
Demedash Effects,Stutterbug,Fuzz,NEEDED,NEEDED,NEEDED,
Demeter,DD-1 Double Overdrive,Overdrive,NEEDED,NEEDED,NEEDED,
Demeter,DRV-1 Overdriveulator,Overdrive,NEEDED,NEEDED,NEEDED,
Demeter,DRV-2 Uberdriveulator,Overdrive,NEEDED,NEEDED,NEEDED,
Demon Pedals,Parvati,Distortion / Fuzz / Overdrive,NEEDED,NEEDED,NEEDED,
Devi Ever : FX,Beautiful Disaster,Fuzz,NEEDED,NEEDED,NEEDED,
Devi Ever : FX,Krackle Fuzz,Fuzz,NEEDED,NEEDED,NEEDED,
Devi Ever : FX,Never Drive,Fuzz,NEEDED,NEEDED,NEEDED,
Devi Ever : FX,Torn's Peaker,Fuzz,NEEDED,NEEDED,NEEDED,
Devi Ever : FX,Tri-Fuzz,Fuzz,NEEDED,NEEDED,NEEDED,
Devi Ever : FX,Truly Beautiful Disaster,Fuzz,NEEDED,NEEDED,NEEDED,
Devi Ever : FX,Vintage Fuzz Master,Fuzz,NEEDED,NEEDED,NEEDED,
Diamond,Diamond Drive,Overdrive,NEEDED,NEEDED,NEEDED,
Diezel Amplification,VH4 Pedal,Overdrive,NEEDED,NEEDED,NEEDED,
DigiTech,DigiTech Death Metal,Distortion,NEEDED,NEEDED,NEEDED,
DigiTech,DigiTech Grunge,Distortion,NEEDED,NEEDED,NEEDED,
DigiTech,Hot Head Distortion,Distortion,NEEDED,NEEDED,NEEDED,
DigiTech,Redline Modified Overdrive,Overdrive,NEEDED,NEEDED,NEEDED,
DigiTech,Screamin' Blues Overdrive / Distortion,Distortion / Overdrive,NEEDED,NEEDED,NEEDED,
DigiTech,X-Series Bass Driver,Distortion / Overdrive,NEEDED,NEEDED,NEEDED,
DigiTech,X-Series Distortion Factory DF-7,Distortion,NEEDED,NEEDED,NEEDED,
DigiTech,X-Series Hot Rod Distortion,Distortion,NEEDED,NEEDED,NEEDED,
DigiTech,X-Series Metal Master,Distortion,NEEDED,NEEDED,NEEDED,
DigiTech,X-Series Tone Driver,Overdrive,NEEDED,NEEDED,NEEDED,
Dirty Boy,AFRO FUZZ,Fuzz,NEEDED,NEEDED,NEEDED,
Dirty Boy,JUNIOR DB Fuzz / Dirty Boy Jr. Fuzz,Fuzz,NEEDED,NEEDED,NEEDED,
Dirty Boy,JUNIOR DB Overdrive / Dirty Boy Jr. Overdrive,Overdrive,NEEDED,NEEDED,NEEDED,
Dirty Boy,None promoted in this block,Distortion,NEEDED,NEEDED,NEEDED,
Dirty Boy,PREAMP,Overdrive,NEEDED,NEEDED,NEEDED,
Dirty Boy,The Magical MYSTERY FUZZ,Fuzz,NEEDED,NEEDED,NEEDED,
DLS Effect,Reckless Driver,Overdrive,NEEDED,NEEDED,NEEDED,
DOD Electronics,Badder Monkey,Overdrive,NEEDED,NEEDED,NEEDED,
DOD Electronics,Bass Overdrive (FX91),Overdrive,NEEDED,NEEDED,NEEDED,
DOD Electronics,Boneshaker,Distortion,NEEDED,NEEDED,NEEDED,
DOD Electronics,Carcosa Fuzz,Fuzz,NEEDED,NEEDED,NEEDED,
DOD Electronics,Chthonic Fuzz,Fuzz,NEEDED,NEEDED,NEEDED,
DOD Electronics,D&S / D&S II Distortion & Sustainer,Distortion,NEEDED,NEEDED,NEEDED,
DOD Electronics,Death Metal Distortion (FX86),Distortion,NEEDED,NEEDED,NEEDED,
DOD Electronics,Flashback Fuzz (FX66),Fuzz,NEEDED,NEEDED,NEEDED,
DOD Electronics,FX100 Even Harmonic Overdrive,Overdrive,NEEDED,NEEDED,NEEDED,
DOD Electronics,FX101 Grind Rectifying Overdrive,Overdrive,NEEDED,NEEDED,NEEDED,
DOD Electronics,FX102 Mystic Blues Overdrive,Overdrive,NEEDED,NEEDED,NEEDED,
DOD Electronics,FX33 Buzz Box,Distortion / Fuzz,NEEDED,NEEDED,NEEDED,
DOD Electronics,FX50-B Overdrive Plus,Overdrive,NEEDED,NEEDED,NEEDED,
DOD Electronics,FX51 Juice Box Overdrive,Overdrive,NEEDED,NEEDED,NEEDED,
DOD Electronics,FX52 Classic Fuzz,Fuzz,NEEDED,NEEDED,NEEDED,
DOD Electronics,FX55C Supra Distortion,Distortion,NEEDED,NEEDED,NEEDED,
DOD Electronics,FX56 American Metal,Distortion,NEEDED,NEEDED,NEEDED,
DOD Electronics,FX57 Hard Rock Distortion,Distortion,NEEDED,NEEDED,NEEDED,
DOD Electronics,FX58 Metal Maniac,Distortion,NEEDED,NEEDED,NEEDED,
DOD Electronics,FX59 Thrash Master,Distortion,NEEDED,NEEDED,NEEDED,
DOD Electronics,FX66 Flashback Fuzz,Fuzz,NEEDED,NEEDED,NEEDED,
DOD Electronics,FX69B Grunge,Distortion,NEEDED,NEEDED,NEEDED,
DOD Electronics,FX70 Metal X,Distortion,NEEDED,NEEDED,NEEDED,
DOD Electronics,FX76 Punkifier,Distortion,NEEDED,NEEDED,NEEDED,
DOD Electronics,FX86 Death Metal Distortion,Distortion,NEEDED,NEEDED,NEEDED,
DOD Electronics,FX91 Bass Overdrive,Overdrive,NEEDED,NEEDED,NEEDED,
DOD Electronics,Gonkulator,Distortion,NEEDED,NEEDED,NEEDED,
DOD Electronics,Grind (FX101),Distortion,NEEDED,NEEDED,NEEDED,
DOD Electronics,Grunge (FX69B),Distortion,NEEDED,NEEDED,NEEDED,
DOD Electronics,Gunslinger,Distortion / Overdrive,NEEDED,NEEDED,NEEDED,
DOD Electronics,Juice Box Overdrive (FX51),Overdrive,NEEDED,NEEDED,NEEDED,
DOD Electronics,Looking Glass,Overdrive,NEEDED,NEEDED,NEEDED,
DOD Electronics,Metal X (FX70),Distortion,NEEDED,NEEDED,NEEDED,
DOD Electronics,Mystic Blues Overdrive (FX102),Overdrive,NEEDED,NEEDED,NEEDED,
DOD Electronics,Overdrive Preamp 250,Distortion / Overdrive,NEEDED,NEEDED,NEEDED,
DOD Electronics,Overdrive Preamp 250-X,Overdrive,NEEDED,NEEDED,NEEDED,
DOD Electronics,Performer 555 Distortion,Distortion,NEEDED,NEEDED,NEEDED,
DOD Electronics,Supra Distortion (FX55C),Distortion,NEEDED,NEEDED,NEEDED,
DOD Electronics,YJM 308 Overdrive Preamp,Overdrive,NEEDED,NEEDED,NEEDED,
Dophix,Medici,Fuzz,NEEDED,NEEDED,NEEDED,
Dophix,Michelangelo,Overdrive,NEEDED,NEEDED,NEEDED,
Dophix,Michelangelo Gold,Overdrive,NEEDED,NEEDED,NEEDED,
Dr. No Effects,Turd Fuzz,Fuzz,NEEDED,NEEDED,NEEDED,
Dr. Scientist — Ryan Clarke / Tanya Clarke / Neil Graham,Dungeon Crawler,Distortion,NEEDED,NEEDED,NEEDED,
Dr. Scientist — Ryan Clarke / Tanya Clarke / Neil Graham,Frazz Dazzler,Fuzz,NEEDED,NEEDED,NEEDED,
Dr. Scientist — Ryan Clarke / Tanya Clarke / Neil Graham,The Elements,Distortion / Overdrive,NEEDED,NEEDED,NEEDED,
Dr. Scientist Sounds,BitQuest,Fuzz,NEEDED,NEEDED,NEEDED,
Dr. Scientist Sounds,Dungeon Crawler,Distortion,NEEDED,NEEDED,NEEDED,
Dr. Scientist Sounds,Frazz Dazzler,Fuzz,NEEDED,NEEDED,NEEDED,
Dr. Scientist Sounds,The Elements,Distortion / Overdrive,NEEDED,NEEDED,NEEDED,
Dr. Z Amplification,Z-Drive,Distortion / Overdrive,NEEDED,NEEDED,NEEDED,
Dreadbox,Disorder,Fuzz,NEEDED,NEEDED,NEEDED,
Drunk Beaver,Forest Song High Voltage Overdrive,Overdrive,NEEDED,NEEDED,NEEDED,
Drunk Beaver,Kavun MOSFET Drive,Overdrive,NEEDED,NEEDED,NEEDED,
Drunk Beaver,Kyiv Lead,Overdrive,NEEDED,NEEDED,NEEDED,
Drunk Beaver,Mykolaiv Soft Blooming,Overdrive,NEEDED,NEEDED,NEEDED,
Drunk Beaver,Secret Sauce,Fuzz,NEEDED,NEEDED,NEEDED,
Drunk Beaver,Vatra,Overdrive,NEEDED,NEEDED,NEEDED,
Drunk Beaver,XR MD-1 Metal Mind,Distortion,NEEDED,NEEDED,NEEDED,
Drunk Beaver,XR OD-1 OverDrive,Overdrive,NEEDED,NEEDED,NEEDED,
DryBell,The Engine,Distortion / Overdrive,NEEDED,NEEDED,NEEDED,
DW Labs,D3P Multi-Distortion,Distortion,NEEDED,NEEDED,NEEDED,
Dwarfcraft Devices,Abaddon,Distortion,NEEDED,NEEDED,NEEDED,
Dwarfcraft Devices,Baby Thundaa / Baby Thunder,Distortion / Fuzz,NEEDED,NEEDED,NEEDED,
Dwarfcraft Devices,Bit Mangler,Fuzz,NEEDED,NEEDED,NEEDED,
Dwarfcraft Devices,Dream Mangler,Fuzz,NEEDED,NEEDED,NEEDED,
Dwarfcraft Devices,Eau Claire Thunder,Distortion / Fuzz,NEEDED,NEEDED,NEEDED,
Dwarfcraft Devices,Gears,Overdrive,NEEDED,NEEDED,NEEDED,
Dwarfcraft Devices,Hair of the Dog,Fuzz,NEEDED,NEEDED,NEEDED,
Dwarfcraft Devices,HAX,Fuzz,NEEDED,NEEDED,NEEDED,
Dwarfcraft Devices,Necromancer,Fuzz,NEEDED,NEEDED,NEEDED,
Dwarfcraft Devices,Reese Lightning,Fuzz,NEEDED,NEEDED,NEEDED,
Dwarfcraft Devices,Robot Devil,Fuzz / Overdrive,NEEDED,NEEDED,NEEDED,
Dwarfcraft Devices,Rot Yr Brain,Fuzz,NEEDED,NEEDED,NEEDED,
Dwarfcraft Devices,SheFuzz / formerly Shiva,Fuzz,NEEDED,NEEDED,NEEDED,
Dwarfcraft Devices,Silver Rose v2,Fuzz,NEEDED,NEEDED,NEEDED,
Dwarfcraft Devices,Spectacular Aenima,Fuzz / Overdrive,NEEDED,NEEDED,NEEDED,
Dwarfcraft Devices,Surrender Dorothy,Fuzz,NEEDED,NEEDED,NEEDED,
Dwarfcraft Devices,The Great Destroyer,Distortion / Fuzz,NEEDED,NEEDED,NEEDED,
Dwarfcraft Devices,The Internet,Distortion / Overdrive,NEEDED,NEEDED,NEEDED,
Dwarfcraft Devices,The Secret Destroyer,Fuzz,NEEDED,NEEDED,NEEDED,
Dwarfcraft Devices,Zhago,Fuzz,NEEDED,NEEDED,NEEDED,
EarthQuaker Devices,Acapulco Gold,Distortion,NEEDED,NEEDED,NEEDED,
EarthQuaker Devices,Acapulco Gold — Power Amp Distortion,Distortion / Overdrive,NEEDED,NEEDED,NEEDED,
EarthQuaker Devices,Barrows,Fuzz,NEEDED,NEEDED,NEEDED,
EarthQuaker Devices,Barrows — Fuzz Attacker,Fuzz,NEEDED,NEEDED,NEEDED,
EarthQuaker Devices,Bellows,Fuzz,NEEDED,NEEDED,NEEDED,
EarthQuaker Devices,Bellows — Fuzz Driver,Fuzz,NEEDED,NEEDED,NEEDED,
EarthQuaker Devices,Black Ash,Fuzz,NEEDED,NEEDED,NEEDED,
EarthQuaker Devices,Black Ash — Endangered Fuzz,Fuzz,NEEDED,NEEDED,NEEDED,
EarthQuaker Devices,Blumes,Overdrive,NEEDED,NEEDED,NEEDED,
EarthQuaker Devices,Blumes — Low Signal Shredder / overdrive,Distortion / Overdrive,NEEDED,NEEDED,NEEDED,
EarthQuaker Devices,Chelsea,Fuzz,NEEDED,NEEDED,NEEDED,
EarthQuaker Devices,Chelsea — Low End Fuzz Driver,Fuzz,NEEDED,NEEDED,NEEDED,
EarthQuaker Devices,Cloven Hoof,Fuzz,NEEDED,NEEDED,NEEDED,
EarthQuaker Devices,Cloven Hoof — Fuzz Grinder,Fuzz,NEEDED,NEEDED,NEEDED,
EarthQuaker Devices,Dirt Transmitter,Fuzz,NEEDED,NEEDED,NEEDED,
EarthQuaker Devices,Dirt Transmitter — Fuzz Driver,Fuzz,NEEDED,NEEDED,NEEDED,
EarthQuaker Devices,Dirt Transmitter Legacy Reissue — consolidated with Dirt Transmitter,Fuzz,NEEDED,NEEDED,NEEDED,
EarthQuaker Devices,Dirt Transmitter Legacy Reissue — Fuzz Driver,Fuzz,NEEDED,NEEDED,NEEDED,
EarthQuaker Devices,Dunes,Overdrive,NEEDED,NEEDED,NEEDED,
EarthQuaker Devices,Dunes — Mini Mega Ultimate Overdrive,Distortion / Overdrive,NEEDED,NEEDED,NEEDED,
EarthQuaker Devices,Erupter,Fuzz,NEEDED,NEEDED,NEEDED,
EarthQuaker Devices,Erupter — Ultimate Fuzz Tone,Fuzz,NEEDED,NEEDED,NEEDED,
EarthQuaker Devices,Fuzz Master General,Fuzz,NEEDED,NEEDED,NEEDED,
EarthQuaker Devices,Fuzz Master General — Octave Fuzz Blaster,Fuzz,NEEDED,NEEDED,NEEDED,
EarthQuaker Devices,Fuzz Master General Legacy Reissue — consolidated with Fuzz Master General,Fuzz,NEEDED,NEEDED,NEEDED,
EarthQuaker Devices,Fuzz Master General Legacy Reissue — Limited Edition Octave Fuzz Blaster,Fuzz,NEEDED,NEEDED,NEEDED,
EarthQuaker Devices,Gary,Distortion / Fuzz / Overdrive,NEEDED,NEEDED,NEEDED,
EarthQuaker Devices,Gary — Automatic Pulse Width Modulation Fuzz and Dynamic Natural Overdrive,Fuzz,NEEDED,NEEDED,NEEDED,
EarthQuaker Devices,Gray Channel,Overdrive,NEEDED,NEEDED,NEEDED,
EarthQuaker Devices,Gray Channel — Dynamic Dirt Doubler,Distortion / Overdrive,NEEDED,NEEDED,NEEDED,
EarthQuaker Devices,Hizumitas,Fuzz,NEEDED,NEEDED,NEEDED,
EarthQuaker Devices,Hizumitas — Fuzz Sustainar,Fuzz,NEEDED,NEEDED,NEEDED,
EarthQuaker Devices,Hoof,Fuzz,NEEDED,NEEDED,NEEDED,
EarthQuaker Devices,Hoof — Hybrid Fuzz,Fuzz,NEEDED,NEEDED,NEEDED,
EarthQuaker Devices,Hoof Reaper,Fuzz,NEEDED,NEEDED,NEEDED,
EarthQuaker Devices,Hoof Reaper — Double Fuzz with Octave Up,Fuzz,NEEDED,NEEDED,NEEDED,
EarthQuaker Devices,Monarch,Overdrive,NEEDED,NEEDED,NEEDED,
EarthQuaker Devices,Palisades,Overdrive,NEEDED,NEEDED,NEEDED,
EarthQuaker Devices,Palisades — Mega Ultimate Overdrive,Distortion / Overdrive,NEEDED,NEEDED,NEEDED,
EarthQuaker Devices,Park Fuzz Sound,Fuzz,NEEDED,NEEDED,NEEDED,
EarthQuaker Devices,Park Fuzz Sound — Vintage Germanium Fuzz Tone,Fuzz,NEEDED,NEEDED,NEEDED,
EarthQuaker Devices,Plumes,Overdrive,NEEDED,NEEDED,NEEDED,
EarthQuaker Devices,Plumes — Small Signal Shredder / overdrive,Distortion / Overdrive,NEEDED,NEEDED,NEEDED,
EarthQuaker Devices,Rancho de la Luna Dirt Transmitter — Fuzz Driver,Fuzz,NEEDED,NEEDED,NEEDED,
EarthQuaker Devices,Sound Shank,Fuzz,NEEDED,NEEDED,NEEDED,
EarthQuaker Devices,Sound Shank — Germanium Fuzz,Fuzz,NEEDED,NEEDED,NEEDED,
EarthQuaker Devices,Speaker Cranker,Overdrive,NEEDED,NEEDED,NEEDED,
EarthQuaker Devices,Speaker Cranker — Overdrive,Distortion,NEEDED,NEEDED,NEEDED,
EarthQuaker Devices,Special Cranker,Overdrive,NEEDED,NEEDED,NEEDED,
EarthQuaker Devices,Special Cranker — Overdrive,Distortion,NEEDED,NEEDED,NEEDED,
EarthQuaker Devices,Spires,Fuzz,NEEDED,NEEDED,NEEDED,
EarthQuaker Devices,Spires — Fuzz Doubler,Fuzz,NEEDED,NEEDED,NEEDED,
EarthQuaker Devices,Sunn O))) HalfLife,Distortion,NEEDED,NEEDED,NEEDED,
EarthQuaker Devices,Sunn O))) HalfLife — Octave Distortion + Booster,Distortion / Overdrive,NEEDED,NEEDED,NEEDED,
EarthQuaker Devices,Sunn O))) Life Pedal,Distortion,NEEDED,NEEDED,NEEDED,
EarthQuaker Devices,Sunn O))) Life Pedal — Octave Distortion + Booster,Distortion / Overdrive,NEEDED,NEEDED,NEEDED,
EarthQuaker Devices,Sunn O))) Life Pedal / Life Pedal V2 — consolidated identity,Distortion,NEEDED,NEEDED,NEEDED,
EarthQuaker Devices,Sunn O))) Life Pedal V2 — Octave Distortion + Booster,Distortion / Overdrive,NEEDED,NEEDED,NEEDED,
EarthQuaker Devices,Talons,Overdrive,NEEDED,NEEDED,NEEDED,
EarthQuaker Devices,Talons — High Gain Overdrive,Distortion / Overdrive,NEEDED,NEEDED,NEEDED,
EarthQuaker Devices,Terminal,Fuzz,NEEDED,NEEDED,NEEDED,
EarthQuaker Devices,Terminal — Destructive Fuzz Device,Fuzz,NEEDED,NEEDED,NEEDED,
EarthQuaker Devices,Tone Reaper,Fuzz,NEEDED,NEEDED,NEEDED,
EarthQuaker Devices,Westwood,Overdrive,NEEDED,NEEDED,NEEDED,
EarthQuaker Devices,Westwood — Translucent Drive Manipulator,Distortion / Overdrive,NEEDED,NEEDED,NEEDED,
EarthQuaker Devices,White Light,Overdrive,NEEDED,NEEDED,NEEDED,
EarthQuaker Devices,White Light Legacy Reissue — Overdrive,Distortion / Overdrive,NEEDED,NEEDED,NEEDED,
EarthQuaker Devices,Zoar,Distortion,NEEDED,NEEDED,NEEDED,
EarthQuaker Devices,Zoar — Dynamic Audio Grinder / distortion,Distortion / Overdrive,NEEDED,NEEDED,NEEDED,
Effectrode,Blackbird,Distortion,NEEDED,NEEDED,NEEDED,
Effectrode,Mercury Tube Fuzz,Fuzz,NEEDED,NEEDED,NEEDED,
Effectrode,Tube Drive,Overdrive,NEEDED,NEEDED,NEEDED,
Electro-Harmonix,Bass Big Muff Pi,Fuzz,NEEDED,NEEDED,NEEDED,
Electro-Harmonix,Bass Big Muff Pi 2,Fuzz,NEEDED,NEEDED,NEEDED,
Electro-Harmonix,Bass Soul Food,Overdrive,NEEDED,NEEDED,NEEDED,
Electro-Harmonix,Bender Royale,Fuzz,NEEDED,NEEDED,NEEDED,
Electro-Harmonix,Big Muff Pi,Fuzz,NEEDED,NEEDED,NEEDED,
Electro-Harmonix,Big Muff Pi 2,Fuzz,NEEDED,NEEDED,NEEDED,
Electro-Harmonix,Big Muff Pi 2 with Tone Wicker,Fuzz,NEEDED,NEEDED,NEEDED,
Electro-Harmonix,Big Muff Pi with Tone Wicker,Fuzz,NEEDED,NEEDED,NEEDED,
Electro-Harmonix,Crayon Full-Range Overdrive,Overdrive,NEEDED,NEEDED,NEEDED,
Electro-Harmonix,Deluxe Bass Big Muff Pi,Fuzz,NEEDED,NEEDED,NEEDED,
Electro-Harmonix,Deluxe Bass Big Muff Pi 2,Fuzz,NEEDED,NEEDED,NEEDED,
Electro-Harmonix,Deluxe Big Muff 2,Fuzz,NEEDED,NEEDED,NEEDED,
Electro-Harmonix,Deluxe Big Muff Pi,Fuzz,NEEDED,NEEDED,NEEDED,
Electro-Harmonix,Double Muff,Overdrive,NEEDED,NEEDED,NEEDED,
Electro-Harmonix,East River Drive,Overdrive,NEEDED,NEEDED,NEEDED,
Electro-Harmonix,EHX Percolator,Fuzz,NEEDED,NEEDED,NEEDED,
Electro-Harmonix,English Muff'n,Overdrive,NEEDED,NEEDED,NEEDED,
Electro-Harmonix,Flatiron Fuzz,Fuzz,NEEDED,NEEDED,NEEDED,
Electro-Harmonix,Germanium 4 Big Muff Pi,Fuzz / Overdrive,NEEDED,NEEDED,NEEDED,
Electro-Harmonix,Germanium OD,Overdrive,NEEDED,NEEDED,NEEDED,
Electro-Harmonix,Green Russian Big Muff Pi,Fuzz,NEEDED,NEEDED,NEEDED,
Electro-Harmonix,Hell Melter,Distortion,NEEDED,NEEDED,NEEDED,
Electro-Harmonix,Hot Tubes Nano,Overdrive,NEEDED,NEEDED,NEEDED,
Electro-Harmonix,Hot Wax Dual Overdrive,Overdrive,NEEDED,NEEDED,NEEDED,
Electro-Harmonix,J Mascis Ram's Head Big Muff Pi,Fuzz,NEEDED,NEEDED,NEEDED,
Electro-Harmonix,Little Big Muff Pi,Distortion / Fuzz,NEEDED,NEEDED,NEEDED,
Electro-Harmonix,Lizard King Bass Octave & Fuzz,Fuzz,NEEDED,NEEDED,NEEDED,
Electro-Harmonix,Mainframe,Distortion,NEEDED,NEEDED,NEEDED,
Electro-Harmonix,Metal Muff with Top Boost,Distortion,NEEDED,NEEDED,NEEDED,
Electro-Harmonix,Micro Metal Muff,Distortion,NEEDED,NEEDED,NEEDED,
Electro-Harmonix,Muff Overdrive,Overdrive,NEEDED,NEEDED,NEEDED,
Electro-Harmonix,Nano Bass Big Muff Pi,Fuzz,NEEDED,NEEDED,NEEDED,
Electro-Harmonix,Nano Battalion Bass Preamp & Overdrive,Overdrive,NEEDED,NEEDED,NEEDED,
Electro-Harmonix,Nano Big Muff Pi,Fuzz,NEEDED,NEEDED,NEEDED,
Electro-Harmonix,Nano Metal Muff,Distortion,NEEDED,NEEDED,NEEDED,
Electro-Harmonix,Nano Operation Overlord,Overdrive,NEEDED,NEEDED,NEEDED,
Electro-Harmonix,OD Glove MOSFET Overdrive / Distortion,Overdrive,NEEDED,NEEDED,NEEDED,
Electro-Harmonix,Op-Amp Big Muff Pi,Fuzz,NEEDED,NEEDED,NEEDED,
Electro-Harmonix,"Pico Triboro Bridge Overdrive, Distortion & Fuzz",Fuzz,NEEDED,NEEDED,NEEDED,
Electro-Harmonix,Pocket Metal Muff,Distortion,NEEDED,NEEDED,NEEDED,
Electro-Harmonix,Ram's Head Big Muff Pi,Fuzz,NEEDED,NEEDED,NEEDED,
Electro-Harmonix,Ripped Speaker Fuzz,Fuzz,NEEDED,NEEDED,NEEDED,
Electro-Harmonix,Satisfaction Plus,Fuzz,NEEDED,NEEDED,NEEDED,
Electro-Harmonix,Soul Food,Overdrive,NEEDED,NEEDED,NEEDED,
Electro-Harmonix,Soul POG Overdrive / Octave Multi-Effect,Overdrive,NEEDED,NEEDED,NEEDED,
Electro-Harmonix,Sovtek Deluxe Big Muff Pi,Fuzz,NEEDED,NEEDED,NEEDED,
Electro-Harmonix,Spruce Goose,Overdrive,NEEDED,NEEDED,NEEDED,
Electro-Harmonix,Triangle Big Muff Pi,Fuzz,NEEDED,NEEDED,NEEDED,
Electro-Harmonix,Tube Zipper,Overdrive,NEEDED,NEEDED,NEEDED,
Electronic Audio Experiments,Citadel,Overdrive,NEEDED,NEEDED,NEEDED,
Electronic Audio Experiments,Glaive,Fuzz,NEEDED,NEEDED,NEEDED,
Electronic Audio Experiments,Greathammer,Overdrive,NEEDED,NEEDED,NEEDED,
Electronic Audio Experiments,Halberd,Overdrive,NEEDED,NEEDED,NEEDED,
Electronic Audio Experiments,Limelight,Overdrive,NEEDED,NEEDED,NEEDED,
Electronic Audio Experiments,Longsword,Distortion,NEEDED,NEEDED,NEEDED,
Electronic Audio Experiments,Model feT,Overdrive,NEEDED,NEEDED,NEEDED,
Electronic Audio Experiments,Surveyor,Distortion,NEEDED,NEEDED,NEEDED,
Electronic Audio Experiments,The Bard,Overdrive,NEEDED,NEEDED,NEEDED,
Empress Effects,Distortion,Distortion,NEEDED,NEEDED,NEEDED,
Empress Effects,Drive,Overdrive,NEEDED,NEEDED,NEEDED,
Empress Effects,Fuzz,Fuzz,NEEDED,NEEDED,NEEDED,
Empress Effects,Germ Drive,Overdrive,NEEDED,NEEDED,NEEDED,
Empress Effects,Heavy,Distortion,NEEDED,NEEDED,NEEDED,
Empress Effects,Heavy Menace,Distortion,NEEDED,NEEDED,NEEDED,
Empress Effects,Multidrive,Distortion / Fuzz / Overdrive,NEEDED,NEEDED,NEEDED,
EWS,Little Brute Drive,Distortion / Overdrive,NEEDED,NEEDED,NEEDED,
F-Pedals,Edstortion,Distortion,NEEDED,NEEDED,NEEDED,
Fairfield Circuitry,~900,Fuzz,NEEDED,NEEDED,NEEDED,
Fairfield Circuitry,20% More,Distortion,NEEDED,NEEDED,NEEDED,
Fairfield Circuitry,Barbershop — consolidated across V1 / Millennium Edition,Overdrive,NEEDED,NEEDED,NEEDED,
Fairfield Circuitry,Modèle B,Overdrive,NEEDED,NEEDED,NEEDED,
Fairfield Circuitry,The Unpleasant Surprise,Fuzz,NEEDED,NEEDED,NEEDED,
Fender,Compugilist Compressor/Distortion,Distortion,NEEDED,NEEDED,NEEDED,
Fender,Fender Blender,Distortion,NEEDED,NEEDED,NEEDED,
Fender,Fender Distortion Pedal,Distortion,NEEDED,NEEDED,NEEDED,
Fender,Fender Drive Pedal,Overdrive,NEEDED,NEEDED,NEEDED,
Fender,Fender Fuzz Wah Pedal,Fuzz,NEEDED,NEEDED,NEEDED,
Fender,Fender Shields Blender,Fuzz,NEEDED,NEEDED,NEEDED,
Fender,Full Moon Distortion,Distortion,NEEDED,NEEDED,NEEDED,
Fender,Hammertone Distortion,Distortion,NEEDED,NEEDED,NEEDED,
Fender,Hammertone Fuzz,Fuzz,NEEDED,NEEDED,NEEDED,
Fender,Hammertone Metal,Distortion,NEEDED,NEEDED,NEEDED,
Fender,Hammertone Overdrive,Overdrive,NEEDED,NEEDED,NEEDED,
Fender,MTG Tube Distortion Pedal,Distortion,NEEDED,NEEDED,NEEDED,
Fender,MTG:LA Tube Distortion,Distortion,NEEDED,NEEDED,NEEDED,
Fender,Pugilist Distortion,Distortion,NEEDED,NEEDED,NEEDED,
Fender,Santa Ana Overdrive,Overdrive,NEEDED,NEEDED,NEEDED,
Fender,Smolder Acoustic Overdrive,Overdrive,NEEDED,NEEDED,NEEDED,
Fender,The Pelt Fuzz,Fuzz,NEEDED,NEEDED,NEEDED,
Fender,The Trapper Dual Fuzz,Fuzz,NEEDED,NEEDED,NEEDED,
Fender,Yngwie Malmsteen Overdrive Pedal,Overdrive,NEEDED,NEEDED,NEEDED,
Fjord Fuzz,Berserk — consolidated identity across V1/V2/V3,Fuzz,NEEDED,NEEDED,NEEDED,
Fjord Fuzz,Bjørn,Fuzz,NEEDED,NEEDED,NEEDED,
Fjord Fuzz,Bufo,Fuzz,NEEDED,NEEDED,NEEDED,
Fjord Fuzz,Dovre,Fuzz,NEEDED,NEEDED,NEEDED,
Fjord Fuzz,Fjord-Fuzz Super-Fuzz,Fuzz,NEEDED,NEEDED,NEEDED,
Fjord Fuzz,Gjallarhorn,Fuzz,NEEDED,NEEDED,NEEDED,
Fjord Fuzz,Hedda,Fuzz,NEEDED,NEEDED,NEEDED,
Fjord Fuzz,Måne,Fuzz,NEEDED,NEEDED,NEEDED,
Fjord Fuzz,Midgard,Fuzz,NEEDED,NEEDED,NEEDED,
Fjord Fuzz,Midnattsol,Fuzz,NEEDED,NEEDED,NEEDED,
Fjord Fuzz,Mjølner,Fuzz,NEEDED,NEEDED,NEEDED,
Fjord Fuzz,Odin,Fuzz,NEEDED,NEEDED,NEEDED,
Fjord Fuzz,SOL,Fuzz,NEEDED,NEEDED,NEEDED,
Fjord Fuzz,Thor,Fuzz,NEEDED,NEEDED,NEEDED,
Flattley,Centurion,Overdrive,NEEDED,NEEDED,NEEDED,
Flattley,Plexstar,Overdrive,NEEDED,NEEDED,NEEDED,
Flattley,Revolution,Overdrive,NEEDED,NEEDED,NEEDED,
Fortin,Blade,Overdrive,NEEDED,NEEDED,NEEDED,
Fortin,Fourteen,Overdrive,NEEDED,NEEDED,NEEDED,
Fortin,Kali,Distortion,NEEDED,NEEDED,NEEDED,
Fortin,Natas Distortion,Distortion,NEEDED,NEEDED,NEEDED,
Foxgear,Bass Muffin,Distortion,NEEDED,NEEDED,NEEDED,
Foxgear,Cream,Overdrive,NEEDED,NEEDED,NEEDED,
Foxgear,Fenix,Distortion / Overdrive,NEEDED,NEEDED,NEEDED,
Foxgear,Manic,Fuzz,NEEDED,NEEDED,NEEDED,
Foxgear,Muffin,Distortion,NEEDED,NEEDED,NEEDED,
Foxgear,Rats,Distortion,NEEDED,NEEDED,NEEDED,
Foxgear,Ryder,Distortion,NEEDED,NEEDED,NEEDED,
Foxgear,Sinister,Distortion,NEEDED,NEEDED,NEEDED,
Foxpedal,Defector,Fuzz / Overdrive,NEEDED,NEEDED,NEEDED,
Foxpedal,The City V2,Overdrive,NEEDED,NEEDED,NEEDED,
Foxpedal,Vixen,Overdrive,NEEDED,NEEDED,NEEDED,
Foxrox Electronics,CC Hybrid2,Fuzz,NEEDED,NEEDED,NEEDED,
Foxrox Electronics,Festival Overdrive,Overdrive,NEEDED,NEEDED,NEEDED,
Foxrox Electronics,FR 100 Overdrive,Overdrive,NEEDED,NEEDED,NEEDED,
Foxrox Electronics,Hot Silicon Fuzz,Fuzz,NEEDED,NEEDED,NEEDED,
Foxrox Electronics,Hot Silicon2 Fuzz,Fuzz,NEEDED,NEEDED,NEEDED,
Foxrox Electronics,Mini ZIM,Distortion / Fuzz / Overdrive,NEEDED,NEEDED,NEEDED,
Foxrox Electronics,ZIM Dual Drive,Distortion / Fuzz / Overdrive,NEEDED,NEEDED,NEEDED,
Frank Marino Audio,Dragonfly,Overdrive,NEEDED,NEEDED,NEEDED,
Frank Marino Audio,Juggernaut,Fuzz,NEEDED,NEEDED,NEEDED,
Frantone Electronics,Brooklyn Overdrive,Overdrive,NEEDED,NEEDED,NEEDED,
Friedman Amplification,BE-OD,Distortion / Overdrive,NEEDED,NEEDED,NEEDED,
Friedman Amplification,BE-OD Deluxe,Distortion / Overdrive,NEEDED,NEEDED,NEEDED,
Friedman Amplification,Dirty Shirley Pedal,Distortion / Overdrive,NEEDED,NEEDED,NEEDED,
Friedman Amplification,Fuzz Fiend,Fuzz,NEEDED,NEEDED,NEEDED,
Friedman Amplification,Golden Pearl,Distortion / Overdrive,NEEDED,NEEDED,NEEDED,
Friedman Amplification,Motor City Drive,Distortion / Overdrive,NEEDED,NEEDED,NEEDED,
Friedman Amplification,Smallbox Overdrive Pedal,Distortion / Overdrive,NEEDED,NEEDED,NEEDED,
Fuhrmann,Big Fuzz,Fuzz,NEEDED,NEEDED,NEEDED,
Fuhrmann,Classic Fuzz,Fuzz,NEEDED,NEEDED,NEEDED,
Fuhrmann,Punch Box,Distortion,NEEDED,NEEDED,NEEDED,
Fulltone,69 Pedal mkII,Fuzz,NEEDED,NEEDED,NEEDED,
Fulltone,70 Pedal-BC,Fuzz,NEEDED,NEEDED,NEEDED,
Fulltone,Full-Drive,Overdrive,NEEDED,NEEDED,NEEDED,
Fulltone,Full-Drive1,Distortion / Overdrive,NEEDED,NEEDED,NEEDED,
Fulltone,Full-Drive2 v2,Distortion / Overdrive,NEEDED,NEEDED,NEEDED,
Fulltone,Full-Drive3,Distortion / Overdrive,NEEDED,NEEDED,NEEDED,
Fulltone,Hi-Mu,Distortion / Overdrive,NEEDED,NEEDED,NEEDED,
Fulltone,Limited Edition OCD,Distortion / Overdrive,NEEDED,NEEDED,NEEDED,
Fulltone,Mas Malo,Distortion / Fuzz / Overdrive,NEEDED,NEEDED,NEEDED,
Fulltone,OCD,Distortion,NEEDED,NEEDED,NEEDED,
Fulltone,OCD-Germanium,Distortion / Overdrive,NEEDED,NEEDED,NEEDED,
Fulltone,OCDv2,Distortion / Overdrive,NEEDED,NEEDED,NEEDED,
Fulltone,Octafuzz 2,Fuzz,NEEDED,NEEDED,NEEDED,
Fulltone,PlimSoul mkII,Distortion / Overdrive,NEEDED,NEEDED,NEEDED,
Fulltone,Queen Bee,Fuzz,NEEDED,NEEDED,NEEDED,
Fulltone,Soul-Bender v2,Fuzz,NEEDED,NEEDED,NEEDED,
Fulltone,Ultimate Octave,Fuzz,NEEDED,NEEDED,NEEDED,
Fuzzrocious Pedals,Cat Tail,Distortion / Fuzz / Overdrive,NEEDED,NEEDED,NEEDED,
Gamechanger Audio,Plasma Pedal,Distortion / Fuzz,NEEDED,NEEDED,NEEDED,
Greenhouse Effects,Nobrainer,Distortion,NEEDED,NEEDED,NEEDED,
Greenhouse Effects,Outlier,Distortion / Overdrive,NEEDED,NEEDED,NEEDED,
Greenhouse Effects,Remedy,Fuzz,NEEDED,NEEDED,NEEDED,
Greer Amps,390 Vintage OD/Preamp,Overdrive,NEEDED,NEEDED,NEEDED,
Greer Amps,Batch O' Ass,Distortion / Fuzz,NEEDED,NEEDED,NEEDED,
Greer Amps,Black Fuzz,Distortion / Fuzz,NEEDED,NEEDED,NEEDED,
Greer Amps,Black Mountain Crunch Drive,Overdrive,NEEDED,NEEDED,NEEDED,
Greer Amps,Brown Bomber,Distortion / Fuzz / Overdrive,NEEDED,NEEDED,NEEDED,
Greer Amps,Fuzzy Wooly Bear,Fuzz / Overdrive,NEEDED,NEEDED,NEEDED,
Greer Amps,Ghetto Driver,Distortion / Fuzz,NEEDED,NEEDED,NEEDED,
Greer Amps,Ghetto Stomp,Distortion / Fuzz / Overdrive,NEEDED,NEEDED,NEEDED,
Greer Amps,Gorilla Warfare MKII,Distortion,NEEDED,NEEDED,NEEDED,
Greer Amps,Green Giant,Distortion / Fuzz,NEEDED,NEEDED,NEEDED,
Greer Amps,Hammer,Distortion,NEEDED,NEEDED,NEEDED,
Greer Amps,Lightspeed Organic Overdrive,Overdrive,NEEDED,NEEDED,NEEDED,
Greer Amps,Little Samson,Distortion / Overdrive,NEEDED,NEEDED,NEEDED,
Greer Amps,Mizuki Blue,Overdrive,NEEDED,NEEDED,NEEDED,
Greer Amps,Moonshot Germanium Pre,Overdrive,NEEDED,NEEDED,NEEDED,
Greer Amps,Mori Drive,Overdrive,NEEDED,NEEDED,NEEDED,
Greer Amps,No.9 Drive and Distortion,Distortion / Fuzz / Overdrive,NEEDED,NEEDED,NEEDED,
Greer Amps,Peacemaker,Distortion / Overdrive,NEEDED,NEEDED,NEEDED,
Greer Amps,Razor Burn,Distortion / Fuzz,NEEDED,NEEDED,NEEDED,
Greer Amps,Reactor #4,Distortion / Fuzz,NEEDED,NEEDED,NEEDED,
Greer Amps,Relic Drive,Overdrive,NEEDED,NEEDED,NEEDED,
Greer Amps,Royal Velvet,Overdrive,NEEDED,NEEDED,NEEDED,
Greer Amps,SOMA 63 Vintage Preamp,Overdrive,NEEDED,NEEDED,NEEDED,
Greer Amps,SOUL THRUST FUZZ UNIT,Distortion / Fuzz,NEEDED,NEEDED,NEEDED,
Greer Amps,Southland Harmonic Overdrive,Overdrive,NEEDED,NEEDED,NEEDED,
Greer Amps,Sucker Punch Distortion,Distortion / Fuzz,NEEDED,NEEDED,NEEDED,
Greer Amps,Supa Cobra Overdrive,Overdrive,NEEDED,NEEDED,NEEDED,
Greer Amps,Super Hornet,Fuzz,NEEDED,NEEDED,NEEDED,
Greer Amps,Sweetback Driver,Distortion,NEEDED,NEEDED,NEEDED,
Greer Amps,Tarpit,Fuzz,NEEDED,NEEDED,NEEDED,
Greer Amps,Texas Voodoo,Distortion / Fuzz,NEEDED,NEEDED,NEEDED,
Greer Amps,Tomahawk Deluxe Drive,Overdrive,NEEDED,NEEDED,NEEDED,
Greer Amps,Tone Smuggler,Distortion / Fuzz / Overdrive,NEEDED,NEEDED,NEEDED,
GuitarSlinger Effects,87 MKIII High Gain Distortion,Distortion,NEEDED,NEEDED,NEEDED,
Guyatone,HD-2 Harmonic Distortion,Distortion,NEEDED,NEEDED,NEEDED,
HardWire,CM-2 Tube Overdrive,Overdrive,NEEDED,NEEDED,NEEDED,
HardWire,none identified,Distortion / Fuzz / Overdrive,NEEDED,NEEDED,NEEDED,
HardWire,SC-2 Valve Distortion,Distortion,NEEDED,NEEDED,NEEDED,
HardWire,TL-2 Metal Distortion,Distortion,NEEDED,NEEDED,NEEDED,
Henretta Engineering,H-Bomb,Fuzz,NEEDED,NEEDED,NEEDED,
Himmelstrutz Elektro Art,FETTO 9.0,Distortion,NEEDED,NEEDED,NEEDED,
Himmelstrutz Elektro Art,FETTO Apache,Overdrive,NEEDED,NEEDED,NEEDED,
Himmelstrutz Elektro Art,FETTO C-Luxe,Overdrive,NEEDED,NEEDED,NEEDED,
Himmelstrutz Elektro Art,FETTO Custom,Distortion,NEEDED,NEEDED,NEEDED,
Himmelstrutz Elektro Art,FETTO Jr,Overdrive,NEEDED,NEEDED,NEEDED,
Himmelstrutz Elektro Art,FETTO Maximus,Overdrive,NEEDED,NEEDED,NEEDED,
Himmelstrutz Elektro Art,FETTO Nord 70+,Overdrive,NEEDED,NEEDED,NEEDED,
Himmelstrutz Elektro Art,FETTO Nord+,Overdrive,NEEDED,NEEDED,NEEDED,
Himmelstrutz Elektro Art,FETTO SC,Overdrive,NEEDED,NEEDED,NEEDED,
Himmelstrutz Elektro Art,FETTO Standard,Distortion / Overdrive,NEEDED,NEEDED,NEEDED,
Himmelstrutz Elektro Art,FITZO+,Overdrive,NEEDED,NEEDED,NEEDED,
Himmelstrutz Elektro Art,FUGAZI,Distortion,NEEDED,NEEDED,NEEDED,
Himmelstrutz Elektro Art,FUGAZI Jr,Distortion,NEEDED,NEEDED,NEEDED,
Himmelstrutz Elektro Art,GRAMPS,Distortion / Fuzz,NEEDED,NEEDED,NEEDED,
Himmelstrutz Elektro Art,GRAMPS+,Distortion / Fuzz,NEEDED,NEEDED,NEEDED,
Himmelstrutz Elektro Art,TÔNKer,Overdrive,NEEDED,NEEDED,NEEDED,
Horizon Devices,Precision Drive,Distortion / Overdrive,NEEDED,NEEDED,NEEDED,
Hudson Electronics,Broadcast,Distortion / Fuzz / Overdrive,NEEDED,NEEDED,NEEDED,
Hudson Electronics,Broadcast-AP,Overdrive,NEEDED,NEEDED,NEEDED,
Hudson Electronics,Buzzoid,Fuzz,NEEDED,NEEDED,NEEDED,
Hudson Electronics,Motorcycle — limited collaboration with Joe's Pedals,Overdrive,NEEDED,NEEDED,NEEDED,
Hudson Electronics,Shapes Of Things,Fuzz,NEEDED,NEEDED,NEEDED,
Hudson Electronics,Sidecar,Distortion / Fuzz / Overdrive,NEEDED,NEEDED,NEEDED,
Hudson Electronics,Standard Machine,Fuzz,NEEDED,NEEDED,NEEDED,
Hudson Electronics,Stroll On Jnr,Fuzz,NEEDED,NEEDED,NEEDED,
Hungry Robot,FZ,Fuzz,NEEDED,NEEDED,NEEDED,
Hungry Robot,The Collective,Fuzz,NEEDED,NEEDED,NEEDED,
Hungry Robot,The Lumen,Overdrive,NEEDED,NEEDED,NEEDED,
Ibanez,DS7,Distortion,NEEDED,NEEDED,NEEDED,
Ibanez,FZ7,Fuzz,NEEDED,NEEDED,NEEDED,
Ibanez,FZMINI,Fuzz,NEEDED,NEEDED,NEEDED,
Ibanez,JD9,Overdrive,NEEDED,NEEDED,NEEDED,
Ibanez,JEMINI,Distortion / Overdrive,NEEDED,NEEDED,NEEDED,
Ibanez,NTS,Overdrive,NEEDED,NEEDED,NEEDED,
Ibanez,OD850,Fuzz,NEEDED,NEEDED,NEEDED,
Ibanez,SD9M,Distortion,NEEDED,NEEDED,NEEDED,
Ibanez,SM7,Distortion,NEEDED,NEEDED,NEEDED,
Ibanez,TK999HT,Distortion,NEEDED,NEEDED,NEEDED,
Ibanez,TK999OD,Overdrive,NEEDED,NEEDED,NEEDED,
Ibanez,TS7,Overdrive,NEEDED,NEEDED,NEEDED,
Ibanez,TS808,Overdrive,NEEDED,NEEDED,NEEDED,
Ibanez,TS808DX,Overdrive,NEEDED,NEEDED,NEEDED,
Ibanez,TS808HW,Overdrive,NEEDED,NEEDED,NEEDED,
Ibanez,TS808HWV2,Overdrive,NEEDED,NEEDED,NEEDED,
Ibanez,TS9,Overdrive,NEEDED,NEEDED,NEEDED,
Ibanez,TS9B,Overdrive,NEEDED,NEEDED,NEEDED,
Ibanez,TS9DX,Overdrive,NEEDED,NEEDED,NEEDED,
Ibanez,TSMINI,Overdrive,NEEDED,NEEDED,NEEDED,
Ibanez,TSV808,Overdrive,NEEDED,NEEDED,NEEDED,
IdiotBox Effects,-D4 Distortion Reissue,Distortion / Overdrive,NEEDED,NEEDED,NEEDED,
IdiotBox Effects,Black Fortress Bass Distortion,Distortion / Fuzz,NEEDED,NEEDED,NEEDED,
IdiotBox Effects,Blackout,Fuzz,NEEDED,NEEDED,NEEDED,
IdiotBox Effects,Blasteroid Fuzz,Fuzz,NEEDED,NEEDED,NEEDED,
IdiotBox Effects,Blower Box Bass Distortion,Distortion,NEEDED,NEEDED,NEEDED,
IdiotBox Effects,Blower Box Deluxe,Distortion,NEEDED,NEEDED,NEEDED,
IdiotBox Effects,Cool Buzz Bass Fuzz,Fuzz,NEEDED,NEEDED,NEEDED,
IdiotBox Effects,Death Master,Distortion,NEEDED,NEEDED,NEEDED,
IdiotBox Effects,DeathRay,Fuzz,NEEDED,NEEDED,NEEDED,
IdiotBox Effects,Dungeon Master,Distortion / Fuzz,NEEDED,NEEDED,NEEDED,
IdiotBox Effects,Han-Taun Overdrive,Overdrive,NEEDED,NEEDED,NEEDED,
IdiotBox Effects,Heavy Weapon,Distortion / Fuzz,NEEDED,NEEDED,NEEDED,
IdiotBox Effects,Hobo Santa Fuzz,Fuzz,NEEDED,NEEDED,NEEDED,
IdiotBox Effects,Holy Trooper Fuzz (retired),Fuzz,NEEDED,NEEDED,NEEDED,
IdiotBox Effects,Landphil Bass Distortion,Distortion,NEEDED,NEEDED,NEEDED,
IdiotBox Effects,Lazer Fuzz (retired),Fuzz,NEEDED,NEEDED,NEEDED,
IdiotBox Effects,Lazer Phazer (retired),Fuzz,NEEDED,NEEDED,NEEDED,
IdiotBox Effects,Lost Ark,Fuzz,NEEDED,NEEDED,NEEDED,
IdiotBox Effects,Monster Fuzz,Fuzz,NEEDED,NEEDED,NEEDED,
IdiotBox Effects,Necrofier Echo Drive,Overdrive,NEEDED,NEEDED,NEEDED,
IdiotBox Effects,Nihilizer,Distortion,NEEDED,NEEDED,NEEDED,
IdiotBox Effects,No Moon,Distortion / Fuzz / Overdrive,NEEDED,NEEDED,NEEDED,
IdiotBox Effects,No Moon 2,Distortion / Fuzz / Overdrive,NEEDED,NEEDED,NEEDED,
IdiotBox Effects,No Moon 2 — coming soon,Distortion / Fuzz / Overdrive,NEEDED,NEEDED,NEEDED,
IdiotBox Effects,Power Drive,Overdrive,NEEDED,NEEDED,NEEDED,
IdiotBox Effects,PowerBoost (retired),Overdrive,NEEDED,NEEDED,NEEDED,
IdiotBox Effects,REDRUM V2,Distortion,NEEDED,NEEDED,NEEDED,
IdiotBox Effects,repo man,Overdrive,NEEDED,NEEDED,NEEDED,
IdiotBox Effects,Ron Fucking Swanson Super Fuzz,Fuzz,NEEDED,NEEDED,NEEDED,
IdiotBox Effects,Static Fuzz,Fuzz,NEEDED,NEEDED,NEEDED,
IdiotBox Effects,Tractor Beam,Fuzz,NEEDED,NEEDED,NEEDED,
IdiotBox Effects,Trash Compactor,Distortion,NEEDED,NEEDED,NEEDED,
IdiotBox Effects,Trench Cannon,Overdrive,NEEDED,NEEDED,NEEDED,
IdiotBox Effects,WHORES. Fuzz Freq V.2,Fuzz,NEEDED,NEEDED,NEEDED,
IdiotBox Effects,Wild Kyle,Distortion,NEEDED,NEEDED,NEEDED,
J. Rockett Audio Designs,45 Caliber OD,Overdrive,NEEDED,NEEDED,NEEDED,
J. Rockett Audio Designs,Archer Ikon OD,Overdrive,NEEDED,NEEDED,NEEDED,
J. Rockett Audio Designs,Archer OD,Overdrive,NEEDED,NEEDED,NEEDED,
J. Rockett Audio Designs,Blue Note Select,Overdrive,NEEDED,NEEDED,NEEDED,
J. Rockett Audio Designs,Dude ODS V2,Overdrive,NEEDED,NEEDED,NEEDED,
J. Rockett Audio Designs,HRM V2,Overdrive,NEEDED,NEEDED,NEEDED,
Jackson Audio,Asabi Overdrive/Distortion,Distortion / Overdrive,NEEDED,NEEDED,NEEDED,
Jackson Audio,Belle Starr Overdrive,Overdrive,NEEDED,NEEDED,NEEDED,
Jackson Audio,BROKEN ARROW V2 - MIDI,Overdrive,NEEDED,NEEDED,NEEDED,
Jackson Audio,Classic Vintage Fuzz,Fuzz,NEEDED,NEEDED,NEEDED,
Jackson Audio,FUZZ - Modular Fuzz,Fuzz,NEEDED,NEEDED,NEEDED,
Jackson Audio,Goat Head,Fuzz,NEEDED,NEEDED,NEEDED,
Jackson Audio,Golden Boy Mini Overdrive,Overdrive,NEEDED,NEEDED,NEEDED,
Jackson Audio,Golden Boy Transparent Overdrive,Overdrive,NEEDED,NEEDED,NEEDED,
Jackson Audio,Modern Fuzz,Fuzz,NEEDED,NEEDED,NEEDED,
Jackson Audio,Modern Fuzz Deluxe,Fuzz,NEEDED,NEEDED,NEEDED,
Jackson Audio,Page MK II,Fuzz,NEEDED,NEEDED,NEEDED,
Jackson Audio,The Optimist Dual Overdrive & EQ,Overdrive,NEEDED,NEEDED,NEEDED,
JAM Pedals,Black Fuzz Phrase LTD,Fuzz,NEEDED,NEEDED,NEEDED,
JAM Pedals,Double Dreamer,Distortion / Overdrive,NEEDED,NEEDED,NEEDED,
JAM Pedals,Eureka!,Fuzz,NEEDED,NEEDED,NEEDED,
JAM Pedals,Fuzz Phrase ltd,Fuzz,NEEDED,NEEDED,NEEDED,
JAM Pedals,Fuzz Phrase Si,Fuzz,NEEDED,NEEDED,NEEDED,
JAM Pedals,Lucydreamer,Distortion / Overdrive,NEEDED,NEEDED,NEEDED,
JAM Pedals,Octaurus,Fuzz,NEEDED,NEEDED,NEEDED,
JAM Pedals,Octaurus NOS,Fuzz,NEEDED,NEEDED,NEEDED,
JAM Pedals,Rattler,Distortion / Overdrive,NEEDED,NEEDED,NEEDED,
JAM Pedals,Rattler Bass / Rattler Bass MKII,Distortion / Overdrive,NEEDED,NEEDED,NEEDED,
JAM Pedals,Rattler ltd,Distortion / Overdrive,NEEDED,NEEDED,NEEDED,
JAM Pedals,Rattler MKII,Distortion / Overdrive,NEEDED,NEEDED,NEEDED,
JAM Pedals,Red Muck,Distortion / Overdrive,NEEDED,NEEDED,NEEDED,
JAM Pedals,Red Muck Bass,Distortion / Overdrive,NEEDED,NEEDED,NEEDED,
JAM Pedals,Red Muck mk.2,Distortion / Overdrive,NEEDED,NEEDED,NEEDED,
JAM Pedals,Tiny Pond?,Distortion / Overdrive,NEEDED,NEEDED,NEEDED,
JAM Pedals,TubeDreamer,Distortion / Overdrive,NEEDED,NEEDED,NEEDED,
JHS Pedals,3 Series Distortion,Distortion / Fuzz,NEEDED,NEEDED,NEEDED,
JHS Pedals,3 Series Fuzz,Distortion / Fuzz,NEEDED,NEEDED,NEEDED,
JHS Pedals,3 Series Overdrive,Overdrive,NEEDED,NEEDED,NEEDED,
JHS Pedals,3 Series Screamer,Overdrive,NEEDED,NEEDED,NEEDED,
JHS Pedals,424 Gain Stage,Distortion / Overdrive,NEEDED,NEEDED,NEEDED,
JHS Pedals,Angry Charlie V3,Overdrive,NEEDED,NEEDED,NEEDED,
JHS Pedals,AT Mini,Overdrive,NEEDED,NEEDED,NEEDED,
JHS Pedals,AT+,Overdrive,NEEDED,NEEDED,NEEDED,
JHS Pedals,Bonsai,Overdrive,NEEDED,NEEDED,NEEDED,
JHS Pedals,Charlie Brown V4,Overdrive,NEEDED,NEEDED,NEEDED,
JHS Pedals,Cheese Ball,Distortion / Fuzz,NEEDED,NEEDED,NEEDED,
JHS Pedals,Colour Box V2,Distortion / Fuzz,NEEDED,NEEDED,NEEDED,
JHS Pedals,Coyote,Distortion / Fuzz,NEEDED,NEEDED,NEEDED,
JHS Pedals,Crayon,Distortion / Fuzz,NEEDED,NEEDED,NEEDED,
JHS Pedals,Double Dragon,Distortion / Fuzz,NEEDED,NEEDED,NEEDED,
JHS Pedals,Double Dragon — octave-up distortion section within an octave device,Overdrive,NEEDED,NEEDED,NEEDED,
JHS Pedals,EHX by JHS — Big Muff 2,Distortion / Fuzz,NEEDED,NEEDED,NEEDED,
JHS Pedals,EHX by JHS Big Muff 2,Distortion / Fuzz,NEEDED,NEEDED,NEEDED,
JHS Pedals,Hard Drive,Distortion / Fuzz,NEEDED,NEEDED,NEEDED,
JHS Pedals,Kilt 10,Distortion / Fuzz / Overdrive,NEEDED,NEEDED,NEEDED,
JHS Pedals,Kilt V2,Overdrive,NEEDED,NEEDED,NEEDED,
JHS Pedals,Moonshine V2,Overdrive,NEEDED,NEEDED,NEEDED,
JHS Pedals,Morning Glory Clean,Overdrive,NEEDED,NEEDED,NEEDED,
JHS Pedals,Morning Glory V4,Overdrive,NEEDED,NEEDED,NEEDED,
JHS Pedals,Muffuletta,Distortion / Fuzz,NEEDED,NEEDED,NEEDED,
JHS Pedals,Notadümblë V2,Overdrive,NEEDED,NEEDED,NEEDED,
JHS Pedals,Notadümb̈le V2,Overdrive,NEEDED,NEEDED,NEEDED,
JHS Pedals,Notadümblo V2,Overdrive,NEEDED,NEEDED,NEEDED,
JHS Pedals,Notadümbळë V2,Overdrive,NEEDED,NEEDED,NEEDED,
JHS Pedals,Notaklön,Overdrive,NEEDED,NEEDED,NEEDED,
JHS Pedals,Notaklön Splatter,Overdrive,NEEDED,NEEDED,NEEDED,
JHS Pedals,PackRat,Distortion / Fuzz,NEEDED,NEEDED,NEEDED,
JHS Pedals,PackRat White,Distortion / Fuzz,NEEDED,NEEDED,NEEDED,
JHS Pedals,PG-14,Overdrive,NEEDED,NEEDED,NEEDED,
JHS Pedals,State Line,Overdrive,NEEDED,NEEDED,NEEDED,
JHS Pedals,Steak and Eggs Overdrive/Compressor,Overdrive,NEEDED,NEEDED,NEEDED,
JHS Pedals,The Violet,Distortion / Overdrive,NEEDED,NEEDED,NEEDED,
JHS Pedals,The Violet / Violet,Distortion / Fuzz / Overdrive,NEEDED,NEEDED,NEEDED,
JHS Pedals,Violet,Distortion / Fuzz / Overdrive,NEEDED,NEEDED,NEEDED,
JPTR FX,Bleach - Seattle Guitar Destroyer,Distortion,NEEDED,NEEDED,NEEDED,
JPTR FX,DELUXE Jive - Reel Saturator Overdrive,Overdrive,NEEDED,NEEDED,NEEDED,
JPTR FX,Katastrophe - Sludgefest Dominator Distortion Pre Amp,Distortion,NEEDED,NEEDED,NEEDED,
JPTR FX,MISPRINT KATASTROPHE,Distortion,NEEDED,NEEDED,NEEDED,
JPTR FX,Silvermachine - Dual-gain-stage Fuzz Pedal,Fuzz,NEEDED,NEEDED,NEEDED,
JPTR FX,Super Weirdo - Fuzz Modulator Pedal,Fuzz,NEEDED,NEEDED,NEEDED,
JPTR FX,Super Weirdo - Fuzz Modulator Pedal 10YRS EDT,Fuzz,NEEDED,NEEDED,NEEDED,
JPTR FX,Warlow - Fuzz monstrosity,Fuzz,NEEDED,NEEDED,NEEDED,
JPTR FX,WARLOW mini,Fuzz,NEEDED,NEEDED,NEEDED,
Katanasound,Furious Man Fuzz,Fuzz,NEEDED,NEEDED,NEEDED,
Katanasound,Kamikaze Overdrive,Overdrive,NEEDED,NEEDED,NEEDED,
Katanasound,Kamikaze Supreme Overdrive,Overdrive,NEEDED,NEEDED,NEEDED,
Katanasound,Raging Wave Classic Fuzz,Fuzz,NEEDED,NEEDED,NEEDED,
Katanasound,Super Bass Octave Fuzz,Fuzz,NEEDED,NEEDED,NEEDED,
Katanasound,Thundercloud Overdrive Fuzz,Fuzz / Overdrive,NEEDED,NEEDED,NEEDED,
Katanasound,Venomous Snake Octave Fuzz,Fuzz,NEEDED,NEEDED,NEEDED,
Katanasound,Volcanic Eruption Octave Fuzz,Fuzz,NEEDED,NEEDED,NEEDED,
Keeley Electronics,1962 British Overdrive,Overdrive,NEEDED,NEEDED,NEEDED,
Keeley Electronics,1962 Overdrive,Distortion / Overdrive,NEEDED,NEEDED,NEEDED,
Keeley Electronics,1962X 2-Mode Limited British Overdrive,Overdrive,NEEDED,NEEDED,NEEDED,
Keeley Electronics,Angry Orange Distortion and Fuzz,Distortion / Fuzz,NEEDED,NEEDED,NEEDED,
Keeley Electronics,Aria Compressor Drive,Overdrive,NEEDED,NEEDED,NEEDED,
Keeley Electronics,Aria Compressor/Overdrive,Distortion / Overdrive,NEEDED,NEEDED,NEEDED,
Keeley Electronics,Blues Disorder Overdrive and Distortion,Distortion / Overdrive,NEEDED,NEEDED,NEEDED,
Keeley Electronics,D&M Drive,Distortion / Overdrive,NEEDED,NEEDED,NEEDED,
Keeley Electronics,Dark Side,Fuzz,NEEDED,NEEDED,NEEDED,
Keeley Electronics,Dark Side Fuzz/Phaser,Fuzz,NEEDED,NEEDED,NEEDED,
Keeley Electronics,DCR Drive Chorus Rotary,Overdrive,NEEDED,NEEDED,NEEDED,
Keeley Electronics,DDR — Drive Delay Reverb,Overdrive,NEEDED,NEEDED,NEEDED,
Keeley Electronics,Drive For a Cure,Overdrive,NEEDED,NEEDED,NEEDED,
Keeley Electronics,El Rey Dorado,Overdrive,NEEDED,NEEDED,NEEDED,
Keeley Electronics,Filaments High Gain Distortion,Distortion / Overdrive,NEEDED,NEEDED,NEEDED,
Keeley Electronics,Fuzz Bender,Fuzz,NEEDED,NEEDED,NEEDED,
Keeley Electronics,Fuzz Head,Fuzz,NEEDED,NEEDED,NEEDED,
Keeley Electronics,Germanium Super Phat Mod,Fuzz,NEEDED,NEEDED,NEEDED,
Keeley Electronics,Katana Blues Drive,Distortion / Overdrive,NEEDED,NEEDED,NEEDED,
Keeley Electronics,Keeley Oxblood Overdrive,Overdrive,NEEDED,NEEDED,NEEDED,
Keeley Electronics,Loomer,Fuzz,NEEDED,NEEDED,NEEDED,
Keeley Electronics,Loomer Fuzz/Reverb,Fuzz,NEEDED,NEEDED,NEEDED,
Keeley Electronics,Manis Overdrive,Overdrive,NEEDED,NEEDED,NEEDED,
Keeley Electronics,Mk3 Driver — Andy Timmons Full Range Overdrive,Fuzz / Overdrive,NEEDED,NEEDED,NEEDED,
Keeley Electronics,Monterey Rotary Fuzz Vibe,Fuzz,NEEDED,NEEDED,NEEDED,
Keeley Electronics,Moon Op Amp Fuzz,Fuzz,NEEDED,NEEDED,NEEDED,
Keeley Electronics,Noble Screamer Overdrive and Boost,Distortion / Overdrive,NEEDED,NEEDED,NEEDED,
Keeley Electronics,OCTA PSI Transfigurating Fuzz,Distortion / Fuzz,NEEDED,NEEDED,NEEDED,
Keeley Electronics,Oxblood Germanium Overdrive,Distortion / Overdrive,NEEDED,NEEDED,NEEDED,
Keeley Electronics,Oxblood Overdrive,Distortion / Overdrive,NEEDED,NEEDED,NEEDED,
Keeley Electronics,Red Dirt Germanium Overdrive,Overdrive,NEEDED,NEEDED,NEEDED,
Keeley Electronics,Red Dirt Mini,Distortion / Overdrive,NEEDED,NEEDED,NEEDED,
Keeley Electronics,Red Dirt Overdrive,Distortion / Overdrive,NEEDED,NEEDED,NEEDED,
Keeley Electronics,Red Nectar Compressor and Overdrive,Overdrive,NEEDED,NEEDED,NEEDED,
Keeley Electronics,SUNS Ultravoid Fuzz,Fuzz,NEEDED,NEEDED,NEEDED,
Keeley Electronics,SUPER BASS Overdrive and Distortion,Distortion / Overdrive,NEEDED,NEEDED,NEEDED,
Keeley Electronics,Super Phat Mod,Distortion / Overdrive,NEEDED,NEEDED,NEEDED,
Keeley Electronics,Super Phat Mod Mini,Distortion / Overdrive,NEEDED,NEEDED,NEEDED,
Keeley Electronics,Super Rodent Overdrive and Distortion,Distortion / Overdrive,NEEDED,NEEDED,NEEDED,
Keeley Electronics,Sweet Spot Johnny Hiland Super Drive Overdrive,Overdrive,NEEDED,NEEDED,NEEDED,
Keeley Electronics,Synth-1 Reverse Attack Fuzz Wave Generator,Distortion / Fuzz,NEEDED,NEEDED,NEEDED,
Keeley Electronics,Tone Workstation,Distortion / Overdrive,NEEDED,NEEDED,NEEDED,
Keeley Electronics,Tube Drive Twin Triode Dual Overdrive,Overdrive,NEEDED,NEEDED,NEEDED,
KHDK Electronics,Abyss,Distortion / Overdrive,NEEDED,NEEDED,NEEDED,
KHDK Electronics,Abyss — bass overdrive,Distortion / Overdrive,NEEDED,NEEDED,NEEDED,
KHDK Electronics,Ascendancy,Fuzz,NEEDED,NEEDED,NEEDED,
KHDK Electronics,Ascendancy — dual dirt pedal with overdrive sections,Fuzz,NEEDED,NEEDED,NEEDED,
KHDK Electronics,Dark Blood,Distortion / Overdrive,NEEDED,NEEDED,NEEDED,
KHDK Electronics,Dark Blood — distortion,Distortion / Overdrive,NEEDED,NEEDED,NEEDED,
KHDK Electronics,Deathscream,Distortion / Overdrive,NEEDED,NEEDED,NEEDED,
KHDK Electronics,Deathscream — Kreator signature dirt product,Distortion / Overdrive,NEEDED,NEEDED,NEEDED,
KHDK Electronics,Fallout Bass Overdrive,Distortion / Overdrive,NEEDED,NEEDED,NEEDED,
KHDK Electronics,Fallout Bass Overdrive — bass overdrive,Distortion / Overdrive,NEEDED,NEEDED,NEEDED,
KHDK Electronics,Ghoul JR,Distortion / Overdrive,NEEDED,NEEDED,NEEDED,
KHDK Electronics,Ghoul JR — overdrive,Distortion / Overdrive,NEEDED,NEEDED,NEEDED,
KHDK Electronics,Ghoul Screamer,Distortion / Overdrive,NEEDED,NEEDED,NEEDED,
KHDK Electronics,Ghoul Screamer — overdrive,Distortion / Overdrive,NEEDED,NEEDED,NEEDED,
KHDK Electronics,Gojira Drive,Distortion / Overdrive,NEEDED,NEEDED,NEEDED,
KHDK Electronics,Gojira Drive — harmonic overdrive,Distortion / Overdrive,NEEDED,NEEDED,NEEDED,
KHDK Electronics,In Waves,Distortion / Overdrive,NEEDED,NEEDED,NEEDED,
KHDK Electronics,In Waves — Trivium metal tone shaper / dirt product,Distortion / Overdrive,NEEDED,NEEDED,NEEDED,
KHDK Electronics,LCFR,Distortion / Overdrive,NEEDED,NEEDED,NEEDED,
KHDK Electronics,LCFR — Nergal signature dirt product,Distortion / Overdrive,NEEDED,NEEDED,NEEDED,
KHDK Electronics,Mad Monarch,Distortion / Overdrive,NEEDED,NEEDED,NEEDED,
KHDK Electronics,Mad Monarch — high-gain dirt product,Distortion / Overdrive,NEEDED,NEEDED,NEEDED,
KHDK Electronics,Night of the Living Shred,Distortion / Overdrive,NEEDED,NEEDED,NEEDED,
KHDK Electronics,Night of the Living Shred — high-gain preamp / dirt product,Distortion / Overdrive,NEEDED,NEEDED,NEEDED,
KHDK Electronics,No.1,Distortion / Overdrive,NEEDED,NEEDED,NEEDED,
KHDK Electronics,No.1 — tube-like overdrive,Distortion / Overdrive,NEEDED,NEEDED,NEEDED,
KHDK Electronics,Paranormal,Distortion / Overdrive,NEEDED,NEEDED,NEEDED,
KHDK Electronics,Paranormal — parametric EQ overdrive,Distortion / Overdrive,NEEDED,NEEDED,NEEDED,
KHDK Electronics,Paranormal II,Distortion / Overdrive,NEEDED,NEEDED,NEEDED,
KHDK Electronics,Paranormal II — parametric EQ overdrive,Distortion / Overdrive,NEEDED,NEEDED,NEEDED,
KHDK Electronics,Scuzz Box,Fuzz,NEEDED,NEEDED,NEEDED,
KHDK Electronics,Scuzz Box — germanium-voiced fuzz,Fuzz,NEEDED,NEEDED,NEEDED,
KHDK Electronics,Shred II,Distortion / Overdrive,NEEDED,NEEDED,NEEDED,
KHDK Electronics,Shred II — high-gain dirt product,Distortion / Overdrive,NEEDED,NEEDED,NEEDED,
KHDK Electronics,Totality,Distortion / Overdrive,NEEDED,NEEDED,NEEDED,
KHDK Electronics,Totality — dual-path overdrive for guitar and bass,Distortion / Overdrive,NEEDED,NEEDED,NEEDED,
KHDK Electronics,Unicorn Blood,Fuzz,NEEDED,NEEDED,NEEDED,
KHDK Electronics,Unicorn Blood — octave fuzz,Fuzz,NEEDED,NEEDED,NEEDED,
KHDK Electronics,Unicorn Blood II,Fuzz,NEEDED,NEEDED,NEEDED,
KHDK Electronics,Unicorn Blood II — octave fuzz,Fuzz,NEEDED,NEEDED,NEEDED,
King Tone Guitar,Duellist,Overdrive,NEEDED,NEEDED,NEEDED,
King Tone Guitar,Duellist V3,Overdrive,NEEDED,NEEDED,NEEDED,
King Tone Guitar,Heavyhand,Overdrive,NEEDED,NEEDED,NEEDED,
King Tone Guitar,Soloist,Overdrive,NEEDED,NEEDED,NEEDED,
KMA Machines,Chief Disruptor,Distortion / Fuzz,NEEDED,NEEDED,NEEDED,
KMA Machines,Dead Stag,Distortion / Fuzz,NEEDED,NEEDED,NEEDED,
KMA Machines,Fuzzly Bear,Fuzz,NEEDED,NEEDED,NEEDED,
KMA Machines,Fuzzly Bear 2,Fuzz,NEEDED,NEEDED,NEEDED,
KMA Machines,Guardian Of The Wurm,Distortion,NEEDED,NEEDED,NEEDED,
KMA Machines,Logan,Overdrive,NEEDED,NEEDED,NEEDED,
KMA Machines,Minos,Fuzz,NEEDED,NEEDED,NEEDED,
KMA Machines,Queequeq,Fuzz,NEEDED,NEEDED,NEEDED,
KMA Machines,Queequeq 2,Fuzz,NEEDED,NEEDED,NEEDED,
KMA Machines,Wurm,Distortion / Fuzz,NEEDED,NEEDED,NEEDED,
KMA Machines,Wurm 2,Distortion / Fuzz,NEEDED,NEEDED,NEEDED,
Leqtique,10/10,Distortion,NEEDED,NEEDED,NEEDED,
Leqtique,10/10 XXJ EVR,Distortion,NEEDED,NEEDED,NEEDED,
Leqtique,11/11,Distortion,NEEDED,NEEDED,NEEDED,
Leqtique,11/11 EVR,Distortion,NEEDED,NEEDED,NEEDED,
Leqtique,6/6,Distortion,NEEDED,NEEDED,NEEDED,
Leqtique,9/9,Distortion,NEEDED,NEEDED,NEEDED,
Leqtique,9/9 EVR,Distortion,NEEDED,NEEDED,NEEDED,
Leqtique,Beryl,Overdrive,NEEDED,NEEDED,NEEDED,
Leqtique,Beryl EVR,Overdrive,NEEDED,NEEDED,NEEDED,
Leqtique,Caelum OD,Overdrive,NEEDED,NEEDED,NEEDED,
Leqtique,Caeruleum Lightdrive High Definition,Overdrive,NEEDED,NEEDED,NEEDED,
Leqtique,CLHD EVR,Overdrive,NEEDED,NEEDED,NEEDED,
Leqtique,Maestoso,Overdrive,NEEDED,NEEDED,NEEDED,
Leqtique,Maestoso EVR,Overdrive,NEEDED,NEEDED,NEEDED,
Leqtique,Maestro Antique Revised EVR,Overdrive,NEEDED,NEEDED,NEEDED,
Leqtique,Maestro Antique Revised VPtP,Overdrive,NEEDED,NEEDED,NEEDED,
Leqtique,Redemptionist,Distortion,NEEDED,NEEDED,NEEDED,
Leqtique,Redemptionist EVR,Distortion,NEEDED,NEEDED,NEEDED,
Leqtique,RFD,Overdrive,NEEDED,NEEDED,NEEDED,
Leqtique,Rochechouart,Overdrive,NEEDED,NEEDED,NEEDED,
Leqtique,Roger,Overdrive,NEEDED,NEEDED,NEEDED,
Leqtique,Roger EVR,Overdrive,NEEDED,NEEDED,NEEDED,
Lichtlaerm Audio,Gehenna,Distortion / Fuzz / Overdrive,NEEDED,NEEDED,NEEDED,
Lichtlaerm Audio,Gehenna — metal distortion / preamp,Distortion / Fuzz / Overdrive,NEEDED,NEEDED,NEEDED,
Lichtlaerm Audio,Medusa,Distortion / Fuzz / Overdrive,NEEDED,NEEDED,NEEDED,
Lichtlaerm Audio,Medusa — grinding death metal distortion,Distortion / Fuzz / Overdrive,NEEDED,NEEDED,NEEDED,
Lichtlaerm Audio,Ragnarøk,Distortion / Fuzz / Overdrive,NEEDED,NEEDED,NEEDED,
Lichtlaerm Audio,Ragnarøk — apocalyptic tube distortion / preamp,Distortion / Fuzz / Overdrive,NEEDED,NEEDED,NEEDED,
Lichtlaerm Audio,Ritual.,Distortion / Fuzz / Overdrive,NEEDED,NEEDED,NEEDED,
Lichtlaerm Audio,Ritual. — post-metal distortion,Distortion / Fuzz / Overdrive,NEEDED,NEEDED,NEEDED,
Lichtlaerm Audio,The King in Yellow,Distortion / Fuzz / Overdrive,NEEDED,NEEDED,NEEDED,
Lichtlaerm Audio,The King in Yellow — parallel blending overdrive,Distortion / Fuzz / Overdrive,NEEDED,NEEDED,NEEDED,
Lichtlaerm Audio,Thorn,Distortion / Fuzz / Overdrive,NEEDED,NEEDED,NEEDED,
Lichtlaerm Audio,Thorn — signature distortion,Distortion / Fuzz / Overdrive,NEEDED,NEEDED,NEEDED,
Lichtlaerm Audio,Total Distortion Worship MKII,Distortion / Fuzz / Overdrive,NEEDED,NEEDED,NEEDED,
Lichtlaerm Audio,Total Distortion Worship MKII — extreme metal distortion with built-in overdrive,Distortion / Fuzz / Overdrive,NEEDED,NEEDED,NEEDED,
Limetone Audio,funther OD/DS/FZ,Distortion / Fuzz / Overdrive,NEEDED,NEEDED,NEEDED,
Limetone Audio,fuzzhog proto OD/DS/FZ,Distortion / Fuzz / Overdrive,NEEDED,NEEDED,NEEDED,
Limetone Audio,JACKAL MIDNIGHT ADD CBF OD/DS/FZ,Distortion / Fuzz / Overdrive,NEEDED,NEEDED,NEEDED,
Limetone Audio,JACKAL MIDNIGHT OD/DS/FZ,Distortion / Fuzz / Overdrive,NEEDED,NEEDED,NEEDED,
Limetone Audio,JACKAL OD/DS/FZ,Distortion / Fuzz / Overdrive,NEEDED,NEEDED,NEEDED,
Lovepedal,200lbs of Gold,Fuzz / Overdrive,NEEDED,NEEDED,NEEDED,
Lovepedal,5E3 Deluxe,Overdrive,NEEDED,NEEDED,NEEDED,
Lovepedal,Amp 50,Overdrive,NEEDED,NEEDED,NEEDED,
Lovepedal,Amp Eleven,Overdrive,NEEDED,NEEDED,NEEDED,
Lovepedal,COT 50 / Church of Tone 50,Overdrive,NEEDED,NEEDED,NEEDED,
Lovepedal,COT 50 Boost / Overdrive,Overdrive,NEEDED,NEEDED,NEEDED,
Lovepedal,Dover Drive,Overdrive,NEEDED,NEEDED,NEEDED,
Lovepedal,Eternity,Overdrive,NEEDED,NEEDED,NEEDED,
Lovepedal,Eternity Burst,Overdrive,NEEDED,NEEDED,NEEDED,
Lovepedal,FAB 50,Fuzz / Overdrive,NEEDED,NEEDED,NEEDED,
Lovepedal,Kalamazoo,Overdrive,NEEDED,NEEDED,NEEDED,
Lovepedal,Mosferatu,Overdrive,NEEDED,NEEDED,NEEDED,
Lovepedal,Purple Plexi,Overdrive,NEEDED,NEEDED,NEEDED,
Lovepedal,Super Six,Overdrive,NEEDED,NEEDED,NEEDED,
Lovepedal,Tchula,Overdrive,NEEDED,NEEDED,NEEDED,
Lovepedal,Tiki Drive,Distortion / Overdrive,NEEDED,NEEDED,NEEDED,
Lovepedal,Zendrive,Overdrive,NEEDED,NEEDED,NEEDED,
Lovepedal,Zendrive 2,Overdrive,NEEDED,NEEDED,NEEDED,
Lunastone Pedals,Three Stage Rocket,Overdrive,NEEDED,NEEDED,NEEDED,
Mad Professor Amplification,Albert's Overdrive,Overdrive,NEEDED,NEEDED,NEEDED,
Mad Professor Amplification,Amber Overdrive,Overdrive,NEEDED,NEEDED,NEEDED,
Mad Professor Amplification,Big Tweedy Drive,Overdrive,NEEDED,NEEDED,NEEDED,
Mad Professor Amplification,Blueberry Bass Overdrive,Overdrive,NEEDED,NEEDED,NEEDED,
Mad Professor Amplification,Bluebird Overdrive,Overdrive,NEEDED,NEEDED,NEEDED,
Mad Professor Amplification,Fire Red Fuzz,Fuzz,NEEDED,NEEDED,NEEDED,
Mad Professor Amplification,Golden Cello,Overdrive,NEEDED,NEEDED,NEEDED,
Mad Professor Amplification,Little Tweedy Drive,Overdrive,NEEDED,NEEDED,NEEDED,
Mad Professor Amplification,Loud 'n Proud,Fuzz / Overdrive,NEEDED,NEEDED,NEEDED,
Mad Professor Amplification,Mighty Red Distortion,Distortion,NEEDED,NEEDED,NEEDED,
Mad Professor Amplification,Stone Grey Distortion,Distortion,NEEDED,NEEDED,NEEDED,
Mad Professor Amplification,Sweet Honey Overdrive Deluxe,Overdrive,NEEDED,NEEDED,NEEDED,
Mad Professor Amplification,The Green Wonder,Overdrive,NEEDED,NEEDED,NEEDED,
Mad Professor Amplification,Twimble,Overdrive,NEEDED,NEEDED,NEEDED,
MadeByMike,Dist²,Distortion / Overdrive,NEEDED,NEEDED,NEEDED,
MadeByMike,Dream Box,Distortion / Fuzz / Overdrive,NEEDED,NEEDED,NEEDED,
MadeByMike,Dual Drive,Distortion / Fuzz / Overdrive,NEEDED,NEEDED,NEEDED,
MadeByMike,Fuzzy Beetle,Fuzz,NEEDED,NEEDED,NEEDED,
MadeByMike,Germanium Fuzz Face,Fuzz,NEEDED,NEEDED,NEEDED,
MadeByMike,RAT/MUFF,Distortion / Fuzz / Overdrive,NEEDED,NEEDED,NEEDED,
MadeByMike,Saltstorm Overdrive,Overdrive,NEEDED,NEEDED,NEEDED,
MadeByMike,Ultralord,Fuzz,NEEDED,NEEDED,NEEDED,
Marshall Amplification,1959 Overdrive Pedal,Overdrive,NEEDED,NEEDED,NEEDED,
Marshall Amplification,Bluesbreaker II BB-2,Overdrive,NEEDED,NEEDED,NEEDED,
Marshall Amplification,Bluesbreaker Vintage Reissue,Overdrive,NEEDED,NEEDED,NEEDED,
Marshall Amplification,Bluesbreaker Vintage Reissue Pedal,Overdrive,NEEDED,NEEDED,NEEDED,
Marshall Amplification,Drivemaster Vintage Reissue,Distortion / Overdrive,NEEDED,NEEDED,NEEDED,
Marshall Amplification,Drivemaster Vintage Reissue Pedal,Distortion / Overdrive,NEEDED,NEEDED,NEEDED,
Marshall Amplification,DSL Overdrive Pedal,Overdrive,NEEDED,NEEDED,NEEDED,
Marshall Amplification,Guv'nor Plus GV-2,Distortion / Overdrive,NEEDED,NEEDED,NEEDED,
Marshall Amplification,Guv'nor Vintage Reissue,Overdrive,NEEDED,NEEDED,NEEDED,
Marshall Amplification,Guv'nor Vintage Reissue Pedal,Overdrive,NEEDED,NEEDED,NEEDED,
Marshall Amplification,Jackhammer JH-1,Distortion / Overdrive,NEEDED,NEEDED,NEEDED,
Marshall Amplification,JCM800 Overdrive Pedal,Overdrive,NEEDED,NEEDED,NEEDED,
Marshall Amplification,JCM900 Overdrive Pedal,Overdrive,NEEDED,NEEDED,NEEDED,
Marshall Amplification,JVM Overdrive Pedal,Overdrive,NEEDED,NEEDED,NEEDED,
Marshall Amplification,none identified,Fuzz,NEEDED,NEEDED,NEEDED,
Marshall Amplification,Shredmaster Vintage Reissue,Distortion,NEEDED,NEEDED,NEEDED,
Marshall Amplification,Shredmaster Vintage Reissue Pedal,Distortion,NEEDED,NEEDED,NEEDED,
Marshall Amplification,Supa Fuzz,Fuzz,NEEDED,NEEDED,NEEDED,
Mask Audio Electronics,BLACK MATH,Fuzz,NEEDED,NEEDED,NEEDED,
Mask Audio Electronics,BSRI x MAE | MAYBE THE REAL TREASURE,Fuzz,NEEDED,NEEDED,NEEDED,
Mask Audio Electronics,CASCADER,Fuzz,NEEDED,NEEDED,NEEDED,
Mask Audio Electronics,CIVIL MATH,Fuzz,NEEDED,NEEDED,NEEDED,
Mask Audio Electronics,CLUBBER LANG,Fuzz,NEEDED,NEEDED,NEEDED,
Mask Audio Electronics,Ears Come To Die (historical limited-edition Fuzz Lab),Fuzz,NEEDED,NEEDED,NEEDED,
Mask Audio Electronics,Germanium Part Garden,Fuzz / Overdrive,NEEDED,NEEDED,NEEDED,
Mask Audio Electronics,Hot Water,Fuzz,NEEDED,NEEDED,NEEDED,
Mask Audio Electronics,LARAN (prebuilt),Fuzz / Overdrive,NEEDED,NEEDED,NEEDED,
Mask Audio Electronics,Little Acorn,Fuzz,NEEDED,NEEDED,NEEDED,
Mask Audio Electronics,MAYBE,Fuzz,NEEDED,NEEDED,NEEDED,
Mask Audio Electronics,Part Garden,Fuzz / Overdrive,NEEDED,NEEDED,NEEDED,
Mask Audio Electronics,PART GARDEN,Fuzz,NEEDED,NEEDED,NEEDED,
Mask Audio Electronics,Screws,Fuzz,NEEDED,NEEDED,NEEDED,
Mask Audio Electronics,TRUST YOURSELF,Distortion,NEEDED,NEEDED,NEEDED,
Maxon,D&S,Distortion / Overdrive,NEEDED,NEEDED,NEEDED,
Maxon,D&S II,Distortion / Overdrive,NEEDED,NEEDED,NEEDED,
Maxon,Distortion and Sustainer (D&S),Distortion / Overdrive,NEEDED,NEEDED,NEEDED,
Maxon,Distortion and Sustainer II (D&S II),Distortion / Overdrive,NEEDED,NEEDED,NEEDED,
Maxon,Distortion Master (DS830),Distortion / Overdrive,NEEDED,NEEDED,NEEDED,
Maxon,DS830 Distortion Master,Distortion,NEEDED,NEEDED,NEEDED,
Maxon,Fuzz Elements Air,Fuzz,NEEDED,NEEDED,NEEDED,
Maxon,Fuzz Elements Air (FA10),Fuzz,NEEDED,NEEDED,NEEDED,
Maxon,Fuzz Elements Earth,Fuzz,NEEDED,NEEDED,NEEDED,
Maxon,Fuzz Elements Earth (FEA10),Fuzz,NEEDED,NEEDED,NEEDED,
Maxon,Fuzz Elements Ether,Fuzz,NEEDED,NEEDED,NEEDED,
Maxon,Fuzz Elements Ether (FE10),Fuzz,NEEDED,NEEDED,NEEDED,
Maxon,Fuzz Elements Fire,Fuzz,NEEDED,NEEDED,NEEDED,
Maxon,Fuzz Elements Fire (FF10),Fuzz,NEEDED,NEEDED,NEEDED,
Maxon,Fuzz Elements u,Fuzz,NEEDED,NEEDED,NEEDED,
Maxon,Fuzz Elements Void,Fuzz,NEEDED,NEEDED,NEEDED,
Maxon,Fuzz Elements Void (FV10),Fuzz,NEEDED,NEEDED,NEEDED,
Maxon,Fuzz Elements Water,Fuzz,NEEDED,NEEDED,NEEDED,
Maxon,Fuzz Elements Water (FWA10),Fuzz,NEEDED,NEEDED,NEEDED,
Maxon,Fuzz Elements Wind,Fuzz,NEEDED,NEEDED,NEEDED,
Maxon,Fuzz Elements Wind (FW10),Fuzz,NEEDED,NEEDED,NEEDED,
Maxon,OD-9,Overdrive,NEEDED,NEEDED,NEEDED,
Maxon,OD-9 Pro+,Distortion / Overdrive,NEEDED,NEEDED,NEEDED,
Maxon,OD808,Distortion / Overdrive,NEEDED,NEEDED,NEEDED,
Maxon,OD808X,Distortion / Overdrive,NEEDED,NEEDED,NEEDED,
Maxon,OD820 Overdrive Pro+,Distortion / Overdrive,NEEDED,NEEDED,NEEDED,
Maxon,OOD-9,Distortion / Overdrive,NEEDED,NEEDED,NEEDED,
Maxon,OOD-9 Organic Overdrive,Overdrive,NEEDED,NEEDED,NEEDED,
Maxon,Organic Overdrive (OOD-9),Distortion / Overdrive,NEEDED,NEEDED,NEEDED,
Maxon,OSD-9,Distortion / Overdrive,NEEDED,NEEDED,NEEDED,
Maxon,OSD-9 Overdrive / Soft Distortion,Overdrive,NEEDED,NEEDED,NEEDED,
Maxon,Overdrive (OD808),Distortion / Overdrive,NEEDED,NEEDED,NEEDED,
Maxon,Overdrive Extreme (OD808X),Distortion / Overdrive,NEEDED,NEEDED,NEEDED,
Maxon,Overdrive Pro (OD820),Distortion / Overdrive,NEEDED,NEEDED,NEEDED,
Maxon,Overdrive Pro Plus (OD-9Pro+),Distortion / Overdrive,NEEDED,NEEDED,NEEDED,
Maxon,Overdrive-Soft Distortion (OSD-9),Distortion / Overdrive,NEEDED,NEEDED,NEEDED,
Maxon,Real Tube Overdrive (RTO700),Distortion / Overdrive,NEEDED,NEEDED,NEEDED,
Maxon,Real Tube Overdrive-Distortion (RTD800),Distortion / Overdrive,NEEDED,NEEDED,NEEDED,
Maxon,ROD881,Distortion / Overdrive,NEEDED,NEEDED,NEEDED,
Maxon,ROD881 Real Overdrive / Distortion,Distortion / Overdrive,NEEDED,NEEDED,NEEDED,
Maxon,RTD800,Distortion / Overdrive,NEEDED,NEEDED,NEEDED,
Maxon,RTD800 Real Tube Distortion,Distortion / Overdrive,NEEDED,NEEDED,NEEDED,
Maxon,RTO700,Distortion / Overdrive,NEEDED,NEEDED,NEEDED,
Maxon,RTO700 Real Tube Overdrive,Overdrive,NEEDED,NEEDED,NEEDED,
Maxon,SD-9 Sonic Distortion,Distortion / Overdrive,NEEDED,NEEDED,NEEDED,
Maxon,SD-9 Sonic Distortion / Overdrive,Overdrive,NEEDED,NEEDED,NEEDED,
Maxon,SD-9M Sonic Distortion Master,Distortion,NEEDED,NEEDED,NEEDED,
Maxon,SM-9 Pro+,Distortion / Overdrive,NEEDED,NEEDED,NEEDED,
Maxon,SM-9 Super Metal,Distortion,NEEDED,NEEDED,NEEDED,
Maxon,SM-9Pro Super Metal Pro+,Overdrive,NEEDED,NEEDED,NEEDED,
Maxon,SM-9Pro+ Super Metal Pro+,Distortion,NEEDED,NEEDED,NEEDED,
Maxon,Sonic Distortion (SD-9),Distortion / Overdrive,NEEDED,NEEDED,NEEDED,
Maxon,SSD-9 Super Sonic Distortion,Distortion / Overdrive,NEEDED,NEEDED,NEEDED,
Maxon,ST-9 Super Tube Screamer,Overdrive,NEEDED,NEEDED,NEEDED,
Maxon,ST9Pro+,Overdrive,NEEDED,NEEDED,NEEDED,
Maxon,ST9Pro+ Super Tube Overdrive Pro+,Overdrive,NEEDED,NEEDED,NEEDED,
Maxon,Super Sonic Distortion (SSD-9),Distortion / Overdrive,NEEDED,NEEDED,NEEDED,
Maxon,TBO-9 True Tube Booster / Overdrive,Overdrive,NEEDED,NEEDED,NEEDED,
Maxon,TOD-9 True Tube Overdrive,Overdrive,NEEDED,NEEDED,NEEDED,
McGregor Pedals,Crunch Plus Overdrive/Distortion,Distortion / Overdrive,NEEDED,NEEDED,NEEDED,
McGregor Pedals,Crunch Transparent Overdrive,Overdrive,NEEDED,NEEDED,NEEDED,
McGregor Pedals,Double Crunch Transparent Overdrive,Overdrive,NEEDED,NEEDED,NEEDED,
McGregor Pedals,Octave Fuzz with Stank,Fuzz,NEEDED,NEEDED,NEEDED,
McGregor Pedals,The Classic Fuzz,Fuzz,NEEDED,NEEDED,NEEDED,
McGregor Pedals,The Cozmic Fuzzball,Distortion / Fuzz,NEEDED,NEEDED,NEEDED,
Menatone,Blue Collar,Overdrive,NEEDED,NEEDED,NEEDED,
Menatone,Blue Collar Mini,Distortion / Overdrive,NEEDED,NEEDED,NEEDED,
Menatone,Blue Collar Mojo,Overdrive,NEEDED,NEEDED,NEEDED,
Menatone,Blue Collar Mojo PTP,Distortion / Overdrive,NEEDED,NEEDED,NEEDED,
Menatone,Blue Collar PTP,Distortion / Overdrive,NEEDED,NEEDED,NEEDED,
Menatone,Fish Factory,Distortion / Overdrive,NEEDED,NEEDED,NEEDED,
Menatone,Hindenburg Mini,Distortion / Overdrive,NEEDED,NEEDED,NEEDED,
Menatone,Law Bender,Fuzz,NEEDED,NEEDED,NEEDED,
Menatone,Mail Bomb Mini,Distortion / Overdrive,NEEDED,NEEDED,NEEDED,
Menatone,MenaWatt,Distortion / Overdrive,NEEDED,NEEDED,NEEDED,
Menatone,Ms. Foxy Brown,Overdrive,NEEDED,NEEDED,NEEDED,
Menatone,Ms. Foxy Brown Mini,Distortion / Overdrive,NEEDED,NEEDED,NEEDED,
Menatone,None More Black Deluxe,Distortion / Overdrive,NEEDED,NEEDED,NEEDED,
Menatone,PiG,Fuzz,NEEDED,NEEDED,NEEDED,
Menatone,Red Snapper,Overdrive,NEEDED,NEEDED,NEEDED,
Menatone,Red Snapper 4 Knob,Overdrive,NEEDED,NEEDED,NEEDED,
Menatone,Red Snapper 4 Knob Mini,Distortion / Overdrive,NEEDED,NEEDED,NEEDED,
Menatone,Red Snapper 4 Knob PTP,Distortion / Overdrive,NEEDED,NEEDED,NEEDED,
Menatone,Red Snapper Mini,Distortion / Overdrive,NEEDED,NEEDED,NEEDED,
Menatone,Red Snapper Mojo PTP,Distortion / Overdrive,NEEDED,NEEDED,NEEDED,
Menatone,The Dirty Blonde,Distortion / Overdrive,NEEDED,NEEDED,NEEDED,
Menatone,The Howie Deluxe,Distortion / Overdrive,NEEDED,NEEDED,NEEDED,
Menatone,The King,Distortion / Overdrive,NEEDED,NEEDED,NEEDED,
Menatone,The Law Bender Deluxe,Distortion / Fuzz / Overdrive,NEEDED,NEEDED,NEEDED,
Menatone,The Law Mini,Distortion / Fuzz / Overdrive,NEEDED,NEEDED,NEEDED,
Menatone,Thundering Revival Mini,Distortion / Overdrive,NEEDED,NEEDED,NEEDED,
Menatone,Top Boost in a Can,Distortion / Overdrive,NEEDED,NEEDED,NEEDED,
Menatone,Wreck'T,Distortion / Overdrive,NEEDED,NEEDED,NEEDED,
MESA/Boogie,Cleo,Overdrive,NEEDED,NEEDED,NEEDED,
MESA/Boogie,DynaPlex,Overdrive,NEEDED,NEEDED,NEEDED,
MESA/Boogie,Flux-Drive,Distortion / Overdrive,NEEDED,NEEDED,NEEDED,
MESA/Boogie,Flux-Five,Overdrive,NEEDED,NEEDED,NEEDED,
MESA/Boogie,Gold Mine,Overdrive,NEEDED,NEEDED,NEEDED,
MESA/Boogie,Grid Slammer,Overdrive,NEEDED,NEEDED,NEEDED,
MESA/Boogie,none identified,Fuzz,NEEDED,NEEDED,NEEDED,
MESA/Boogie,Throttle Box,Distortion / Overdrive,NEEDED,NEEDED,NEEDED,
MESA/Boogie,Throttle Box EQ,Distortion / Overdrive,NEEDED,NEEDED,NEEDED,
MESA/Boogie,Tone-Burst,Overdrive,NEEDED,NEEDED,NEEDED,
MI Audio / MI Effects,Blue Boy Deluxe,Overdrive,NEEDED,NEEDED,NEEDED,
MI Audio / MI Effects,Classic Distortion,Distortion,NEEDED,NEEDED,NEEDED,
MI Audio / MI Effects,Cross Over Drive,Overdrive,NEEDED,NEEDED,NEEDED,
MI Audio / MI Effects,Crunch Box,Distortion,NEEDED,NEEDED,NEEDED,
MI Audio / MI Effects,GI Fuzz,Fuzz,NEEDED,NEEDED,NEEDED,
MI Audio / MI Effects,Megalith Delta,Distortion,NEEDED,NEEDED,NEEDED,
MI Audio / MI Effects,Neo Fuzz,Fuzz,NEEDED,NEEDED,NEEDED,
MI Audio / MI Effects,Super Blues Pro,Fuzz / Overdrive,NEEDED,NEEDED,NEEDED,
MI Audio / MI Effects,Super Crunch Box V2,Distortion,NEEDED,NEEDED,NEEDED,
MI Audio / MI Effects,Tube Zone Overdrive,Overdrive,NEEDED,NEEDED,NEEDED,
Mid-Fi Electronics,Another/An-other (Fuzz Version),Fuzz,NEEDED,NEEDED,NEEDED,
Mid-Fi Electronics,Clari(not) Fuzz,Fuzz,NEEDED,NEEDED,NEEDED,
Mid-Fi Electronics,Cocoon,Fuzz,NEEDED,NEEDED,NEEDED,
Mid-Fi Electronics,Country Fuzz,Fuzz,NEEDED,NEEDED,NEEDED,
Mid-Fi Electronics,Demo Tape Fuzz,Fuzz,NEEDED,NEEDED,NEEDED,
Mid-Fi Electronics,Faulty Channel,Fuzz,NEEDED,NEEDED,NEEDED,
Mid-Fi Electronics,Full Frequency Overdrive,Overdrive,NEEDED,NEEDED,NEEDED,
Mid-Fi Electronics,Fuzz Wall,Fuzz,NEEDED,NEEDED,NEEDED,
Mid-Fi Electronics,Glitch Computer,Fuzz,NEEDED,NEEDED,NEEDED,
Mid-Fi Electronics,Hieracium,Overdrive,NEEDED,NEEDED,NEEDED,
Mid-Fi Electronics,House Amp,Fuzz,NEEDED,NEEDED,NEEDED,
Mid-Fi Electronics,"Magick ""i""",Overdrive,NEEDED,NEEDED,NEEDED,
Mid-Fi Electronics,Overdrive,Overdrive,NEEDED,NEEDED,NEEDED,
Mid-Fi Electronics,Peace Gun,Fuzz,NEEDED,NEEDED,NEEDED,
Mid-Fi Electronics,Psych Byke,Fuzz,NEEDED,NEEDED,NEEDED,
Mid-Fi Electronics,Random Number Generator,Fuzz,NEEDED,NEEDED,NEEDED,
Mid-Fi Electronics,Rise/OverRun,Fuzz,NEEDED,NEEDED,NEEDED,
Mid-Fi Electronics,What?,Fuzz,NEEDED,NEEDED,NEEDED,
Mid-Fi Electronics,Yard Sale,Fuzz / Overdrive,NEEDED,NEEDED,NEEDED,
Mojo Hand FX,1979,Fuzz,NEEDED,NEEDED,NEEDED,
Mojo Hand FX,1979 Baja,Fuzz,NEEDED,NEEDED,NEEDED,
Mojo Hand FX,BlueBonnet,Overdrive,NEEDED,NEEDED,NEEDED,
Mojo Hand FX,Colossus,Fuzz,NEEDED,NEEDED,NEEDED,
Mojo Hand FX,Crosstown,Fuzz,NEEDED,NEEDED,NEEDED,
Mojo Hand FX,Crosstown Rasta,Fuzz,NEEDED,NEEDED,NEEDED,
Mojo Hand FX,DMBL,Overdrive,NEEDED,NEEDED,NEEDED,
Mojo Hand FX,El Guapo,Fuzz,NEEDED,NEEDED,NEEDED,
Mojo Hand FX,Extra Special,Overdrive,NEEDED,NEEDED,NEEDED,
Mojo Hand FX,Iron Bell,Fuzz,NEEDED,NEEDED,NEEDED,
Mojo Hand FX,Kensrue Rook,Overdrive,NEEDED,NEEDED,NEEDED,
Mojo Hand FX,Magistrate,Distortion,NEEDED,NEEDED,NEEDED,
Mojo Hand FX,Magpie,Overdrive,NEEDED,NEEDED,NEEDED,
Mojo Hand FX,Odessa,Overdrive,NEEDED,NEEDED,NEEDED,
Mojo Hand FX,One Ton Bee,Fuzz,NEEDED,NEEDED,NEEDED,
Mojo Hand FX,Pompeii,Fuzz,NEEDED,NEEDED,NEEDED,
Mojo Hand FX,Pompeii (historical/limited),Fuzz,NEEDED,NEEDED,NEEDED,
Mojo Hand FX,Rock City,Overdrive,NEEDED,NEEDED,NEEDED,
Mojo Hand FX,Rook,Overdrive,NEEDED,NEEDED,NEEDED,
Mojo Hand FX,Rook Royale,Overdrive,NEEDED,NEEDED,NEEDED,
Mojo Hand FX,Rounder (historical/discontinued),Fuzz,NEEDED,NEEDED,NEEDED,
Mojo Hand FX,Rounder,Fuzz,NEEDED,NEEDED,NEEDED,
Mojo Hand FX,Sacred Cow,Overdrive,NEEDED,NEEDED,NEEDED,
Mojo Hand FX,Sericon,Overdrive,NEEDED,NEEDED,NEEDED,
Mojo Hand FX,Socrates,Distortion,NEEDED,NEEDED,NEEDED,
Mojo Hand FX,Superlative (historical/discontinued),Overdrive,NEEDED,NEEDED,NEEDED,
Mojo Hand FX,Superlative,Overdrive,NEEDED,NEEDED,NEEDED,
Mojo Hand FX,Zephyr (historical/discontinued),Fuzz,NEEDED,NEEDED,NEEDED,
Mojo Hand FX,Zephyr,Fuzz,NEEDED,NEEDED,NEEDED,
MOOER Audio / MOOER,Black Secret,Distortion,NEEDED,NEEDED,NEEDED,
MOOER Audio / MOOER,Blade,Distortion,NEEDED,NEEDED,NEEDED,
MOOER Audio / MOOER,Blue Faze,Fuzz,NEEDED,NEEDED,NEEDED,
MOOER Audio / MOOER,Blues Crab,Overdrive,NEEDED,NEEDED,NEEDED,
MOOER Audio / MOOER,Blues Mood,Overdrive,NEEDED,NEEDED,NEEDED,
MOOER Audio / MOOER,Cruncher,Distortion,NEEDED,NEEDED,NEEDED,
MOOER Audio / MOOER,Eight Hands,Distortion,NEEDED,NEEDED,NEEDED,
MOOER Audio / MOOER,Green Mile,Overdrive,NEEDED,NEEDED,NEEDED,
MOOER Audio / MOOER,Greenwood,Overdrive,NEEDED,NEEDED,NEEDED,
MOOER Audio / MOOER,Grey Faze,Fuzz,NEEDED,NEEDED,NEEDED,
MOOER Audio / MOOER,Hustle Drive,Distortion,NEEDED,NEEDED,NEEDED,
MOOER Audio / MOOER,MooerFog / Fog,Fuzz,NEEDED,NEEDED,NEEDED,
MOOER Audio / MOOER,Rage Machine,Distortion,NEEDED,NEEDED,NEEDED,
MOOER Audio / MOOER,Rumble Drive,Overdrive,NEEDED,NEEDED,NEEDED,
MOOER Audio / MOOER,Solo,Distortion,NEEDED,NEEDED,NEEDED,
MOOER Audio / MOOER,Thunderball,Distortion / Fuzz,NEEDED,NEEDED,NEEDED,
MOOER Audio / MOOER,Triangle Buff,Fuzz,NEEDED,NEEDED,NEEDED,
MOOER Audio / MOOER,Ultra Drive,Overdrive,NEEDED,NEEDED,NEEDED,
MOOER Audio / MOOER,Ultra Drive MKII,Distortion,NEEDED,NEEDED,NEEDED,
Mr. Black,Barbeque Fuzz,Fuzz,NEEDED,NEEDED,NEEDED,
Mr. Black,Bass OD Mk. II,Distortion / Overdrive,NEEDED,NEEDED,NEEDED,
Mr. Black,BB-74x,Distortion / Overdrive,NEEDED,NEEDED,NEEDED,
Mr. Black,Deuce Coupe,Distortion / Overdrive,NEEDED,NEEDED,NEEDED,
Mr. Black,Deuce Coupe - Old School Laser,Distortion / Overdrive,NEEDED,NEEDED,NEEDED,
Mr. Black,Doomstick Fuzz,Fuzz,NEEDED,NEEDED,NEEDED,
Mr. Black,Jalapeño,Overdrive,NEEDED,NEEDED,NEEDED,
Mr. Black,Orro,Overdrive,NEEDED,NEEDED,NEEDED,
Mr. Black,SludgeMaster,Distortion / Fuzz / Overdrive,NEEDED,NEEDED,NEEDED,
Mr. Black,Snake Drive,Overdrive,NEEDED,NEEDED,NEEDED,
Mr. Black,Sour Cream & Onion,Overdrive,NEEDED,NEEDED,NEEDED,
Mr. Black,ThunderClaw,Distortion / Overdrive,NEEDED,NEEDED,NEEDED,
Mr. Black,ThunderClaw - Scorpion Milk,Distortion / Overdrive,NEEDED,NEEDED,NEEDED,
Mr. Black,Vintage Overdrive,Distortion / Overdrive,NEEDED,NEEDED,NEEDED,
MXR,Bass Distortion,Distortion,NEEDED,NEEDED,NEEDED,
MXR,Bass Distortion+,Distortion,NEEDED,NEEDED,NEEDED,
MXR,Bass Fuzz Deluxe,Fuzz,NEEDED,NEEDED,NEEDED,
MXR,Bass Overdrive,Overdrive,NEEDED,NEEDED,NEEDED,
MXR,Blue Box Fuzz,Fuzz,NEEDED,NEEDED,NEEDED,
MXR,CAE Boost/Overdrive,Overdrive,NEEDED,NEEDED,NEEDED,
MXR,Classic 108 Fuzz,Fuzz,NEEDED,NEEDED,NEEDED,
MXR,Classic 108 Fuzz Mini,Fuzz,NEEDED,NEEDED,NEEDED,
MXR,Custom Badass '78 Distortion,Distortion,NEEDED,NEEDED,NEEDED,
MXR,Custom Badass Modified O.D,Overdrive,NEEDED,NEEDED,NEEDED,
MXR,Dime Distortion,Distortion,NEEDED,NEEDED,NEEDED,
MXR,Distortion III,Distortion,NEEDED,NEEDED,NEEDED,
MXR,Distortion+,Distortion,NEEDED,NEEDED,NEEDED,
MXR,Dookie Drive,Overdrive,NEEDED,NEEDED,NEEDED,
MXR,Dookie Drive V4,Overdrive,NEEDED,NEEDED,NEEDED,
MXR,Double-Double Overdrive,Overdrive,NEEDED,NEEDED,NEEDED,
MXR,Duke of Tone Overdrive,Distortion / Overdrive,NEEDED,NEEDED,NEEDED,
MXR,EVH 5150 Overdrive,Overdrive,NEEDED,NEEDED,NEEDED,
MXR,Fat Sugar Drive,Overdrive,NEEDED,NEEDED,NEEDED,
MXR,FOD Drive,Overdrive,NEEDED,NEEDED,NEEDED,
MXR,Fullbore Metal Distortion,Distortion,NEEDED,NEEDED,NEEDED,
MXR,Gran Torino Boost Overdrive,Overdrive,NEEDED,NEEDED,NEEDED,
MXR,GT-OD,Overdrive,NEEDED,NEEDED,NEEDED,
MXR,Hybrid Fuzz,Fuzz,NEEDED,NEEDED,NEEDED,
MXR,Jail Guitar Doors Overdrive,Overdrive,NEEDED,NEEDED,NEEDED,
MXR,Octavio Fuzz,Fuzz,NEEDED,NEEDED,NEEDED,
MXR,Prime Distortion,Distortion,NEEDED,NEEDED,NEEDED,
MXR,Raijin Drive,Distortion / Overdrive,NEEDED,NEEDED,NEEDED,
MXR,Randy Rhoads Distortion+,Distortion,NEEDED,NEEDED,NEEDED,
MXR,Raw Dawg Overdrive,Overdrive,NEEDED,NEEDED,NEEDED,
MXR,Slash Octave Fuzz,Fuzz,NEEDED,NEEDED,NEEDED,
MXR,Special Edition Distortion+,Distortion,NEEDED,NEEDED,NEEDED,
MXR,Sub Machine Fuzz,Fuzz,NEEDED,NEEDED,NEEDED,
MXR,Sub Octave Bass Fuzz,Fuzz,NEEDED,NEEDED,NEEDED,
MXR,Sugar Drive,Overdrive,NEEDED,NEEDED,NEEDED,
MXR,Super Badass Distortion,Distortion,NEEDED,NEEDED,NEEDED,
MXR,Super Badass Dynamic O.D,Overdrive,NEEDED,NEEDED,NEEDED,
MXR,Super Badass Variac Fuzz,Fuzz,NEEDED,NEEDED,NEEDED,
MXR,Timmy Overdrive,Overdrive,NEEDED,NEEDED,NEEDED,
MXR,Tom Morello Power 50 Overdrive,Overdrive,NEEDED,NEEDED,NEEDED,
MXR,Wylde Audio Overdrive,Overdrive,NEEDED,NEEDED,NEEDED,
MXR,Wylde Audio Zakk Sabbath Overdrive,Overdrive,NEEDED,NEEDED,NEEDED,
MXR,Yngwie Malmsteen Overdrive,Overdrive,NEEDED,NEEDED,NEEDED,
Mystic Effects Co,1833 Drive,Overdrive,NEEDED,NEEDED,NEEDED,
Mystic Effects Co,Bandpass Overdrive,Overdrive,NEEDED,NEEDED,NEEDED,
Mystic Effects Co,Driven-Parallel Overdrive,Overdrive,NEEDED,NEEDED,NEEDED,
Mystic Effects Co,Fuzz Button,Fuzz,NEEDED,NEEDED,NEEDED,
Mystic Effects Co,Octavia Vintage Octave Fuzz,Fuzz,NEEDED,NEEDED,NEEDED,
Mythos Pedals,1347 Silicon Fuzz,Distortion / Fuzz,NEEDED,NEEDED,NEEDED,
Mythos Pedals,1N34A Mjolnir - Gold,Overdrive,NEEDED,NEEDED,NEEDED,
Mythos Pedals,1N34A Mjolnir - Silver,Overdrive,NEEDED,NEEDED,NEEDED,
Mythos Pedals,Argo Boost Deluxe,Fuzz,NEEDED,NEEDED,NEEDED,
Mythos Pedals,Argo Octave Fuzz,Distortion / Fuzz,NEEDED,NEEDED,NEEDED,
Mythos Pedals,AU-79 Fuzz,Distortion / Fuzz,NEEDED,NEEDED,NEEDED,
Mythos Pedals,AU-79 Fuzz — limited / exclusive,Fuzz,NEEDED,NEEDED,NEEDED,
Mythos Pedals,Big Puft Fuzz Device,Distortion / Fuzz,NEEDED,NEEDED,NEEDED,
Mythos Pedals,Chupacabra CMOS Overdrive,Overdrive,NEEDED,NEEDED,NEEDED,
Mythos Pedals,D-Style Herculean Overdrive,Overdrive,NEEDED,NEEDED,NEEDED,
Mythos Pedals,Envy Pro Overdrive,Overdrive,NEEDED,NEEDED,NEEDED,
Mythos Pedals,Erlking Overdrive,Overdrive,NEEDED,NEEDED,NEEDED,
Mythos Pedals,Extra Hot “Extra Spicy” Dual Overdrive,Overdrive,NEEDED,NEEDED,NEEDED,
Mythos Pedals,GE Mjolnir,Overdrive,NEEDED,NEEDED,NEEDED,
Mythos Pedals,Golden Fleece Fuzz,Distortion / Fuzz,NEEDED,NEEDED,NEEDED,
Mythos Pedals,Hephaestus Fuzz,Distortion / Fuzz,NEEDED,NEEDED,NEEDED,
Mythos Pedals,Herculean Deluxe Overdrive,Overdrive,NEEDED,NEEDED,NEEDED,
Mythos Pedals,High Road Fuzz Mini,Distortion / Fuzz,NEEDED,NEEDED,NEEDED,
Mythos Pedals,High Road Fuzz Mini — limited / exclusive,Fuzz,NEEDED,NEEDED,NEEDED,
Mythos Pedals,Joey Landreth Mjolnir Overdrive,Overdrive,NEEDED,NEEDED,NEEDED,
Mythos Pedals,Mjolnir Overdrive,Overdrive,NEEDED,NEEDED,NEEDED,
Mythos Pedals,Olympus Overdrive,Overdrive,NEEDED,NEEDED,NEEDED,
Mythos Pedals,The Victor Distortion,Distortion,NEEDED,NEEDED,NEEDED,
Mythos Pedals,Wildwood Mjolnir,Overdrive,NEEDED,NEEDED,NEEDED,
Nobels,ODR-1,Overdrive,NEEDED,NEEDED,NEEDED,
NUX Audio / NUX,’59 Bassguy,Overdrive,NEEDED,NEEDED,NEEDED,
NUX Audio / NUX,’63 Diamond,Overdrive,NEEDED,NEEDED,NEEDED,
NUX Audio / NUX,‘6ixty5ive OD,Overdrive,NEEDED,NEEDED,NEEDED,
NUX Audio / NUX,Ace of Tone,Overdrive,NEEDED,NEEDED,NEEDED,
NUX Audio / NUX,BC-2 Vintage Blues Core,Overdrive,NEEDED,NEEDED,NEEDED,
NUX Audio / NUX,Brownie,Distortion,NEEDED,NEEDED,NEEDED,
NUX Audio / NUX,Drive Core,Overdrive,NEEDED,NEEDED,NEEDED,
NUX Audio / NUX,Drive Core Deluxe,Overdrive,NEEDED,NEEDED,NEEDED,
NUX Audio / NUX,Drive Core Deluxe MKII,Overdrive,NEEDED,NEEDED,NEEDED,
NUX Audio / NUX,DS-3 Classic Distortion,Distortion,NEEDED,NEEDED,NEEDED,
NUX Audio / NUX,Fireman,Distortion,NEEDED,NEEDED,NEEDED,
NUX Audio / NUX,FZ-2 Vintage Fuzz,Fuzz,NEEDED,NEEDED,NEEDED,
NUX Audio / NUX,HG-5 Modern High Gain,Distortion,NEEDED,NEEDED,NEEDED,
NUX Audio / NUX,HG-6 High Gain Distortion,Distortion,NEEDED,NEEDED,NEEDED,
NUX Audio / NUX,Horseman,Overdrive,NEEDED,NEEDED,NEEDED,
NUX Audio / NUX,Metal Core,Distortion,NEEDED,NEEDED,NEEDED,
NUX Audio / NUX,Metal Core Deluxe,Distortion,NEEDED,NEEDED,NEEDED,
NUX Audio / NUX,Mini Distortion,Distortion,NEEDED,NEEDED,NEEDED,
NUX Audio / NUX,Mini Supa Drive,Overdrive,NEEDED,NEEDED,NEEDED,
NUX Audio / NUX,Morning Star,Overdrive,NEEDED,NEEDED,NEEDED,
NUX Audio / NUX,MX-6 Extreme Distortion,Distortion,NEEDED,NEEDED,NEEDED,
NUX Audio / NUX,OD-2 Vintage Overdrive,Overdrive,NEEDED,NEEDED,NEEDED,
NUX Audio / NUX,OD-3 Overdrive,Overdrive,NEEDED,NEEDED,NEEDED,
NUX Audio / NUX,Plexi Crunch,Distortion,NEEDED,NEEDED,NEEDED,
NUX Audio / NUX,Queen of Tone,Overdrive,NEEDED,NEEDED,NEEDED,
NUX Audio / NUX,REC TO Distortion,Distortion,NEEDED,NEEDED,NEEDED,
NUX Audio / NUX,Scream Bass / Bass Overdrive,Overdrive,NEEDED,NEEDED,NEEDED,
NUX Audio / NUX,Steel Singer Drive,Overdrive,NEEDED,NEEDED,NEEDED,
NUX Audio / NUX,Tube Man MKII,Overdrive,NEEDED,NEEDED,NEEDED,
NUX Audio / NUX,XTC OD,Overdrive,NEEDED,NEEDED,NEEDED,
OKKO FX,BFGRMWB,Fuzz,NEEDED,NEEDED,NEEDED,
OKKO FX,Black Beast,Distortion / Fuzz,NEEDED,NEEDED,NEEDED,
OKKO FX,DIABLO DUAL,Distortion / Overdrive,NEEDED,NEEDED,NEEDED,
OKKO FX,DIABLO DUAL — 2-channel overdrive / distortion,Distortion,NEEDED,NEEDED,NEEDED,
OKKO FX,DIABLO GH Signature,Overdrive,NEEDED,NEEDED,NEEDED,
OKKO FX,DIRTY DIABLO,Distortion,NEEDED,NEEDED,NEEDED,
OKKO FX,Holy Grit,Overdrive,NEEDED,NEEDED,NEEDED,
OKKO FX,HOLY GRIT,Fuzz,NEEDED,NEEDED,NEEDED,
OKKO FX,MOTÖRBASS,Distortion,NEEDED,NEEDED,NEEDED,
OKKO FX,The Dynamist,Overdrive,NEEDED,NEEDED,NEEDED,
OKKO FX,TWINSONIC MKII,Overdrive,NEEDED,NEEDED,NEEDED,
Old Blood Noise Endeavors,Alpha Haunt,Fuzz,NEEDED,NEEDED,NEEDED,
Old Blood Noise Endeavors,Beam Splitter V2,Distortion / Overdrive,NEEDED,NEEDED,NEEDED,
Old Blood Noise Endeavors,Excess V2,Distortion,NEEDED,NEEDED,NEEDED,
Old Blood Noise Endeavors,Fault V2,Distortion / Overdrive,NEEDED,NEEDED,NEEDED,
Old Blood Noise Endeavors,Haunt Fuzz,Fuzz,NEEDED,NEEDED,NEEDED,
Old Blood Noise Endeavors,Pardner,Fuzz,NEEDED,NEEDED,NEEDED,
Orange Amplification,Bass Butler,Distortion,NEEDED,NEEDED,NEEDED,
Orange Amplification,Bax Bangeetar,Distortion / Overdrive,NEEDED,NEEDED,NEEDED,
Orange Amplification,Fur Coat,Fuzz,NEEDED,NEEDED,NEEDED,
Orange Amplification,Getaway Driver,Overdrive,NEEDED,NEEDED,NEEDED,
Orange Amplification,Guitar Butler,Overdrive,NEEDED,NEEDED,NEEDED,
Orange Amplification,none identified,Distortion / Fuzz / Overdrive,NEEDED,NEEDED,NEEDED,
Organic Sounds,Orga Bender MKI 2g301Ver,Fuzz,NEEDED,NEEDED,NEEDED,
Organic Sounds,ORGA FACE BC183L / Aged Red,Fuzz,NEEDED,NEEDED,NEEDED,
Organic Sounds,"Organic Drive ""Ares""",Overdrive,NEEDED,NEEDED,NEEDED,
Organic Sounds,"Organic Drive ""CHRONOS""",Overdrive,NEEDED,NEEDED,NEEDED,
Organic Sounds,"Organic Drive ""Hydra""",Overdrive,NEEDED,NEEDED,NEEDED,
Organic Sounds,"Organic Drive ""Zeus""",Overdrive,NEEDED,NEEDED,NEEDED,
Origin Effects,DCX Boost — boost/drive product with overdrive use,Overdrive,NEEDED,NEEDED,NEEDED,
Origin Effects,Deluxe55 Tweed Recreation,Overdrive,NEEDED,NEEDED,NEEDED,
Origin Effects,DELUXE61 Amp Tremolo & Drive,Overdrive,NEEDED,NEEDED,NEEDED,
Origin Effects,Halcyon Blue Overdrive,Overdrive,NEEDED,NEEDED,NEEDED,
Origin Effects,Halcyon Gold Overdrive,Overdrive,NEEDED,NEEDED,NEEDED,
Origin Effects,Halcyon Green Overdrive,Overdrive,NEEDED,NEEDED,NEEDED,
Origin Effects,M-EQ Driver,Overdrive,NEEDED,NEEDED,NEEDED,
Origin Effects,MAGMA57 Amp Vibrato & Drive,Overdrive,NEEDED,NEEDED,NEEDED,
Origin Effects,RD COMPACT Hot Rod — amp-recreation high-gain drive,Overdrive,NEEDED,NEEDED,NEEDED,
Origin Effects,RevivalDRIVE Compact — amp-recreation overdrive / distortion,Overdrive,NEEDED,NEEDED,NEEDED,
Outlaw Effects,Cactus Juice 2-Mode Overdrive,Overdrive,NEEDED,NEEDED,NEEDED,
Outlaw Effects,Dead Man's Hand 2-Mode Overdrive,Overdrive,NEEDED,NEEDED,NEEDED,
Outlaw Effects,Deputy Marshall Plexi Distortion,Distortion,NEEDED,NEEDED,NEEDED,
Outlaw Effects,Dumbleweed D-Style Amp Overdrive,Overdrive,NEEDED,NEEDED,NEEDED,
Outlaw Effects,Five O'Clock Fuzz,Fuzz,NEEDED,NEEDED,NEEDED,
Outlaw Effects,Lock Stock & Barrel 3-Mode Distortion,Distortion,NEEDED,NEEDED,NEEDED,
Outlaw Effects,The General Germanium Fuzz,Fuzz,NEEDED,NEEDED,NEEDED,
Outlaw Effects,The Snitch 2-Mode Distortion,Distortion,NEEDED,NEEDED,NEEDED,
Outlaw Effects,Widow Maker Metal Distortion,Distortion,NEEDED,NEEDED,NEEDED,
Ovaltone,ECTOPLASM FUZZ MK I,Distortion / Fuzz,NEEDED,NEEDED,NEEDED,
Ovaltone,FAT PLEXI,Overdrive,NEEDED,NEEDED,NEEDED,
Ovaltone,FOUNTAIN (2025 ver.),Overdrive,NEEDED,NEEDED,NEEDED,
Ovaltone,FOUNTAIN HS-model,Overdrive,NEEDED,NEEDED,NEEDED,
Ovaltone,GD-XIII,Overdrive,NEEDED,NEEDED,NEEDED,
Ovaltone,HEAVY BLOW BASS-OVERDRIVE,Overdrive,NEEDED,NEEDED,NEEDED,
Ovaltone,MERKAVA OVERDRIVE,Overdrive,NEEDED,NEEDED,NEEDED,
Ovaltone,OVALIZED SCREAMER 808ts,Overdrive,NEEDED,NEEDED,NEEDED,
Ovaltone,TM4086+ REV. 1.2,Overdrive,NEEDED,NEEDED,NEEDED,
Pettyjohn Electronics,CHIME MKII,Overdrive,NEEDED,NEEDED,NEEDED,
Pettyjohn Electronics,CHIME3,Overdrive,NEEDED,NEEDED,NEEDED,
Pettyjohn Electronics,EDGE,Overdrive,NEEDED,NEEDED,NEEDED,
Pettyjohn Electronics,GOLD MKII,Overdrive,NEEDED,NEEDED,NEEDED,
Pettyjohn Electronics,GOLD3,Overdrive,NEEDED,NEEDED,NEEDED,
Pettyjohn Electronics,IRON MKII,Overdrive,NEEDED,NEEDED,NEEDED,
Pettyjohn Electronics,IRON3,Overdrive,NEEDED,NEEDED,NEEDED,
Pettyjohn Electronics,ODI,Overdrive,NEEDED,NEEDED,NEEDED,
Pettyjohn Electronics,RAIL,Distortion / Fuzz,NEEDED,NEEDED,NEEDED,
Pettyjohn Electronics,ROUS,Distortion,NEEDED,NEEDED,NEEDED,
Phaez Amplification,Alligator Overdrive,Overdrive,NEEDED,NEEDED,NEEDED,
Phaez Amplification,Daisycutter,Distortion,NEEDED,NEEDED,NEEDED,
Phaez Amplification,Emperor Distortion,Distortion,NEEDED,NEEDED,NEEDED,
Phaez Amplification,Iron Viper,Distortion,NEEDED,NEEDED,NEEDED,
Phaez Amplification,M Class Distortion,Distortion,NEEDED,NEEDED,NEEDED,
Phaez Amplification,Octopus,Overdrive,NEEDED,NEEDED,NEEDED,
Phaez Amplification,Savage,Distortion,NEEDED,NEEDED,NEEDED,
Pigdog Pedals,GO,Overdrive,NEEDED,NEEDED,NEEDED,
Pigtronix,Bass FAT Drive,Overdrive,NEEDED,NEEDED,NEEDED,
Pigtronix,Disnortion,Distortion / Fuzz / Overdrive,NEEDED,NEEDED,NEEDED,
Pigtronix,FAT Drive,Distortion / Overdrive,NEEDED,NEEDED,NEEDED,
Pigtronix,Gamma Drive,Distortion / Overdrive,NEEDED,NEEDED,NEEDED,
Pigtronix,Gas Giant,Fuzz,NEEDED,NEEDED,NEEDED,
Pigtronix,Octava,Distortion / Fuzz / Overdrive,NEEDED,NEEDED,NEEDED,
Pigtronix,Philosopher's Gold,Distortion / Overdrive,NEEDED,NEEDED,NEEDED,
Pigtronix,Philosopher’s Gold,Distortion / Overdrive,NEEDED,NEEDED,NEEDED,
Pigtronix,Philosopher's Tone 2,Distortion / Overdrive,NEEDED,NEEDED,NEEDED,
Pigtronix,Philosopher’s Tone 2,Distortion / Overdrive,NEEDED,NEEDED,NEEDED,
Pigtronix,PolySaturator,Distortion / Overdrive,NEEDED,NEEDED,NEEDED,
Pigtronix,Star Eater,Distortion / Fuzz,NEEDED,NEEDED,NEEDED,
Pigtronix,XL FAT Drive,Distortion / Overdrive,NEEDED,NEEDED,NEEDED,
Prescription Electronics,C.O.B. (Clean Octave Blend),Fuzz,NEEDED,NEEDED,NEEDED,
Prescription Electronics,Depth Charge,Fuzz,NEEDED,NEEDED,NEEDED,
Prescription Electronics,Dual-Tone,Distortion / Overdrive,NEEDED,NEEDED,NEEDED,
Prescription Electronics,Experience,Fuzz,NEEDED,NEEDED,NEEDED,
Prescription Electronics,Face Lift,Fuzz,NEEDED,NEEDED,NEEDED,
Prescription Electronics,Frantic Fuzz,Fuzz,NEEDED,NEEDED,NEEDED,
Prescription Electronics,Germ,Distortion / Overdrive,NEEDED,NEEDED,NEEDED,
Prescription Electronics,RX Overdriver,Overdrive,NEEDED,NEEDED,NEEDED,
Prescription Electronics,Supernatural,Fuzz,NEEDED,NEEDED,NEEDED,
Prescription Electronics,Yardbox,Fuzz / Overdrive,NEEDED,NEEDED,NEEDED,
ProCo Sound,Deucetone RAT,Distortion / Overdrive,NEEDED,NEEDED,NEEDED,
ProCo Sound,FAT RAT,Distortion / Overdrive,NEEDED,NEEDED,NEEDED,
ProCo Sound,Juggernaut,Distortion / Overdrive,NEEDED,NEEDED,NEEDED,
ProCo Sound,Lil' RAT,Distortion / Overdrive,NEEDED,NEEDED,NEEDED,
ProCo Sound,RAT 2,Distortion / Overdrive,NEEDED,NEEDED,NEEDED,
ProCo Sound,SOLO,Distortion / Overdrive,NEEDED,NEEDED,NEEDED,
ProCo Sound,Turbo RAT,Distortion / Overdrive,NEEDED,NEEDED,NEEDED,
ProCo Sound,You Dirty RAT,Distortion / Overdrive,NEEDED,NEEDED,NEEDED,
Radial Engineering / Tonebone,Bassbone OD,Overdrive,NEEDED,NEEDED,NEEDED,
Radial Engineering / Tonebone,Bones Hollywood Distortion & Overdrive,Distortion / Overdrive,NEEDED,NEEDED,NEEDED,
Radial Engineering / Tonebone,Bones London Dual-Mode Distortion,Distortion,NEEDED,NEEDED,NEEDED,
Radial Engineering / Tonebone,Bones Texas Dual Mode Overdrive,Overdrive,NEEDED,NEEDED,NEEDED,
Radial Engineering / Tonebone,Classic V9,Distortion,NEEDED,NEEDED,NEEDED,
Radial Engineering / Tonebone,Hot-British V9,Distortion,NEEDED,NEEDED,NEEDED,
Radial Engineering / Tonebone,Regency Overdrive and Boost,Overdrive,NEEDED,NEEDED,NEEDED,
Radial Engineering / Tonebone,Tonebone Classic,Distortion / Overdrive,NEEDED,NEEDED,NEEDED,
Radial Engineering / Tonebone,Tonebone Hot British,Distortion,NEEDED,NEEDED,NEEDED,
Radial Engineering / Tonebone,Tonebone Plexitube,Distortion,NEEDED,NEEDED,NEEDED,
Radial Engineering / Tonebone,Tonebone Trimode,Distortion / Overdrive,NEEDED,NEEDED,NEEDED,
Radial Tonebone,Bones Hollywood,Distortion / Overdrive,NEEDED,NEEDED,NEEDED,
Radial Tonebone,Bones London,Distortion,NEEDED,NEEDED,NEEDED,
Radial Tonebone,Classic,Distortion / Overdrive,NEEDED,NEEDED,NEEDED,
Radial Tonebone,Hot British,Distortion,NEEDED,NEEDED,NEEDED,
Radial Tonebone,Hot-British V9,Distortion,NEEDED,NEEDED,NEEDED,
Radial Tonebone,Plexitube,Distortion,NEEDED,NEEDED,NEEDED,
Radial Tonebone,Texas,Overdrive,NEEDED,NEEDED,NEEDED,
Radial Tonebone,Texas-Pro,Overdrive,NEEDED,NEEDED,NEEDED,
Radial Tonebone,Trimode,Distortion / Overdrive,NEEDED,NEEDED,NEEDED,
Rainger FX,Pull Focus,Distortion / Overdrive,NEEDED,NEEDED,NEEDED,
Ramble FX,Kismet,Distortion / Overdrive,NEEDED,NEEDED,NEEDED,
Ramble FX,Marvel Drive,Overdrive,NEEDED,NEEDED,NEEDED,
Ramble FX,none currently produced,Distortion / Fuzz / Overdrive,NEEDED,NEEDED,NEEDED,
Ramble FX,Twin Bender,Fuzz,NEEDED,NEEDED,NEEDED,
Ratin Pedals,Blue Angel,Overdrive,NEEDED,NEEDED,NEEDED,
ReevesElectro,2n2FACE Silicon FuzzFace,Fuzz,NEEDED,NEEDED,NEEDED,
ReevesElectro,Leo Twelve,Overdrive,NEEDED,NEEDED,NEEDED,
ReevesElectro,ZO Zonk Machine MK2,Fuzz,NEEDED,NEEDED,NEEDED,
Retro Mechanical Labs,432k Rev 2.1 Distortion,Distortion,NEEDED,NEEDED,NEEDED,
Retro Mechanical Labs,EFC Mini Distortion,Distortion,NEEDED,NEEDED,NEEDED,
Retro Mechanical Labs,EFCcv Distortion,Distortion,NEEDED,NEEDED,NEEDED,
Retro Mechanical Labs,Electron Fuzz Custom,Fuzz,NEEDED,NEEDED,NEEDED,
Retro Mechanical Labs,Electron Fuzz Custom Retro,Fuzz,NEEDED,NEEDED,NEEDED,
Retro Mechanical Labs,Mig Fuzz SE,Fuzz,NEEDED,NEEDED,NEEDED,
Reuss Musical Instruments,Backslide Overdrive,Overdrive,NEEDED,NEEDED,NEEDED,
Reuss Musical Instruments,Electricity Fuzz,Fuzz,NEEDED,NEEDED,NEEDED,
Revv Amplification,G2,Overdrive,NEEDED,NEEDED,NEEDED,
Revv Amplification,G3,Distortion,NEEDED,NEEDED,NEEDED,
Revv Amplification,G4,Distortion,NEEDED,NEEDED,NEEDED,
Rockbox,Boiling Point,Overdrive,NEEDED,NEEDED,NEEDED,
Rocktron,Rampage,Distortion,NEEDED,NEEDED,NEEDED,
Roger Mayer,Axis Fuzz,Fuzz,NEEDED,NEEDED,NEEDED,
Roger Mayer,Mongoose,Fuzz,NEEDED,NEEDED,NEEDED,
Roger Mayer,Voodoo-1,Fuzz,NEEDED,NEEDED,NEEDED,
RYRA,The Klone,Overdrive,NEEDED,NEEDED,NEEDED,
RYRA,The Klone V2,Overdrive,NEEDED,NEEDED,NEEDED,
SBGO Effects,Black Widow,Overdrive,NEEDED,NEEDED,NEEDED,
SBGO Effects,Creamy Fuzz,Fuzz,NEEDED,NEEDED,NEEDED,
SBGO Effects,Dark Bass Anger,Distortion,NEEDED,NEEDED,NEEDED,
SBGO Effects,Dark Pass Anger,Distortion / Overdrive,NEEDED,NEEDED,NEEDED,
SBGO Effects,Fat’n Dirty,Distortion,NEEDED,NEEDED,NEEDED,
Seymour Duncan,805,Overdrive,NEEDED,NEEDED,NEEDED,
Seymour Duncan,Diamondhead,Distortion,NEEDED,NEEDED,NEEDED,
Seymour Duncan,Dirty Deeds,Distortion,NEEDED,NEEDED,NEEDED,
Seymour Duncan,Lava Box,Distortion / Overdrive,NEEDED,NEEDED,NEEDED,
Seymour Duncan,Palladium Gain Stage,Distortion,NEEDED,NEEDED,NEEDED,
Seymour Duncan,Tweak Fuzz,Fuzz,NEEDED,NEEDED,NEEDED,
Shin's Music,Dumbloid,Overdrive,NEEDED,NEEDED,NEEDED,
Shin's Music,Dumbloid B Boost,Overdrive,NEEDED,NEEDED,NEEDED,
Silktone,Fuzz,Fuzz,NEEDED,NEEDED,NEEDED,
Silktone,Fuzz+,Fuzz,NEEDED,NEEDED,NEEDED,
Sinvertek,N5+ Distortion,Distortion,NEEDED,NEEDED,NEEDED,
Sitek Guitar Electronics,Cocoa Distortion,Distortion,NEEDED,NEEDED,NEEDED,
Sitek Guitar Electronics,Freya Overdrive/Booster,Overdrive,NEEDED,NEEDED,NEEDED,
Sitek Guitar Electronics,Fuzzie Germanium Fuzz v2,Fuzz,NEEDED,NEEDED,NEEDED,
Sitek Guitar Electronics,Pandora Octave Fuzz,Fuzz,NEEDED,NEEDED,NEEDED,
Sitek Guitar Electronics,Wuffy Fuzzy Distortion,Distortion / Fuzz,NEEDED,NEEDED,NEEDED,
Skreddy Pedals,? Lady,Fuzz,NEEDED,NEEDED,NEEDED,
Skreddy Pedals,1966 Modernized,Fuzz,NEEDED,NEEDED,NEEDED,
Skreddy Pedals,1971,Distortion / Fuzz,NEEDED,NEEDED,NEEDED,
Skreddy Pedals,Angel Face,Fuzz,NEEDED,NEEDED,NEEDED,
Skreddy Pedals,BC109 Fuzz,Fuzz,NEEDED,NEEDED,NEEDED,
Skreddy Pedals,BC239 Fuzz,Fuzz,NEEDED,NEEDED,NEEDED,
Skreddy Pedals,Cephalopod II,Fuzz,NEEDED,NEEDED,NEEDED,
Skreddy Pedals,Cognitive Dissonance MkIV,Distortion / Fuzz,NEEDED,NEEDED,NEEDED,
Skreddy Pedals,Cosmos,Fuzz / Overdrive,NEEDED,NEEDED,NEEDED,
Skreddy Pedals,Dragon Fuzz,Fuzz,NEEDED,NEEDED,NEEDED,
Skreddy Pedals,Ernie,Fuzz,NEEDED,NEEDED,NEEDED,
Skreddy Pedals,General Pig,Fuzz,NEEDED,NEEDED,NEEDED,
Skreddy Pedals,Giant Meat Pie BC239,Fuzz,NEEDED,NEEDED,NEEDED,
Skreddy Pedals,High Gear,Overdrive,NEEDED,NEEDED,NEEDED,
Skreddy Pedals,Hybrid Fuzz Driver,Fuzz / Overdrive,NEEDED,NEEDED,NEEDED,
Skreddy Pedals,Hybrid Overdrive,Overdrive,NEEDED,NEEDED,NEEDED,
Skreddy Pedals,Juicy Pig,Fuzz,NEEDED,NEEDED,NEEDED,
Skreddy Pedals,Klipper,Fuzz / Overdrive,NEEDED,NEEDED,NEEDED,
Skreddy Pedals,Kusanagi,Fuzz,NEEDED,NEEDED,NEEDED,
Skreddy Pedals,Lunar Module Mini Deluxe,Fuzz / Overdrive,NEEDED,NEEDED,NEEDED,
Skreddy Pedals,Major Overdrive,Overdrive,NEEDED,NEEDED,NEEDED,
Skreddy Pedals,Martian Tarantula,Fuzz,NEEDED,NEEDED,NEEDED,
Skreddy Pedals,Mayo MkIII,Fuzz,NEEDED,NEEDED,NEEDED,
Skreddy Pedals,Mayonaise MkIII,Fuzz,NEEDED,NEEDED,NEEDED,
Skreddy Pedals,P19,Fuzz,NEEDED,NEEDED,NEEDED,
Skreddy Pedals,Perestroika,Distortion / Fuzz,NEEDED,NEEDED,NEEDED,
Skreddy Pedals,Pig Mine,Fuzz,NEEDED,NEEDED,NEEDED,
Skreddy Pedals,Pink Flesh,Distortion / Fuzz,NEEDED,NEEDED,NEEDED,
Skreddy Pedals,ROVER Fuzz,Distortion / Fuzz,NEEDED,NEEDED,NEEDED,
Skreddy Pedals,Rubber Soul,Overdrive,NEEDED,NEEDED,NEEDED,
Skreddy Pedals,Rust Rod,Fuzz,NEEDED,NEEDED,NEEDED,
Skreddy Pedals,Screw Driver Mini Dlx,Overdrive,NEEDED,NEEDED,NEEDED,
Skreddy Pedals,Serenity Fuzzdrive,Distortion / Fuzz / Overdrive,NEEDED,NEEDED,NEEDED,
Skreddy Pedals,Skunk Drive,Fuzz / Overdrive,NEEDED,NEEDED,NEEDED,
Skreddy Pedals,Supa Tone,Distortion / Fuzz,NEEDED,NEEDED,NEEDED,
Skreddy Pedals,Super 100,Overdrive,NEEDED,NEEDED,NEEDED,
Skreddy Pedals,Top Fuel,Distortion / Fuzz,NEEDED,NEEDED,NEEDED,
Skreddy Pedals,Twangophile,Overdrive,NEEDED,NEEDED,NEEDED,
Skreddy Pedals,ZERO,Fuzz,NEEDED,NEEDED,NEEDED,
Smallsound/Bigsound,Fuck,Distortion,NEEDED,NEEDED,NEEDED,
Smallsound/Bigsound,Mini,Fuzz / Overdrive,NEEDED,NEEDED,NEEDED,
Smallsound/Bigsound,Year of the Rat,Fuzz,NEEDED,NEEDED,NEEDED,
SolidGoldFX,76 MKII,Fuzz,NEEDED,NEEDED,NEEDED,
SolidGoldFX,BETA-V Bass Preamp,Overdrive,NEEDED,NEEDED,NEEDED,
SolidGoldFX,Commodore Overdrive,Overdrive,NEEDED,NEEDED,NEEDED,
SolidGoldFX,Fuzzbox,Fuzz,NEEDED,NEEDED,NEEDED,
SolidGoldFX,If 6 Was 9 BC183 MKII,Fuzz,NEEDED,NEEDED,NEEDED,
SolidGoldFX,Imperial MKII,Fuzz,NEEDED,NEEDED,NEEDED,
SolidGoldFX,Lysis MKII,Fuzz,NEEDED,NEEDED,NEEDED,
Spaceman Effects,Apollo VIIb,Distortion / Fuzz / Overdrive,NEEDED,NEEDED,NEEDED,
Spaceman Effects,Apollo VIIb Cadet,Distortion / Fuzz / Overdrive,NEEDED,NEEDED,NEEDED,
Spaceman Effects,Charon,Fuzz,NEEDED,NEEDED,NEEDED,
Spaceman Effects,Charon v2 Mod,Fuzz,NEEDED,NEEDED,NEEDED,
Spaceman Effects,Gemini IV,Fuzz,NEEDED,NEEDED,NEEDED,
Spaceman Effects,Polaris,Overdrive,NEEDED,NEEDED,NEEDED,
Spaceman Effects,Rumblefuzz II,Distortion / Fuzz / Overdrive,NEEDED,NEEDED,NEEDED,
Spaceman Effects,Saturn VI,Distortion / Fuzz / Overdrive,NEEDED,NEEDED,NEEDED,
Spaceman Effects,Spacerocket II,Distortion / Fuzz / Overdrive,NEEDED,NEEDED,NEEDED,
Spaceman Effects,Sputnik I,Distortion / Fuzz / Overdrive,NEEDED,NEEDED,NEEDED,
Spaceman Effects,Sputnik III,Fuzz,NEEDED,NEEDED,NEEDED,
Spaceman Effects,Titan II,Distortion / Fuzz / Overdrive,NEEDED,NEEDED,NEEDED,
Stomp Under Foot,Alabaster,Fuzz,NEEDED,NEEDED,NEEDED,
Stomp Under Foot,Amherst,Fuzz,NEEDED,NEEDED,NEEDED,
Stomp Under Foot,Astoria,Fuzz,NEEDED,NEEDED,NEEDED,
Stomp Under Foot,Black Russian,Fuzz,NEEDED,NEEDED,NEEDED,
Stomp Under Foot,Brit Box,Distortion,NEEDED,NEEDED,NEEDED,
Stomp Under Foot,Civil Unrest,Fuzz,NEEDED,NEEDED,NEEDED,
Stomp Under Foot,Civil War,Fuzz,NEEDED,NEEDED,NEEDED,
Stomp Under Foot,Demogorgon,Fuzz,NEEDED,NEEDED,NEEDED,
Stomp Under Foot,Dirt Preacher,Fuzz,NEEDED,NEEDED,NEEDED,
Stomp Under Foot,Dirty Rooster,Fuzz,NEEDED,NEEDED,NEEDED,
Stomp Under Foot,Divided Drive,Distortion,NEEDED,NEEDED,NEEDED,
Stomp Under Foot,Elk Super Fuzz,Fuzz,NEEDED,NEEDED,NEEDED,
Stomp Under Foot,Full Powered Halo,Distortion / Overdrive,NEEDED,NEEDED,NEEDED,
Stomp Under Foot,Fuzz Master 3,Fuzz,NEEDED,NEEDED,NEEDED,
Stomp Under Foot,Green Russian,Fuzz,NEEDED,NEEDED,NEEDED,
Stomp Under Foot,Guv'nor,Distortion,NEEDED,NEEDED,NEEDED,
Stomp Under Foot,Halo Bender,Distortion,NEEDED,NEEDED,NEEDED,
Stomp Under Foot,Hellephant,Fuzz,NEEDED,NEEDED,NEEDED,
Stomp Under Foot,Iron Tusk,Fuzz,NEEDED,NEEDED,NEEDED,
Stomp Under Foot,La Scatola Nero,Fuzz,NEEDED,NEEDED,NEEDED,
Stomp Under Foot,Motor Honey Superdrive,Overdrive,NEEDED,NEEDED,NEEDED,
Stomp Under Foot,Overdrive 8-Fifty,Overdrive,NEEDED,NEEDED,NEEDED,
Stomp Under Foot,Overdrive 8-Fifty Vintage Mini,Overdrive,NEEDED,NEEDED,NEEDED,
Stomp Under Foot,Pumpkin Pi,Fuzz,NEEDED,NEEDED,NEEDED,
Stomp Under Foot,Ram's Head,Fuzz,NEEDED,NEEDED,NEEDED,
Stomp Under Foot,Red Army,Fuzz,NEEDED,NEEDED,NEEDED,
Stomp Under Foot,Red Army Vintage Mini,Fuzz,NEEDED,NEEDED,NEEDED,
Stomp Under Foot,Red Menace,Fuzz,NEEDED,NEEDED,NEEDED,
Stomp Under Foot,Red Menace Vintage Mini,Fuzz,NEEDED,NEEDED,NEEDED,
Stomp Under Foot,Rhinosaur,Fuzz,NEEDED,NEEDED,NEEDED,
Stomp Under Foot,Serenity Overdrive,Overdrive,NEEDED,NEEDED,NEEDED,
Stomp Under Foot,Silver Foxx,Fuzz,NEEDED,NEEDED,NEEDED,
Stomp Under Foot,Skinner Box,Distortion,NEEDED,NEEDED,NEEDED,
Stomp Under Foot,Son Of A Bee,Fuzz,NEEDED,NEEDED,NEEDED,
Stomp Under Foot,Sonic Generator,Fuzz,NEEDED,NEEDED,NEEDED,
Stomp Under Foot,Sonic Warfare,Fuzz,NEEDED,NEEDED,NEEDED,
Stomp Under Foot,Supa Dirty Rooster,Fuzz,NEEDED,NEEDED,NEEDED,
Stomp Under Foot,The Shag MkII,Fuzz,NEEDED,NEEDED,NEEDED,
Stomp Under Foot,The Shag MkIII,Fuzz,NEEDED,NEEDED,NEEDED,
Stomp Under Foot,Tri-Muff,Fuzz,NEEDED,NEEDED,NEEDED,
Stomp Under Foot,Ultra 47 Ram's Head,Fuzz,NEEDED,NEEDED,NEEDED,
Stomp Under Foot,Violet Menace,Fuzz,NEEDED,NEEDED,NEEDED,
Stomp Under Foot,Violet Menace Ram's Head,Fuzz,NEEDED,NEEDED,NEEDED,
Stomp Under Foot,Windhand Fuzz,Fuzz,NEEDED,NEEDED,NEEDED,
Stone Deaf FX,PDF-1X Ghost,Distortion / Overdrive,NEEDED,NEEDED,NEEDED,
Stone Deaf FX,PDF-2,Distortion / Fuzz / Overdrive,NEEDED,NEEDED,NEEDED,
Strymon,Canoga Vintage Silicon Fuzz,Distortion / Fuzz,NEEDED,NEEDED,NEEDED,
Strymon,Deco Tape Saturation & Doubletracker,Overdrive,NEEDED,NEEDED,NEEDED,
Strymon,Fairfax Class A Output Stage Drive,Overdrive,NEEDED,NEEDED,NEEDED,
Strymon,none identified,Distortion / Fuzz / Overdrive,NEEDED,NEEDED,NEEDED,
Strymon,Riverside Drive & Distortion,Distortion / Overdrive,NEEDED,NEEDED,NEEDED,
Strymon,Sunset Dual Overdrive,Overdrive,NEEDED,NEEDED,NEEDED,
Subdecay,Blackstar – Ultimate Overdrive,Overdrive,NEEDED,NEEDED,NEEDED,
Subdecay,Gain Theory Overdrive,Overdrive,NEEDED,NEEDED,NEEDED,
Subdecay,Harmonic Antagonizer,Fuzz,NEEDED,NEEDED,NEEDED,
Subdecay,Liquid Sunshine,Overdrive,NEEDED,NEEDED,NEEDED,
Subdecay,Noise Theory – Parallel Waveshaper Fuzz,Fuzz,NEEDED,NEEDED,NEEDED,
Subdecay,Supernova Drive,Overdrive,NEEDED,NEEDED,NEEDED,
Subdecay,Variac Overdrive,Overdrive,NEEDED,NEEDED,NEEDED,
Subdecay,Vector – Analog Preamp,Distortion / Fuzz / Overdrive,NEEDED,NEEDED,NEEDED,
Suhr,Eclipse,Distortion / Overdrive,NEEDED,NEEDED,NEEDED,
Suhr,Kiko Loureiro Signature Shiba Drive Reloaded,Overdrive,NEEDED,NEEDED,NEEDED,
Suhr,Riot,Distortion,NEEDED,NEEDED,NEEDED,
Suhr,Riot Mini,Distortion,NEEDED,NEEDED,NEEDED,
Suhr,Riot Reloaded,Distortion,NEEDED,NEEDED,NEEDED,
Suhr,Rufus Fuzz,Fuzz,NEEDED,NEEDED,NEEDED,
Suhr,Rufus Reloaded Fuzz,Fuzz,NEEDED,NEEDED,NEEDED,
Suhr,Shiba Drive,Overdrive,NEEDED,NEEDED,NEEDED,
Suhr,Shiba Mini,Overdrive,NEEDED,NEEDED,NEEDED,
Suhr,Thornicus Fuzz,Fuzz,NEEDED,NEEDED,NEEDED,
Supro,Supro Fuzz,Fuzz,NEEDED,NEEDED,NEEDED,
Tallon Electric,ABR-OD,Overdrive,NEEDED,NEEDED,NEEDED,
Tallon Electric,The Hog,Distortion / Overdrive,NEEDED,NEEDED,NEEDED,
TC Electronic,Cinders Overdrive,Overdrive,NEEDED,NEEDED,NEEDED,
TC Electronic,Dark Matter Distortion,Distortion,NEEDED,NEEDED,NEEDED,
TC Electronic,El Cambo Overdrive,Overdrive,NEEDED,NEEDED,NEEDED,
TC Electronic,Eyemaster Metal Distortion,Distortion,NEEDED,NEEDED,NEEDED,
TC Electronic,Fangs Metal Distortion,Distortion,NEEDED,NEEDED,NEEDED,
TC Electronic,Grand Magus Distortion,Distortion,NEEDED,NEEDED,NEEDED,
TC Electronic,Honey Pot Fuzz,Fuzz,NEEDED,NEEDED,NEEDED,
TC Electronic,Magus Pro,Distortion,NEEDED,NEEDED,NEEDED,
TC Electronic,MojoMojo Overdrive,Overdrive,NEEDED,NEEDED,NEEDED,
TC Electronic,MojoMojo Paul Gilbert Signature Overdrive,Overdrive,NEEDED,NEEDED,NEEDED,
TC Electronic,none identified,Fuzz,NEEDED,NEEDED,NEEDED,
TC Electronic,Nova Drive,Distortion / Overdrive,NEEDED,NEEDED,NEEDED,
TC Electronic,Röttweiler Distortion,Distortion,NEEDED,NEEDED,NEEDED,
TC Electronic,Rusty Fuzz,Fuzz,NEEDED,NEEDED,NEEDED,
TC Electronic,Tube Pilot Overdrive,Overdrive,NEEDED,NEEDED,NEEDED,
TC Electronic,Vintage Distortion,Distortion,NEEDED,NEEDED,NEEDED,
TC Electronic,Vintage Dual Distortion,Distortion,NEEDED,NEEDED,NEEDED,
TC Electronic,Vintage Overdrive,Overdrive,NEEDED,NEEDED,NEEDED,
TC Electronic,VPD1 Vintage Pre-Drive,Overdrive,NEEDED,NEEDED,NEEDED,
TC Electronic,Zeus Drive,Overdrive,NEEDED,NEEDED,NEEDED,
Tech 21 NYC,Bass Boost Fuzz,Fuzz,NEEDED,NEEDED,NEEDED,
Tech 21 NYC,Boost Distortion,Distortion,NEEDED,NEEDED,NEEDED,
Tech 21 NYC,Boost Fuzz,Fuzz,NEEDED,NEEDED,NEEDED,
Tech 21 NYC,Boost Overdrive,Overdrive,NEEDED,NEEDED,NEEDED,
Tech 21 NYC,Double Drive,Distortion / Overdrive,NEEDED,NEEDED,NEEDED,
Tech 21 NYC,Double Drive 3X,Distortion / Overdrive,NEEDED,NEEDED,NEEDED,
Tech 21 NYC,Hot-Rod Plexi,Distortion / Overdrive,NEEDED,NEEDED,NEEDED,
Tech 21 NYC,Red Ripper,Distortion / Fuzz,NEEDED,NEEDED,NEEDED,
Tech 21 NYC,Richie Kotzen Signature OMG,Fuzz / Overdrive,NEEDED,NEEDED,NEEDED,
Tech 21 NYC,XXL Bass,Distortion / Fuzz,NEEDED,NEEDED,NEEDED,
Tech 21 NYC,XXL Guitar,Distortion / Fuzz,NEEDED,NEEDED,NEEDED,
Tech 21 NYC,XXL Original,Distortion / Fuzz,NEEDED,NEEDED,NEEDED,
ThorpyFX,Bunker,Overdrive,NEEDED,NEEDED,NEEDED,
ThorpyFX,BUNKER,Distortion / Fuzz / Overdrive,NEEDED,NEEDED,NEEDED,
ThorpyFX,BUNKER — Plexi Overdrive,Distortion / Fuzz / Overdrive,NEEDED,NEEDED,NEEDED,
ThorpyFX,Cogmeister,Distortion / Fuzz / Overdrive,NEEDED,NEEDED,NEEDED,
ThorpyFX,Electric Lightning,Overdrive,NEEDED,NEEDED,NEEDED,
ThorpyFX,ELECTRIC LIGHTNING,Distortion / Fuzz / Overdrive,NEEDED,NEEDED,NEEDED,
ThorpyFX,ELECTRIC LIGHTNING — Valve Overdrive,Distortion / Fuzz / Overdrive,NEEDED,NEEDED,NEEDED,
ThorpyFX,Fallout Cloud,Fuzz,NEEDED,NEEDED,NEEDED,
ThorpyFX,FIELD MARSHAL,Distortion / Fuzz / Overdrive,NEEDED,NEEDED,NEEDED,
ThorpyFX,FIELD MARSHAL — Fuzz,Distortion / Fuzz / Overdrive,NEEDED,NEEDED,NEEDED,
ThorpyFX,Gunshot,Overdrive,NEEDED,NEEDED,NEEDED,
ThorpyFX,Hanami,Fuzz,NEEDED,NEEDED,NEEDED,
ThorpyFX,Judge Death Deathbringer,Distortion / Fuzz / Overdrive,NEEDED,NEEDED,NEEDED,
ThorpyFX,Judge Dredd Lawbringer,Overdrive,NEEDED,NEEDED,NEEDED,
ThorpyFX,Kudu,Overdrive,NEEDED,NEEDED,NEEDED,
ThorpyFX,Old Timer,Fuzz,NEEDED,NEEDED,NEEDED,
ThorpyFX,Peacekeeper,Overdrive,NEEDED,NEEDED,NEEDED,
ThorpyFX,Rogue Trooper Fallout Cloud,Fuzz,NEEDED,NEEDED,NEEDED,
ThorpyFX,SCARLET TUNIC,Distortion / Fuzz / Overdrive,NEEDED,NEEDED,NEEDED,
ThorpyFX,SCARLET TUNIC — Amp Emulator with drive/gain function,Distortion / Fuzz / Overdrive,NEEDED,NEEDED,NEEDED,
ThorpyFX,Shaftesbury Duo Fuzz,Fuzz,NEEDED,NEEDED,NEEDED,
ThorpyFX,Shaftesbury Duo Fuzz — standard / Heritage versions consolidated,Fuzz,NEEDED,NEEDED,NEEDED,
ThorpyFX,Six Zero,Fuzz,NEEDED,NEEDED,NEEDED,
ThorpyFX,The DANE,Distortion / Fuzz / Overdrive,NEEDED,NEEDED,NEEDED,
ThorpyFX,THE DANE — Dual Drive Boost,Distortion / Fuzz / Overdrive,NEEDED,NEEDED,NEEDED,
ThorpyFX,The Dane MKI,Overdrive,NEEDED,NEEDED,NEEDED,
ThorpyFX,The J,Distortion / Fuzz / Overdrive,NEEDED,NEEDED,NEEDED,
ThorpyFX,THE J — Lazy J x ThorpyFX collaboration,Distortion / Fuzz / Overdrive,NEEDED,NEEDED,NEEDED,
ThorpyFX,The KUDU,Distortion / Fuzz / Overdrive,NEEDED,NEEDED,NEEDED,
ThorpyFX,The KUDU — Overdrive,Distortion / Fuzz / Overdrive,NEEDED,NEEDED,NEEDED,
ThorpyFX,The OLD TIMER,Distortion / Fuzz / Overdrive,NEEDED,NEEDED,NEEDED,
ThorpyFX,THE OLD TIMER — 3-in-1 pedal with drive section,Distortion / Fuzz / Overdrive,NEEDED,NEEDED,NEEDED,
ThorpyFX,Warthog,Distortion / Fuzz / Overdrive,NEEDED,NEEDED,NEEDED,
ThorpyFX,WOPR,Fuzz,NEEDED,NEEDED,NEEDED,
Tone City,Golden Plexi,Overdrive,NEEDED,NEEDED,NEEDED,
Tone City,King of Blues,Overdrive,NEEDED,NEEDED,NEEDED,
Tone Hungry Effects,Fuzz Cream,Fuzz,NEEDED,NEEDED,NEEDED,
Tone Hungry Effects,Hot Molasses Mini Overdrive,Overdrive,NEEDED,NEEDED,NEEDED,
Tone Hungry Effects,Hunger Bender,Fuzz,NEEDED,NEEDED,NEEDED,
TONECAT,Brutus,Overdrive,NEEDED,NEEDED,NEEDED,
TONECAT,Cutthroat Kitty Distortion,Distortion,NEEDED,NEEDED,NEEDED,
TONECAT,Fuzz a l’Huile Silicon Fuzz,Fuzz,NEEDED,NEEDED,NEEDED,
TONECAT,Hugo Overdrive,Overdrive,NEEDED,NEEDED,NEEDED,
TONECAT,Lola Drive,Distortion / Overdrive,NEEDED,NEEDED,NEEDED,
TONECAT,Luna Overdrive,Overdrive,NEEDED,NEEDED,NEEDED,
TONECAT,Sir Fuzzington,Fuzz / Overdrive,NEEDED,NEEDED,NEEDED,
TONECAT,Ziggy Fuzz,Fuzz,NEEDED,NEEDED,NEEDED,
Toneczar,Openhaus,Distortion / Fuzz,NEEDED,NEEDED,NEEDED,
Tribute Audio Designs,The Classy Lady,Overdrive,NEEDED,NEEDED,NEEDED,
Union Tube & Transistor,Beelzebuzz,Distortion,NEEDED,NEEDED,NEEDED,
Union Tube & Transistor,Sone Bender,Fuzz,NEEDED,NEEDED,NEEDED,
Union Tube & Transistor,Swindle,Fuzz / Overdrive,NEEDED,NEEDED,NEEDED,
Union Tube & Transistor,Tone Druid,Overdrive,NEEDED,NEEDED,NEEDED,
Union Tube & Transistor,Tone Druid+,Overdrive,NEEDED,NEEDED,NEEDED,
Union Tube & Transistor,Tour Bender,Fuzz,NEEDED,NEEDED,NEEDED,
Union Tube & Transistor,Tsar Bomba,Fuzz,NEEDED,NEEDED,NEEDED,
Universal Amplifier Corp,Astrotone,Fuzz,NEEDED,NEEDED,NEEDED,
Universal Amplifier Corp,Fuzzz Boxx,Fuzz,NEEDED,NEEDED,NEEDED,
Vemuram,Butter Machine,Distortion,NEEDED,NEEDED,NEEDED,
Vemuram,Butter Machine — Michael Landau Signature Distortion,Distortion,NEEDED,NEEDED,NEEDED,
Vemuram,DJ1,Distortion,NEEDED,NEEDED,NEEDED,
Vemuram,DJ1 — overdrive / distortion bass-effects identity,Distortion,NEEDED,NEEDED,NEEDED,
Vemuram,Galea,Overdrive,NEEDED,NEEDED,NEEDED,
Vemuram,Galea — overdrive,Overdrive,NEEDED,NEEDED,NEEDED,
Vemuram,Jan Ray,Overdrive,NEEDED,NEEDED,NEEDED,
Vemuram,Jan Ray — overdrive,Overdrive,NEEDED,NEEDED,NEEDED,
Vemuram,Jan Ray EXP-Mod,Overdrive,NEEDED,NEEDED,NEEDED,
Vemuram,Jan Ray EXP-Mod — overdrive,Overdrive,NEEDED,NEEDED,NEEDED,
Vemuram,Jan Ray for Mateus Asato,Overdrive,NEEDED,NEEDED,NEEDED,
Vemuram,Jan Ray for Mateus Asato — overdrive,Overdrive,NEEDED,NEEDED,NEEDED,
Vemuram,Jan Ray for TF,Overdrive,NEEDED,NEEDED,NEEDED,
Vemuram,Jan Ray for TF — overdrive,Overdrive,NEEDED,NEEDED,NEEDED,
Vemuram,Karen,Overdrive,NEEDED,NEEDED,NEEDED,
Vemuram,Karen — overdrive,Overdrive,NEEDED,NEEDED,NEEDED,
Vemuram,Las Lunas,Distortion,NEEDED,NEEDED,NEEDED,
Vemuram,Las Lunas — distortion,Distortion,NEEDED,NEEDED,NEEDED,
Vemuram,Myriad,Fuzz,NEEDED,NEEDED,NEEDED,
Vemuram,Myriad — fuzz / hybrid fuzz + loop identity,Fuzz,NEEDED,NEEDED,NEEDED,
Vemuram,Myriad Fuzz,Fuzz,NEEDED,NEEDED,NEEDED,
Vemuram,Myriad Fuzz — fuzz,Fuzz,NEEDED,NEEDED,NEEDED,
Vemuram,Myriad w/loop Fuzz Pedal,Fuzz,NEEDED,NEEDED,NEEDED,
Vemuram,Myriad w/loop Fuzz Pedal — fuzz / loop-mix identity,Fuzz,NEEDED,NEEDED,NEEDED,
Vemuram,Oz,Fuzz,NEEDED,NEEDED,NEEDED,
Vemuram,Oz — fuzz,Fuzz,NEEDED,NEEDED,NEEDED,
Vemuram,Rage e,Overdrive,NEEDED,NEEDED,NEEDED,
Vemuram,Rage e — overdrive,Overdrive,NEEDED,NEEDED,NEEDED,
Vemuram,Shanks 4K,Fuzz,NEEDED,NEEDED,NEEDED,
Vemuram,Shanks 4K — fuzz,Fuzz,NEEDED,NEEDED,NEEDED,
Vemuram,SHANKS II,Fuzz,NEEDED,NEEDED,NEEDED,
Vemuram,SHANKS II — fuzz,Fuzz,NEEDED,NEEDED,NEEDED,
Vemuram,SHANKS ODS-1,Overdrive,NEEDED,NEEDED,NEEDED,
Vemuram,SHANKS ODS-1 — overdrive,Overdrive,NEEDED,NEEDED,NEEDED,
Vemuram,Spiritone Char Signature,Overdrive,NEEDED,NEEDED,NEEDED,
Vemuram,Spiritone Char Signature — overdrive,Overdrive,NEEDED,NEEDED,NEEDED,
Vertex Effects,Steel String,Overdrive,NEEDED,NEEDED,NEEDED,
Vertex Effects,Ultra Phonix,Overdrive,NEEDED,NEEDED,NEEDED,
VFE Pedals,Alpha Dog,Distortion,NEEDED,NEEDED,NEEDED,
VFE Pedals,Blues King,Overdrive,NEEDED,NEEDED,NEEDED,
VFE Pedals,Dark Horse,Distortion,NEEDED,NEEDED,NEEDED,
VFE Pedals,Distortion3,Distortion / Overdrive,NEEDED,NEEDED,NEEDED,
VFE Pedals,Dragon,Overdrive,NEEDED,NEEDED,NEEDED,
VFE Pedals,Dragon Hound,Distortion / Overdrive,NEEDED,NEEDED,NEEDED,
VFE Pedals,Fiery Red Horse,Distortion / Fuzz,NEEDED,NEEDED,NEEDED,
VFE Pedals,Fuzz Duo,Fuzz,NEEDED,NEEDED,NEEDED,
VFE Pedals,Killer Rabbit,Distortion / Fuzz,NEEDED,NEEDED,NEEDED,
VFE Pedals,Merman,Overdrive,NEEDED,NEEDED,NEEDED,
VFE Pedals,Pale Horse,Overdrive,NEEDED,NEEDED,NEEDED,
VFE Pedals,Proto OD,Overdrive,NEEDED,NEEDED,NEEDED,
VFE Pedals,RUP mkII,Distortion,NEEDED,NEEDED,NEEDED,
VFE Pedals,The Scream,Overdrive,NEEDED,NEEDED,NEEDED,
VFE Pedals,The Triplet,Distortion,NEEDED,NEEDED,NEEDED,
VFE Pedals,Tiamat,Overdrive,NEEDED,NEEDED,NEEDED,
VFE Pedals,Triumvirate,Distortion,NEEDED,NEEDED,NEEDED,
VFE Pedals,Woodchipper,Fuzz,NEEDED,NEEDED,NEEDED,
Vick Audio,73 Ram's Head,Fuzz,NEEDED,NEEDED,NEEDED,
Vick Audio,V2 Violet Ram,Fuzz,NEEDED,NEEDED,NEEDED,
Visual Sound / Truetone,Angry Fuzz,Fuzz,NEEDED,NEEDED,NEEDED,
Visual Sound / Truetone,Custom Shop Overdrive,Overdrive,NEEDED,NEEDED,NEEDED,
Visual Sound / Truetone,Double Trouble,Overdrive,NEEDED,NEEDED,NEEDED,
Visual Sound / Truetone,Drivetrain / GarageTone Drivetrain,Overdrive,NEEDED,NEEDED,NEEDED,
Visual Sound / Truetone,GarageTone Chainsaw Distortion,Distortion,NEEDED,NEEDED,NEEDED,
Visual Sound / Truetone,Jekyll & Hyde,Distortion / Overdrive,NEEDED,NEEDED,NEEDED,
Visual Sound / Truetone,Jekyll & Hyde (original),Distortion,NEEDED,NEEDED,NEEDED,
Visual Sound / Truetone,Open Road,Overdrive,NEEDED,NEEDED,NEEDED,
Visual Sound / Truetone,Route 66,Overdrive,NEEDED,NEEDED,NEEDED,
Visual Sound / Truetone,Route 66 American Overdrive,Overdrive,NEEDED,NEEDED,NEEDED,
Visual Sound / Truetone,Route 808,Overdrive,NEEDED,NEEDED,NEEDED,
Visual Sound / Truetone,Son of Hyde,Distortion,NEEDED,NEEDED,NEEDED,
Visual Sound / Truetone,V2 Jekyll & Hyde,Distortion / Overdrive,NEEDED,NEEDED,NEEDED,
Visual Sound / Truetone,V2 Route 66,Overdrive,NEEDED,NEEDED,NEEDED,
Visual Sound / Truetone,V2 Son of Hyde,Distortion,NEEDED,NEEDED,NEEDED,
Visual Sound / Truetone,V3 VS-XO,Overdrive,NEEDED,NEEDED,NEEDED,
Visual Sound / Truetone,Vans Warped Distortion,Distortion,NEEDED,NEEDED,NEEDED,
Visual Sound / Truetone,VS-XO,Overdrive,NEEDED,NEEDED,NEEDED,
Voodoo Lab,GIGGITY,Overdrive,NEEDED,NEEDED,NEEDED,
Voodoo Lab,none,Distortion,NEEDED,NEEDED,NEEDED,
Voodoo Lab,Proctavia,Fuzz,NEEDED,NEEDED,NEEDED,
Voodoo Lab,Sparkle Drive,Overdrive,NEEDED,NEEDED,NEEDED,
Voodoo Lab,Sparkle Drive MOD,Distortion / Overdrive,NEEDED,NEEDED,NEEDED,
Voodoo Lab,Superfuzz,Fuzz,NEEDED,NEEDED,NEEDED,
VOX,Big Ben Overdrive,Overdrive,NEEDED,NEEDED,NEEDED,
VOX,Bulldog Distortion,Distortion,NEEDED,NEEDED,NEEDED,
VOX,Copperhead Drive,Distortion / Overdrive,NEEDED,NEEDED,NEEDED,
VOX,Cutting Edge,Distortion / Overdrive,NEEDED,NEEDED,NEEDED,
VOX,Fuel Injector,Overdrive,NEEDED,NEEDED,NEEDED,
VOX,Ice 9 Overdrive,Overdrive,NEEDED,NEEDED,NEEDED,
VOX,Mystic Edge,Distortion / Overdrive,NEEDED,NEEDED,NEEDED,
VOX,Satchurator,Distortion,NEEDED,NEEDED,NEEDED,
VOX,Silk Drive,Overdrive,NEEDED,NEEDED,NEEDED,
VOX,Straight 6 Drive,Overdrive,NEEDED,NEEDED,NEEDED,
VOX,Trike Fuzz,Fuzz,NEEDED,NEEDED,NEEDED,
VOX,V8 Distortion,Distortion,NEEDED,NEEDED,NEEDED,
VOX,V810 Valvetone,Overdrive,NEEDED,NEEDED,NEEDED,
VOX,V828 Tone Bender,Fuzz,NEEDED,NEEDED,NEEDED,
VOX,V829 Tone Bender,Fuzz,NEEDED,NEEDED,NEEDED,
VOX,V830 Distortion Booster,Fuzz,NEEDED,NEEDED,NEEDED,
VOX,VFZ-1 Fuzz,Fuzz / Overdrive,NEEDED,NEEDED,NEEDED,
VOX,VOX 7001 Distortion,Distortion,NEEDED,NEEDED,NEEDED,
Walrus Audio,385 Overdrive,Overdrive,NEEDED,NEEDED,NEEDED,
Walrus Audio,385 Overdrive MKII,Distortion / Fuzz / Overdrive,NEEDED,NEEDED,NEEDED,
Walrus Audio,385 Overdrive MKII — Overdrive,Distortion / Fuzz,NEEDED,NEEDED,NEEDED,
Walrus Audio,Ages Five-State Overdrive,Distortion / Fuzz / Overdrive,NEEDED,NEEDED,NEEDED,
Walrus Audio,Ages Five-State Overdrive — Overdrive,Distortion / Fuzz,NEEDED,NEEDED,NEEDED,
Walrus Audio,Badwater Bass Pre-amp and D.I,Overdrive,NEEDED,NEEDED,NEEDED,
Walrus Audio,Contraband Fuzz,Fuzz,NEEDED,NEEDED,NEEDED,
Walrus Audio,Eons Five-State Fuzz,Distortion / Fuzz / Overdrive,NEEDED,NEEDED,NEEDED,
Walrus Audio,Eons Five-State Fuzz — Fuzz,Distortion / Overdrive,NEEDED,NEEDED,NEEDED,
Walrus Audio,Eras Five-State Distortion,Distortion / Fuzz / Overdrive,NEEDED,NEEDED,NEEDED,
Walrus Audio,Eras Five-State Distortion — Distortion,Fuzz / Overdrive,NEEDED,NEEDED,NEEDED,
Walrus Audio,Fundamental Series Distortion,Distortion,NEEDED,NEEDED,NEEDED,
Walrus Audio,Fundamental Series Drive,Overdrive,NEEDED,NEEDED,NEEDED,
Walrus Audio,Fundamental Series Fuzz,Fuzz,NEEDED,NEEDED,NEEDED,
Walrus Audio,Iron Horse LM308 Distortion,Distortion / Fuzz / Overdrive,NEEDED,NEEDED,NEEDED,
Walrus Audio,Iron Horse LM308 Distortion — Distortion,Fuzz / Overdrive,NEEDED,NEEDED,NEEDED,
Walrus Audio,Janus Fuzz/Tremolo with Joystick Control,Distortion / Fuzz / Overdrive,NEEDED,NEEDED,NEEDED,
Walrus Audio,Janus Fuzz/Tremolo with Joystick Control — Fuzz,Distortion / Overdrive,NEEDED,NEEDED,NEEDED,
Walrus Audio,Jupiter Multi-Clip Fuzz V2,Fuzz,NEEDED,NEEDED,NEEDED,
Walrus Audio,Kangra Filter Fuzz,Fuzz,NEEDED,NEEDED,NEEDED,
Walrus Audio,Mayflower Mid-Range Overdrive,Overdrive,NEEDED,NEEDED,NEEDED,
Walrus Audio,Melee: Wall of Noise,Distortion / Fuzz / Overdrive,NEEDED,NEEDED,NEEDED,
Walrus Audio,Melee: Wall of Noise — Distortion + Reverb,Distortion / Fuzz / Overdrive,NEEDED,NEEDED,NEEDED,
Walrus Audio,Messner Stage-One Overdrive,Overdrive,NEEDED,NEEDED,NEEDED,
Walrus Audio,Silt Harmonic Fuzz,Distortion / Fuzz / Overdrive,NEEDED,NEEDED,NEEDED,
Walrus Audio,Silt Harmonic Fuzz — Fuzz,Distortion / Overdrive,NEEDED,NEEDED,NEEDED,
Walrus Audio,Voyager Preamp/Overdrive,Overdrive,NEEDED,NEEDED,NEEDED,
Walrus Audio,Voyager Preamp/Overdrive MKII,Distortion / Fuzz / Overdrive,NEEDED,NEEDED,NEEDED,
Walrus Audio,Voyager Preamp/Overdrive MKII — Overdrive,Distortion / Fuzz,NEEDED,NEEDED,NEEDED,
Walrus Audio,Warhorn Mid-Range Overdrive,Overdrive,NEEDED,NEEDED,NEEDED,
Wampler Pedals,Andy Wood: Gearbox,Distortion / Overdrive,NEEDED,NEEDED,NEEDED,
Wampler Pedals,Belle Overdrive,Distortion / Overdrive,NEEDED,NEEDED,NEEDED,
Wampler Pedals,Black '65,Overdrive,NEEDED,NEEDED,NEEDED,
Wampler Pedals,Black ’65 Limited Edition,Distortion / Overdrive,NEEDED,NEEDED,NEEDED,
Wampler Pedals,Brad Paisley: Paisley Deluxe,Distortion / Overdrive,NEEDED,NEEDED,NEEDED,
Wampler Pedals,Brad Paisley: Paisley Drive,Distortion / Overdrive,NEEDED,NEEDED,NEEDED,
Wampler Pedals,Brent Mason: Hot Wired v2,Distortion / Overdrive,NEEDED,NEEDED,NEEDED,
Wampler Pedals,Brent Mason: ReWired,Distortion / Overdrive,NEEDED,NEEDED,NEEDED,
Wampler Pedals,cataPulp,Distortion / Overdrive,NEEDED,NEEDED,NEEDED,
Wampler Pedals,Clarksdale,Overdrive,NEEDED,NEEDED,NEEDED,
Wampler Pedals,Cryptid Fuzz,Fuzz,NEEDED,NEEDED,NEEDED,
Wampler Pedals,Dracarys Distortion,Distortion / Overdrive,NEEDED,NEEDED,NEEDED,
Wampler Pedals,Euphoria Overdrive,Distortion / Overdrive,NEEDED,NEEDED,NEEDED,
Wampler Pedals,Fuzztration,Fuzz,NEEDED,NEEDED,NEEDED,
Wampler Pedals,Germanium Tumnus,Distortion / Overdrive,NEEDED,NEEDED,NEEDED,
Wampler Pedals,Germanium Tumnus Deluxe,Distortion / Overdrive,NEEDED,NEEDED,NEEDED,
Wampler Pedals,Golden Jubilee,Distortion / Overdrive,NEEDED,NEEDED,NEEDED,
Wampler Pedals,Hot Wired,Distortion / Overdrive,NEEDED,NEEDED,NEEDED,
Wampler Pedals,Leviathan Fuzz,Fuzz,NEEDED,NEEDED,NEEDED,
Wampler Pedals,Low Blow,Overdrive,NEEDED,NEEDED,NEEDED,
Wampler Pedals,Low Blow Bass Overdrive,Distortion / Overdrive,NEEDED,NEEDED,NEEDED,
Wampler Pedals,Mofetta,Distortion / Overdrive,NEEDED,NEEDED,NEEDED,
Wampler Pedals,Moxie,Distortion / Overdrive,NEEDED,NEEDED,NEEDED,
Wampler Pedals,Pantheon Deluxe,Distortion / Overdrive,NEEDED,NEEDED,NEEDED,
Wampler Pedals,Pantheon Overdrive,Distortion / Overdrive,NEEDED,NEEDED,NEEDED,
Wampler Pedals,Phenom Distortion,Distortion / Overdrive,NEEDED,NEEDED,NEEDED,
Wampler Pedals,Pinnacle Deluxe v2,Distortion / Overdrive,NEEDED,NEEDED,NEEDED,
Wampler Pedals,Pinnacle Standard,Distortion,NEEDED,NEEDED,NEEDED,
Wampler Pedals,Plexi Drive Deluxe,Overdrive,NEEDED,NEEDED,NEEDED,
Wampler Pedals,Plexi Drive Mini,Distortion / Overdrive,NEEDED,NEEDED,NEEDED,
Wampler Pedals,Plexi-Drive,Overdrive,NEEDED,NEEDED,NEEDED,
Wampler Pedals,Plextortion,Distortion,NEEDED,NEEDED,NEEDED,
Wampler Pedals,Ratsbane,Distortion / Fuzz / Overdrive,NEEDED,NEEDED,NEEDED,
Wampler Pedals,SLOstortion,Distortion,NEEDED,NEEDED,NEEDED,
Wampler Pedals,Sovereign Distortion,Distortion,NEEDED,NEEDED,NEEDED,
Wampler Pedals,tcd,Distortion / Overdrive,NEEDED,NEEDED,NEEDED,
Wampler Pedals,the Compulsion Drive (tcd),Distortion,NEEDED,NEEDED,NEEDED,
Wampler Pedals,The Doctor,Distortion,NEEDED,NEEDED,NEEDED,
Wampler Pedals,Thirty Something,Overdrive,NEEDED,NEEDED,NEEDED,
Wampler Pedals,Tom Quayle: Dual Fusion,Distortion / Overdrive,NEEDED,NEEDED,NEEDED,
Wampler Pedals,Triple Wreck,Distortion / Fuzz,NEEDED,NEEDED,NEEDED,
Wampler Pedals,Triumph Overdrive,Distortion / Overdrive,NEEDED,NEEDED,NEEDED,
Wampler Pedals,Tumnus,Distortion / Overdrive,NEEDED,NEEDED,NEEDED,
Wampler Pedals,Tumnus Deluxe,Distortion / Overdrive,NEEDED,NEEDED,NEEDED,
Wampler Pedals,Tweed '57,Overdrive,NEEDED,NEEDED,NEEDED,
Wampler Pedals,Tweed ’57 Limited Edition,Distortion / Overdrive,NEEDED,NEEDED,NEEDED,
Wampler Pedals,UnderDog,Overdrive,NEEDED,NEEDED,NEEDED,
Wampler Pedals,Velvet Fuzz,Fuzz,NEEDED,NEEDED,NEEDED,
Way Huge,Atreides Weirding Module,Fuzz,NEEDED,NEEDED,NEEDED,
Way Huge,Beer Overdrive,Overdrive,NEEDED,NEEDED,NEEDED,
Way Huge,Camel Toe MkII,Overdrive,NEEDED,NEEDED,NEEDED,
Way Huge,Conquistador Fuzzstortion,Distortion / Fuzz,NEEDED,NEEDED,NEEDED,
Way Huge,Doom Hammer,Fuzz,NEEDED,NEEDED,NEEDED,
Way Huge,Fat Sandwich,Distortion / Overdrive,NEEDED,NEEDED,NEEDED,
Way Huge,Foot Pig,Fuzz,NEEDED,NEEDED,NEEDED,
Way Huge,Fuzz Box,Fuzz,NEEDED,NEEDED,NEEDED,
Way Huge,Geisha Drive,Overdrive,NEEDED,NEEDED,NEEDED,
Way Huge,Green Rhino MkIV,Overdrive,NEEDED,NEEDED,NEEDED,
Way Huge,Green Rhino MkV,Overdrive,NEEDED,NEEDED,NEEDED,
Way Huge,Havalina Germanium Fuzz,Fuzz,NEEDED,NEEDED,NEEDED,
Way Huge,Jumbo Fuzz Swollen Pickle XXX,Fuzz,NEEDED,NEEDED,NEEDED,
Way Huge,Overrated Special,Overdrive,NEEDED,NEEDED,NEEDED,
Way Huge,Pork & Pickle,Fuzz / Overdrive,NEEDED,NEEDED,NEEDED,
Way Huge,Pork Loin,Overdrive,NEEDED,NEEDED,NEEDED,
Way Huge,Red Llama 3.0,Overdrive,NEEDED,NEEDED,NEEDED,
Way Huge,Russian-Pickle,Fuzz,NEEDED,NEEDED,NEEDED,
Way Huge,Saucy Box Overdrive,Overdrive,NEEDED,NEEDED,NEEDED,
Way Huge,Smalls Conspiracy Theory,Overdrive,NEEDED,NEEDED,NEEDED,
Way Huge,Smalls Doom Hammer Fuzz,Fuzz,NEEDED,NEEDED,NEEDED,
Way Huge,Smalls Geisha Drive,Distortion / Overdrive,NEEDED,NEEDED,NEEDED,
Way Huge,Smalls Green Rhino MKV,Overdrive,NEEDED,NEEDED,NEEDED,
Way Huge,Smalls Overrated Special,Overdrive,NEEDED,NEEDED,NEEDED,
Way Huge,Smalls Pork & Pickle,Fuzz / Overdrive,NEEDED,NEEDED,NEEDED,
Way Huge,Smalls STO Overdrive,Overdrive,NEEDED,NEEDED,NEEDED,
Way Huge,Smalls Stone Burner,Fuzz,NEEDED,NEEDED,NEEDED,
Way Huge,Smalls Supa-Lead,Overdrive,NEEDED,NEEDED,NEEDED,
Way Huge,Smalls Swollen Pickle Fuzz,Fuzz,NEEDED,NEEDED,NEEDED,
Way Huge,STO,Overdrive,NEEDED,NEEDED,NEEDED,
Way Huge,Stone Burner,Fuzz,NEEDED,NEEDED,NEEDED,
Way Huge,Supa-Lead,Overdrive,NEEDED,NEEDED,NEEDED,
Way Huge,Swollen Pickle Jumbo Fuzz MkIII,Fuzz,NEEDED,NEEDED,NEEDED,
Way Huge,Swollen Pickle Jumbo Fuzz MkIIS,Fuzz,NEEDED,NEEDED,NEEDED,
WMD Devices,Geiger Counter,Distortion,NEEDED,NEEDED,NEEDED,
WMD Devices,Geiger Counter Pro,Distortion,NEEDED,NEEDED,NEEDED,
Wren and Cuff,Ace Octave Fuzz,Distortion / Fuzz,NEEDED,NEEDED,NEEDED,
Wren and Cuff,Anna Compact,Distortion / Fuzz / Overdrive,NEEDED,NEEDED,NEEDED,
Wren and Cuff,Blue-Violet Caprid OG,Distortion / Fuzz,NEEDED,NEEDED,NEEDED,
Wren and Cuff,Blue-Violet Caprid Small Foot,Distortion / Fuzz,NEEDED,NEEDED,NEEDED,
Wren and Cuff,Box of War OG Reissue,Distortion / Fuzz,NEEDED,NEEDED,NEEDED,
Wren and Cuff,Box of War Small Foot,Distortion / Fuzz,NEEDED,NEEDED,NEEDED,
Wren and Cuff,Caprid Small Foot,Distortion / Fuzz,NEEDED,NEEDED,NEEDED,
Wren and Cuff,Elephant Skin,Distortion / Fuzz,NEEDED,NEEDED,NEEDED,
Wren and Cuff,Eye See '78,Distortion / Fuzz,NEEDED,NEEDED,NEEDED,
Wren and Cuff,Eye See '78 OG,Distortion / Fuzz,NEEDED,NEEDED,NEEDED,
Wren and Cuff,Fade Font '94,Distortion / Fuzz,NEEDED,NEEDED,NEEDED,
Wren and Cuff,Forest for the Trees,Distortion / Fuzz,NEEDED,NEEDED,NEEDED,
Wren and Cuff,Hangman-2D,Distortion / Fuzz,NEEDED,NEEDED,NEEDED,
Wren and Cuff,J Mascis Garbage Face,Distortion / Fuzz,NEEDED,NEEDED,NEEDED,
Wren and Cuff,J Mascis Garbage Face Jr,Distortion / Fuzz,NEEDED,NEEDED,NEEDED,
Wren and Cuff,OG Caprid,Distortion / Fuzz,NEEDED,NEEDED,NEEDED,
Wren and Cuff,Pickle Pie B,Distortion / Fuzz,NEEDED,NEEDED,NEEDED,
Wren and Cuff,Super Russian,Distortion / Fuzz,NEEDED,NEEDED,NEEDED,
Wren and Cuff,Tall Font Russian,Distortion / Fuzz,NEEDED,NEEDED,NEEDED,
Wren and Cuff,Two-Five Drive Boost,Overdrive,NEEDED,NEEDED,NEEDED,
Wren and Cuff,UB-Stone Shinichi Ubukata Signature Fuzz,Distortion / Fuzz,NEEDED,NEEDED,NEEDED,
Wren and Cuff,Violet World,Distortion / Fuzz,NEEDED,NEEDED,NEEDED,
Wren and Cuff,Your Face 60's,Distortion / Fuzz,NEEDED,NEEDED,NEEDED,
Wren and Cuff,Your Face 70's,Distortion / Fuzz,NEEDED,NEEDED,NEEDED,
Xotic Effects,AC Booster V2,Overdrive,NEEDED,NEEDED,NEEDED,
Xotic Effects,AC Booster V2 — Overdrive,Overdrive,NEEDED,NEEDED,NEEDED,
Xotic Effects,AH Booster Allen Hinds,Overdrive,NEEDED,NEEDED,NEEDED,
Xotic Effects,AH Booster Allen Hinds — Overdrive,Overdrive,NEEDED,NEEDED,NEEDED,
Xotic Effects,Bass BB Preamp V1.5,Overdrive,NEEDED,NEEDED,NEEDED,
Xotic Effects,Bass BB Preamp V1.5 — Bass Boost / Overdrive,Overdrive,NEEDED,NEEDED,NEEDED,
Xotic Effects,Bass RC Booster V2,Overdrive,NEEDED,NEEDED,NEEDED,
Xotic Effects,Bass RC Booster V2 — bass boost/drive product,Overdrive,NEEDED,NEEDED,NEEDED,
Xotic Effects,BB Preamp V1.5,Overdrive,NEEDED,NEEDED,NEEDED,
Xotic Effects,BB Preamp V1.5 — Boost / Overdrive,Overdrive,NEEDED,NEEDED,NEEDED,
Xotic Effects,RC Booster V2,Overdrive,NEEDED,NEEDED,NEEDED,
Xotic Effects,RC Booster V2 — Transparent Boost with gain / dirt function,Overdrive,NEEDED,NEEDED,NEEDED,
Xotic Effects,SL Drive,Overdrive,NEEDED,NEEDED,NEEDED,
Xotic Effects,SL Drive — Distortion / Overdrive,Overdrive,NEEDED,NEEDED,NEEDED,
Xotic Effects,Soul Driven,Overdrive,NEEDED,NEEDED,NEEDED,
Xotic Effects,Soul Driven — Mid-boost Overdrive,Overdrive,NEEDED,NEEDED,NEEDED,
Xvive Audio,Golden Brownie,Overdrive,NEEDED,NEEDED,NEEDED,
Yamaha,OD-10,Overdrive,NEEDED,NEEDED,NEEDED,
Zander Circuitry,American Geek,Distortion / Fuzz,NEEDED,NEEDED,NEEDED,
Zander Circuitry,Cafetiere,Distortion / Fuzz,NEEDED,NEEDED,NEEDED,
Zander Circuitry,Cranium,Distortion,NEEDED,NEEDED,NEEDED,
Zander Circuitry,Foxxton Woods,Fuzz,NEEDED,NEEDED,NEEDED,
Zander Circuitry,Siva,Distortion / Fuzz,NEEDED,NEEDED,NEEDED,
Zander Circuitry,Surplus,Distortion / Fuzz / Overdrive,NEEDED,NEEDED,NEEDED,
Zander Circuitry,Terra Firma,Distortion,NEEDED,NEEDED,NEEDED,
ZVEX Effects,'59 Sound,Distortion,NEEDED,NEEDED,NEEDED,
ZVEX Effects,Basstortion,Distortion,NEEDED,NEEDED,NEEDED,
ZVEX Effects,Box of Metal,Distortion,NEEDED,NEEDED,NEEDED,
ZVEX Effects,Box of Rock,Distortion,NEEDED,NEEDED,NEEDED,
ZVEX Effects,Distortron,Distortion,NEEDED,NEEDED,NEEDED,
ZVEX Effects,Double Rock,Distortion,NEEDED,NEEDED,NEEDED,
ZVEX Effects,Fat Fuzz Factory,Fuzz,NEEDED,NEEDED,NEEDED,
ZVEX Effects,Fuzz Factory,Fuzz,NEEDED,NEEDED,NEEDED,
ZVEX Effects,Fuzz Factory 7,Fuzz,NEEDED,NEEDED,NEEDED,
ZVEX Effects,Fuzz Factory Vertical,Fuzz,NEEDED,NEEDED,NEEDED,
ZVEX Effects,Fuzz Probe,Fuzz,NEEDED,NEEDED,NEEDED,
ZVEX Effects,Fuzzolo,Fuzz,NEEDED,NEEDED,NEEDED,
ZVEX Effects,Machine,Fuzz,NEEDED,NEEDED,NEEDED,
ZVEX Effects,Mastotron,Fuzz,NEEDED,NEEDED,NEEDED,
ZVEX Effects,Octane 3,Fuzz,NEEDED,NEEDED,NEEDED,
ZVEX Effects,Woolly Mammoth,Fuzz,NEEDED,NEEDED,NEEDED,
ZVEX Effects,Woolly Mammoth 7,Fuzz,NEEDED,NEEDED,NEEDED,
