"Builder","Pedal","Source URL","Note"
"D&M","Distortion","https://www.effectsdatabase.com/model/dm/distortion","Exact Effects Database model page"
"Daredevil Pedals","L.S.D","https://www.effectsdatabase.com/model/daredevil/lsd","Exact Effects Database model page"
"Daredevil Pedals","L.S.D","https://www.guitarcenter.com/Daredevil-Pedals/LSD-Logan-Square-Destroyer-Fuzz-V2-Effects-Pedal-1500000216927.gc","Exact Guitar Center model page"
"Dan Drive Pedal Solutions","Secret Machine","https://www.guitarpedalx.com/news/gpx-blog/dandrive-pedal-adds-2-more-compact-pedals-to-the-core-range---the-secret-machine-fuzz-and-working-man-fuzz","Exact Guitar Pedal X model article"
"Danelectro","Fab Tone / FAB Tone Distortion","https://www.effectsdatabase.com/model/danelectro/original/fabtone","Exact Effects Database model page"
"Aleatorik","Operation 1","https://aucfree.com/m/items/c645005215","Exact-model historical Japanese auction listing for Operation 1 prototype"
"Aleatorik","Operation 2","https://reverb.com/de/item/14800562-aleatorik-operation-2","Exact-model Reverb listing from TC Gakki"
"Aleatorik","Operation 3","https://hitonoko23.hatenablog.jp/","Exact-model Japanese review page for Operation 3 (2018)"
"Alexander Pedals","Hot Pink Drive","https://www.effectsdatabase.com/model/alexander/hotpinkdrive","Exact Effects Database model page"
"Alexander Pedals","Hot Pink Drive","https://static1.squarespace.com/static/54a5d748e4b034981b4a71c8/t/5bf2d45af950b74072347df9/1542640731157/Hot%2BPink%2BManual%2BWeb.pdf","Manufacturer manual"
"Amplified Nation","Bigger Bloom Overdrive","https://amplifiednation.com/product/bigger-bloom-overdrive/","Exact manufacturer product page"
"Amplified Nation","Bigger Bloom Overdrive","https://amplifiednation.com/wp-content/uploads/2024/11/Amplified-Nation-Manual_Bigger-Bloom.pdf","Manufacturer manual"
"AmpMojo","Skate Fuzz (SKUZZ)","https://www.ampmojo.com/product-page/skate-fuzz-skuzz","Exact manufacturer product page"
"AmpMojo","Sol Drive","https://www.ampmojo.com/sol-drive","Exact manufacturer product page"
"Amptweaker","Bass BluesFuzz","https://www.effectsdatabase.com/model/amptweaker/bluesfuzz/bass/jr","Exact Effects Database model page"
"Amptweaker","Bass BluesFuzz","https://www.rockboard.de/en/pedalPedia/Amptweaker/BluesFuzz-Jr/68974489/","Exact RockBoard pedal reference"
"Amptweaker","Bass BluesFuzz","https://www.talkbass.com/threads/amptweaker-bass-blues-fuzz-anyone-have-try-one-of-these.1303032/","Exact-model bass user discussion"
"Bad Penny FX","The Fuzz Controller V1","https://www.pedal-of-the-day.com/2021/09/04/bad-penny-fx-the-fuzz-controller/","Exact-model review"
"Bad Penny FX","The Fuzz Controller V1","https://www.youtube.com/watch?v=WBcLju0WkyY","Exact-model video/demo"
"Crown","FW-3 Distortion Wah Volume","https://www.effectsdatabase.com/model/crown/fw3","Exact Effects Database model page"
"EarthQuaker Devices","Acapulco Gold — Power Amp Distortion","https://www.earthquakerdevices.com/acapulco-gold","Exact manufacturer product page"
"EarthQuaker Devices","Acapulco Gold — Power Amp Distortion","https://www.manualslib.com/manual/2503390/Earthquaker-Devices-Acapulco-Gold.html","Exact-model manual mirror"
"Fairfield Circuitry","Barbershop — consolidated across V1 / Millennium Edition","https://www.effectsdatabase.com/model/fairfield/barbershop","Exact Effects Database model page"
"Fairfield Circuitry","Barbershop — consolidated across V1 / Millennium Edition","https://fairfieldcircuitry.com/pages/faq","Manufacturer FAQ with V1/Millennium comparison"
"Xotic Effects","AC Booster V2 — Overdrive","https://xotic.us/effects/acbv2/","Exact manufacturer product page"
"Xotic Effects","AC Booster V2 — Overdrive","https://xotic.us/manuals/pdf/ACB-V2_manual_ENG_Mar2025.pdf","Manufacturer manual"
"Walrus Audio","385 Overdrive MKII — Overdrive","https://www.walrusaudio.com/products/385-overdrive-mkii","Exact manufacturer product page"
"Walrus Audio","385 Overdrive MKII — Overdrive","https://www.walrusaudio.com/pages/manuals","Manufacturer manuals index"
"Keeley Electronics","Aria Compressor/Overdrive","https://robertkeeley.com/product/aria-compressor-overdrive/","Exact manufacturer product page"
"Mad Professor Amplification","Blueberry Bass Overdrive","https://mpamp.com/files/manuals/Blueberry%20Bass%20Overdrive%20manual.pdf","Manufacturer manual"
"Mad Professor Amplification","Big Tweedy Drive","https://performermag.com/best-instruments/best-guitar-picks-accessories/mad-professor-big-tweedy-drive-pedal-review/","Exact-model review"
"Mad Professor Amplification","Big Tweedy Drive","https://www.bonedo.de/artikel/mad-professor-big-tweedy-drive-test/","Exact-model review"
"Amptweaker","Bass BluesFuzz Jr","https://www.bax-shop.be/nl/bass-fuzz/amptweaker-bass-bluesfuzz-jr-bass-fuzz-pedaal","Exact-model retailer page with controls and power specifications"
"Amptweaker","Bass BluesFuzz Jr","https://www.rockboard.de/en/pedalPedia/Amptweaker/BluesFuzz-Jr/68974489/","Exact-model RockBoard page"
"Amptweaker","Bass BluesFuzz Jr","https://www.talkbass.com/threads/amptweaker-bass-tight-fuzz-jr.1299593/","Exact-model Amptweaker owner/engineer discussion"
"EarthQuaker Devices","Acapulco Gold — Power Amp Distortion","https://www.guitarworld.com/gear/review-earthquaker-devices-acapulco-gold-pedal","Exact-model Guitar World review"
"D&M","Distortion","https://www.freestompboxes.org/viewtopic.php?p=251507","Exact-model teardown/discussion with component and provenance notes"
"Universal Amplifier Corp","Fuzzz Boxx","https://fuzzboxes.org/features/astrotone","Exact-model historical and circuit-family source"
"Bad Penny FX","The Fuzz Controller V2","https://reverb.com/item/36572523-bad-penny-fx-the-fuzz-controller-v2","Exact-model Reverb listing with V2 redesign and controls"
"Crown","W-Fuzz - 8-Transistor Fuzz-Wah","https://www.effectsdatabase.com/model/crown/wfuzz","Exact Effects Database model page"
"D&M","Distortion","https://www.freestompboxes.org/viewtopic.php?t=3390","Exact-model teardown/discussion"
"Walrus Audio","385 Overdrive MKII — Overdrive","https://manuals.plus/m/ab0a9a52426827539efcc1ab763656a0437941a4143344b7796838e28b9f8267","Exact-model manual text"
"EarthQuaker Devices","Acapulco Gold — Power Amp Distortion","https://www.earthquakerdevices.com/manuals","Manufacturer manuals index with Acapulco Gold versions"
"Amptweaker","Bass TightRock Jr","https://www.effectsdatabase.com/model/amptweaker/tightrock/bass/jr","Exact Effects Database model page"
"Amptweaker","Bass TightRock Jr","https://www.rockboard.de/en/pedalPedia/Amptweaker/Bass-TightRock-Jr/68974485/","Exact RockBoard pedal reference"
"Amptweaker","Bass TightRock Jr","https://www.bax-shop.nl/downloads/products/9000-0052-2751/btrjr-web-manual.pdf","Exact-model manufacturer manual mirror"
"Amptweaker","Bass TightRock Jr","https://www.talkbass.com/threads/amptweaker-club.1030810/page-2","Exact-model owner discussion"
"Amptweaker","Bass TightFuzz","https://www.premierguitar.com/amptweaker-bass-tightfuzz-pedal-review","Exact-model Premier Guitar review"
"Amptweaker","Bass TightFuzz Jr","https://www.talkbass.com/threads/amptweaker-bass-tight-fuzz-jr.1299593/","Exact-model owner/engineer discussion"
"Mad Professor Amplification","Golden Cello","https://www.premierguitar.com/gear/mad-professor-golden-cello-pedal-review","Exact-model Premier Guitar review"
"Mad Professor Amplification","Golden Cello","https://www.effectsdatabase.com/reviews/madprofessor/goldencello","Exact-model Effects Database review"
"Amptweaker","Big Rock Pro","https://www.effectsdatabase.com/model/amptweaker/bigrock/pro","Exact Effects Database model page and manufacturer press release"
"Amptweaker","Big Rock Pro","https://reverb.com/p/amptweaker-big-rock-pro","Exact-model Reverb reference"
"Amptweaker","Big Rock Pro","https://reverb.com/item/566662-amptweaker-big-rock-pro-distortion-pedal","Exact-model Reverb listing with controls and specifications"
"Amptweaker","Big Rock Pro","https://www.manualslib.com/manual/1304836/Amptweaker-Bigrock-Pro.html","Exact-model manual mirror"
"Amptweaker","Fat Rock","https://www.effectsdatabase.com/model/amptweaker/fatrock","Exact Effects Database model page with manufacturer press release"
"Amptweaker","Fat Rock","https://reverb.com/p/amptweaker-fat-rock","Exact-model Reverb product reference"
"Amptweaker","Fat Rock","https://reverb.com/item/3460320-amptweaker-fat-rock-distortion-guitar-effects-pedal","Exact-model Reverb listing with detailed feature description"
"Amptweaker","Fat Rock","https://www.freestompboxes.org/viewtopic.php?t=33838","Exact-model circuit tracing and measured voltages"
"Amptweaker","Fat Rock","https://www.premierguitar.com/gear/gallery-summer-namm-2013","Exact-model Summer NAMM coverage"
"Amptweaker","TightDrive Jr","https://www.effectsdatabase.com/model/amptweaker/tightdrive/jr","Exact Effects Database model page"
"Amptweaker","TightBoost","https://www.effectsdatabase.com/model/amptweaker/tightboost","Exact Effects Database model page"
"Amptweaker","TightFuzz","https://www.effectsdatabase.com/model/amptweaker/tightfuzz","Exact Effects Database model page"
"Amptweaker","TightFuzz Pro","https://www.effectsdatabase.com/model/amptweaker/tightfuzz/pro","Exact Effects Database model page"
"Amptweaker","TightMetal Pro II","https://www.effectsdatabase.com/model/amptweaker/tightmetal/pro/2","Exact Effects Database model page"
"Amptweaker","TightRock","https://www.effectsdatabase.com/model/amptweaker/tightrock","Exact Effects Database model page"
"Amptweaker","TightRock Jr","https://www.effectsdatabase.com/model/amptweaker/tightrock/jr","Exact Effects Database model page"
"Amptweaker","TightBoost","https://www.amptweaker.com/page/Amptweaker-TightBoost-Effects-Pedal-35.aspx","Exact historical Amptweaker product page"
"Amptweaker","TightFuzz Pro","https://www.amptweaker.com/page/TightFuzz-Pro-Distortion-by-Amptweaker-93.aspx","Exact historical Amptweaker product page"
"Amptweaker","TightRock","https://amptweaker.com/wp-content/uploads/2020/10/Tight-Rock-Manual.pdf","Manufacturer manual PDF"
"Amptweaker","Tight Metal Pro II","https://amptweaker.com/product/tight-metal-pro-ii/","Manufacturer product page"
"Amsterdam Cream","Big Eye Fuzz","https://amsterdamcream.com/post/74580352500/big-eye-fuzz","Exact manufacturer product page"
"Amsterdam Cream","Big Eye Fuzz","https://www.effectsdatabase.com/model/amsterdamcream/bigeye","Exact Effects Database model page"
"Amsterdam Cream","Big Eye Fuzz","https://www.guitarpedalx.com/news/gpx-blog/15-of-the-best-mini-fuzz-pedals---2018-edition","Independent exact-model tonal coverage"
"Amsterdam Cream","Plain Drive","https://reverb.com/item/73333255-amsterdam-cream-plain-drive-overdrive-2010s-w-original-box-guitar-bass-effects-pedal-used-mint","Exact-model Reverb listing"
"Amsterdam Cream","Plain Drive","https://www.mule.co.kr/bbs/userguide/guide?idx=2519084&v=v","Exact-model Korean user review"
"Amsterdam Cream","Plain Drive","https://guitaristmano.com/89","Exact-model independent review"
"Amsterdam Cream","Original Distortion","https://www.mule.co.kr/bbs/info/guide?andor=and&category=&ct1=&ct2=&ct3=&dong=&end_price=&gugun=&idx=55712273&map=list&mode=list&od=desc&of=wdate&options=&page=3&period=6&qf=title_legacy&qs=ox&region=&sell_status=&sido=&soldout=&start_price=&start_price=&start_price=&v=v","Exact-model Korean comparison review"
"Amptweaker","TightDrive Jr","https://reverb.com/p/amptweaker-tight-drive-jr","Exact-model Reverb reference with controls and tonal description"
"Amptweaker","Tight Rock Jr","https://www.effectsdatabase.com/model/amptweaker/tightrock/jr","Exact Effects Database model page"
"Amptweaker","Tight Rock Jr","https://www.youtube.com/watch?v=BMKxbufNHXU","Exact-model Amptweaker/Mike Hermans demo"
"Amptweaker","Fat Rock","https://www.youtube.com/watch?v=6cMnTr2RSqE","Exact-model gearmanndude demo"
"Amsterdam Cream","Original Distortion","https://www.mule.co.kr/bbs/info/guide?andor=and&category=&ct1=&ct2=&ct3=&dong=&end_price=&gugun=&idx=55712273&map=list&mode=list&od=desc&of=wdate&options=&page=3&period=6&qf=title_legacy&qs=ox&region=&sell_status=&sido=&soldout=&start_price=&store=&v=v","Exact-model Korean comparison review"
"AMT Electronics","B-1 BG-Sharp","https://www.effectsdatabase.com/model/amt/legendamp/b1","Exact Effects Database model page"
"AMT Electronics","B-1 BG-Sharp","https://rock.lviv.ua/article/16130/","Independent exact-model historical AMT product listing"
"AMT Electronics","BS British Sound","https://www.effectsdatabase.com/model/amt/bs","Exact Effects Database model page"
"AMT Electronics","BS British Sound","https://www.guitariste.com/forums/pedales-effets-homestudio%2Ctout-sur-les-pedales-disto-et-metal-sommaire-en-p1%2C289408%2C20.html","Independent historical exact-model listing"
"AMT Electronics","CS California Sound","https://www.effectsdatabase.com/model/amt/cs","Exact Effects Database model page"
"AMT Electronics","CS California Sound","https://www.guitariste.com/forums/pedales-effets-homestudio%2Ctout-sur-les-pedales-disto-et-metal-sommaire-en-p1%2C289408%2C20.html","Independent historical exact-model listing"
"AMT Electronics","DM-3 DistMachine","https://www.effectsdatabase.com/model/amt/dm3","Exact Effects Database model page"
"AMT Electronics","DM-3 DistMachine","https://en.audiofanzine.com/other-guitar-saturation-effect/amt-electronics/amt-dm3/user_reviews/","Independent exact-model user reviews"
"AMT Electronics","M-1 JM-800","https://www.effectsdatabase.com/model/amt/legendamp/m1","Exact Effects Database model page"
"AMT Electronics","M-1 JM-800","https://www.legato.su/product/pedal_effektov_amt_m_1_jm_800/","Independent exact-model retailer page"
"AMT Electronics","R-1 Rectifier","https://www.effectsdatabase.com/model/amt/legendamp/r1","Exact Effects Database model page"
"AMT Electronics","R-1 Rectifier","https://rock.lviv.ua/article/16130/","Independent exact-model historical AMT product listing"
"AMT Electronics","SS-11B","https://amt-sales.com/products/ss-11b","Exact-model AMT sales product page"
"AMT Electronics","SS-11B","https://amtelectronics.com/new/manuals/SS-11-manual-ENG.pdf","Manufacturer manual covering SS-11A/B"
"AMT Electronics","SS-20","https://amtelectronics.com/new/amt-ss-20/","Exact manufacturer product page"
"AMT Electronics","SS-20","https://amtelectronics.com/new/manuals/SS-20-v2-manual-ENG.pdf","Manufacturer manual"
"Analog Alien","Alien Bass Station","https://analogalien.com/alien-bass-station-abs/","Exact manufacturer model page"
"Analog Alien","Alien Bass Station","https://www.sweetwater.com/store/detail/ABStation--analog-alien-alien-bass-station-abs-compressor-amp-generator-fuzz-bass-pedal/reviews","Independent retailer reviews"
"Analog Alien","Alien Tone Dragon","https://analogalien.com/","Exact manufacturer site model reference"
"Analog Alien","Alien Tone Dragon","https://www.sweetwater.com/store/detail/AlienToneDr--analog-alien-alien-tone-dragon-boost-overdrive-eq-pedal/reviews","Independent retailer reviews"
"Analog Alien","Alien Twister","https://www.premierguitar.com/gear/reviews/analog-alien-alien-twister-pedal-review","Exact-model Premier Guitar review"
"Analog Alien","Alien Twister","https://www.sweetwater.com/store/detail/AlienTwister--analog-alien-alien-twister-fuzz-buffer-pedal/reviews","Independent retailer reviews"
"Analog Alien","Bucket Seat","https://analogalien.com/product/bucket-seat-overdrive-pedal/","Exact manufacturer model page"
"Analog Alien","Bucket Seat","https://analogalien.com/wp-content/uploads/2019/05/MANUAL_BUCKET_SEAT.pdf","Manufacturer manual"
"Analog Alien","FuzzBubble-45","https://analogalien.com/blog/major-review-for-the-fuzzbubble-45-fuzz-face-overdrive-pedal/","Exact manufacturer review page"
"Analog Alien","FuzzBubble-45","https://www.premierguitar.com/cloud-9-audio-analog-alien-fuzzbubble-45-pedal-review","Exact-model Premier Guitar review"
"Analog Alien","Joe Walsh Double Classic","https://analogalien.com/blog/guitar-player-review-joe-walsh-double-classic/","Exact manufacturer review announcement"
"Analog Alien","Joe Walsh Double Classic","https://www.sweetwater.com/store/detail/JWDC--analog-alien-joe-walsh-double-classic-compressor-overdrive-pedal/reviews","Independent retailer reviews"
"Analog Alien","Rumble Seat","https://www.premierguitar.com/gear/analog-alien-rumble-seat-review","Exact-model Premier Guitar review"
"Analog Alien","Rumble Seat","https://www.sweetwater.com/store/detail/RumbleSeat--analog-alien-rumble-seat-overdrive-delay-reverb-pedal/reviews","Independent retailer reviews"
"Amzel Electronics","Cheshire Cat Tone Evaporator","https://delicious-audio.com/pedal-reviews-amzel-electronics-cheshire-cat-tone-evaporator/","Exact-model independent review"
"Amzel Electronics","Cheshire Cat Tone Evaporator","https://reverb.com/item/84162609-amzel-electronics-cheshire-cat-early-2010s","Exact-model Reverb reference with detailed control description"
"Amzel Electronics","Cheshire Cat Tone Evaporator","https://delicious-audio.com/new-pedals-amzel-electronics-cheshire-cat-tone-evaporator/","Exact-model launch coverage"
"AMT Electronics","Rammstein RD Distortion Combo Emulator","https://www.effectsdatabase.com/model/amt/rd","Exact Effects Database model page"
"AMT Electronics","Rammstein RD Distortion Combo Emulator","https://reverb.com/item/86278923-amt-electronics-rammstein-distortion-combo-emulator-very-rare-pedal-discontinued","Exact-model Reverb listing"
"AMT Electronics","S-1","https://www.effectsdatabase.com/model/amt/legendamp/s1","Exact Effects Database model page"
"AMT Electronics","S-1","https://ultimatemetal.com/threads/need-help-deciding-on-a-preamp-pedal.912559/","Exact-model user discussion"
"AMT Electronics","B-1 BG-Sharp","https://www.legato.su/product/pedal_effektov_amt_b_1_bg_sharp_emulates_legend_amps_pedal/","Exact-model retailer page"
"AMT Electronics","R-1 Rectifier","https://www.legato.su/product/pedal_effektov_amt_r_1_rectifier_emulates_legend_amps_pedal/","Exact-model retailer page"
"AMT Electronics","DM-3 DistMachine","https://ravedump.com/hardware/amt-electronics-distmachine-dm-3-programmable-hw-amt-dm3","Exact-model listing with controls and programmable architecture"
"AMT Electronics","SS-11B","https://www.effectsdatabase.com/model/amt/ss11/b","Exact Effects Database model page"
"AMT Electronics","SS-11B","https://thermionic-studios.com/wiki/index.php?title=SS-11B","Exact-model technical reference"
"AMT Electronics","SS-20","https://www.effectsdatabase.com/model/amt/ss20","Exact Effects Database model page"
"AMT Electronics","SS-20","https://www.lonephantom.com/2010/02/amt-electronics-ss-20-guitar-preamp-review/","Exact-model independent review"
"AMT Electronics","Rammstein RD Distortion Combo Emulator","https://reverb.com/en-nl/item/78170456-amt-electronics-rammstein-distortion-combo-emulator","Exact-model Reverb listing"
"Analog Man","Astro Tone","https://www.effectsdatabase.com/model/analogman/astrotone","Exact Effects Database model page"
"Analog Man","Astro Tone","https://www.premierguitar.com/gear/analog-man-astro-tone-fuzz-pedal-review","Exact-model independent review"
"Analog Man","King Of Tone","https://www.effectsdatabase.com/model/analogman/kingoftone","Exact Effects Database model page"
"Analog Man","King Of Tone","https://www.analogman.com/manuals/PDFs%20%28may%20be%20older%29/kotver4.pdf","Manufacturer Version 4 manual"
"Analog Man","King Of Tone","https://squidguitarinc.wordpress.com/2016/02/23/analog-man-king-of-tone-review/","Exact-model independent review"
"Analog Man","Prince Of Tone","https://www.effectsdatabase.com/model/analogman/princeoftone","Exact Effects Database model page"
"Analog Man","Prince Of Tone","https://www.analogman.com/manuals/Prince%20of%20Tone%20Manual0820.pdf","Manufacturer manual"
"Analog Man","Peppermint Fuzz","https://www.buyanalogman.com/Analog_Man_Peppermint_Fuzz_pedal_p/am-peppermint-fuzz.htm","Exact manufacturer model page with customer reviews"
"Analog Man","Sun Face","https://www.effectsdatabase.com/model/analogman/sunface","Exact Effects Database model page"
"Analog Man","Sun Face","https://www.buyanalogman.com/ProductDetails.php?ProductCode=AM-SUN-FACE-READYJB","Exact manufacturer model page with current customer reviews"
"Analog Fox","Tone Machine","https://www.effectsdatabase.com/model/analogfox/tonemachine","Exact Effects Database model page"
"Analog Fox","Tone Machine","https://www.youtube.com/watch?v=EbiGdE-IwBc","Exact-model independent video/demo"
"Analog King","Fuzz Machine - Germanium Fuzz + Overdrive","https://www.effectsdatabase.com/model/analogking/fuzzmachine","Exact Effects Database model page"
"Analog King","ZenTone - Harmonic Drive","https://www.effectsdatabase.com/model/analogking/zentone","Exact Effects Database model page"
"Analog Man","Peppermint Fuzz","https://www.effectsdatabase.com/model/analogman/peppermintfuzz","Exact Effects Database model page"
"amukaT","Tweaker","https://www.effectsdatabase.com/model/amukat/tweaker","Exact Effects Database model page with V2 history and component information"
"amukaT","Tweaker","https://delicious-audio.com/amukat-gadgets-tweaker/","Exact-model independent V2 review"
"AMtech Handwired","Destroyer","https://www.amtechhandwired.com/?page_id=732","Exact manufacturer page with Destroyer specifications and description"
"AMtech Handwired","Destroyer","https://www.amtechhandwired.com/?page_id=174","Manufacturer video index with Destroyer demo"
"AMtech Handwired","Tube Drive","https://www.amtechhandwired.com/?page_id=110","Exact manufacturer page with Tube Drive specifications"
"AMtech Handwired","Tube Drive","https://www.amtechhandwired.com/?page_id=174","Manufacturer video index with Tube Drive demo"
"Analog Man","Sun Lion","https://analogman.com/sunlion.htm","Exact manufacturer model page with history, controls, transistor class, and power details"
"Analog Man","Sun Lion","https://www.effectsdatabase.com/model/analogman/sunlion","Exact Effects Database model page"
"Analog Music Company","Evil Pumpkin","https://www.analogmusic.company/evil-pumpkin","Exact manufacturer model page with circuit-bent DS-1 basis and current architecture"
"Analog Music Company","Evil Pumpkin","https://www.pedal-of-the-day.com/2020/10/10/analog-music-company-the-evil-pumpkin-synth-fuzz/","Exact-model independent review"
"Analog Music Company","Evil Pumpkin","https://www.analogmusic.company/news-projects-highlights/we-shipped-all-the-evil-pumpkins","Exact manufacturer revision/history announcement"
"Analog Music Company","Mary Gorgias Ultra High Gain Distorter","https://www.analogmusic.company/shop/mary-gorgias-xx-ultra-high-gain-distorter","Exact manufacturer model page with circuit/component description"
"Analog Music Company","Mary Gorgias Ultra High Gain Distorter","https://www.analogmusic.company/news-projects-highlights","Manufacturer news index with exact-model video entry"
"Analog Noir","Fuzz Face / Rangemaster Treble Booster","https://analognoirelectric.com/pedals/p/rangemaster-fuzzface","Exact manufacturer model page with transistor options and controls"
"Analog Noir","Fuzz Face / Rangemaster Treble Booster","https://onethousandpedals.com/pedal/analog-noir-fuzz-face-rangemaster-treble-booster","Independent exact-model specification page"
"Analog Noir","Harmonic Percolator","https://analognoirelectric.com/pedals/p/percolator","Exact manufacturer model page with transistor and diode details"
"Analog Noir","Tone Bender MKI","https://reverb.com/item/53303286-analog-noir-mk1-noir-bender","Exact-model Reverb listing with circuit and transistor details"
"Analog Noir","Tone Bender MKI / Rangemaster Treble Booster","https://reverb.com/item/77932594-analog-noir-dual-mki-tone-bender-rangemaster-treble-booster","Exact-model Reverb listing"
"Analog Noir","Tone Bender MK1.5 / Tone Bender MKII","https://reverb.com/fr/item/63168588-analog-noir-dual-tone-bender-mkii-tone-bender-mk1-5","Exact-model Reverb listing with topology and transistor details"
"Analog Noir","Si / Ge Fuzz Face","https://analognoirelectric.com/pedals/p/si-ge-fuzz-face","Exact manufacturer model page"
"Analog Noir","Si / Ge Fuzz Face","https://onethousandpedals.com/pedal/analog-noir-si-ge-fuzz-face","Independent exact-model specification page"
"Analog Sound","Atomic Overdrive","https://www.effectsdatabase.com/model/analogsound/atomicoverdrive","Exact Effects Database model page"
"Analog Sound","Atomic Overdrive","https://forums.rgc.ro/topic/75516-pedale/","Independent historical user listing identifying the Atomic Overdrive"
"Analog Noir","Tone Bender MKI / Rangemaster Treble Booster","https://www.craigslist.org/view/d/portland-analog-noir-tone-bender-mki/aGXuix9b9oYZD3TTYN65Hj","Exact-model independent listing identifying the dual MKI/Rangemaster build"
"Analog Noir","Tone Bender MK1.5 / Tone Bender MKII","https://analognoirelectric.com/pedals/p/mk15-mkii","Exact manufacturer model page with both circuit descriptions"
"Analog Noir","Tone Bender MKI","https://analognoirelectric.com/pedals/p/tone-bender-mki","Exact manufacturer model page"
"Analog Noir","Si / Ge Fuzz Face","https://analognoirelectric.com/pedals/p/fuzzface","Exact manufacturer model page"
"Analog Noir","Zonk Machine","https://analognoirelectric.com/pedals/p/zonkmachine","Exact manufacturer model page with circuit and transistor details"
"Analog Noir","Zonk Machine","https://onethousandpedals.com/pedal/analog-noir-zonk-machine","Independent exact-model specification page"
"Analog Sound","Atomic Overdrive","https://www.effectsdatabase.com/model/analogsound","Exact Effects Database builder page listing Atomic Overdrive"
"Analog Man","Astro Tone","https://www.buyanalogman.com/Analog_Man_Astro_Tone_Fuzz_p/AMAstroTone.htm","Exact manufacturer model page"
"Analog Man","King Of Tone","https://www.analogman.com/kot.htm","Exact manufacturer model page"
"Analog Man","Peppermint Fuzz","https://www.analogman.com/pepper.htm","Exact manufacturer model page with Dark Peppermint history and construction details"
"Analog Man","Prince Of Tone","https://www.analogman.com/PrinceOfTone.htm","Exact manufacturer model page"
"Analog Man","Sun Face","https://www.analogman.com/sunface.htm","Exact manufacturer model page"
"Analog Noir","Zonk Machine","https://www.onethousandpedals.com/pedal/analog-noir-zonk-machine","Independent exact-model specification page"
"Amptweaker","Tight Drive Jr","https://www.effectsdatabase.com/model/amptweaker/tightdrive/jr","Exact Effects Database model page"
"Amptweaker","Tight Drive Jr","https://reverb.com/p/amptweaker-tight-drive-jr","Exact-model Reverb reference with controls and independent review"
"Amptweaker","Tight Rock Jr","https://reverb.com/p/amptweaker-tight-rock-jr","Exact-model Reverb reference"
"Amptweaker","Tight Rock Jr","https://reverb.com/item/92068883-amptweaker-tight-rock-jr-og-red","Exact-model original red example with feature description"
"Amsterdam Cream","Original Distortion","https://amsterdamcream.com/","Manufacturer site explicitly listing Original Distortion"
"AMT Electronics","Rammstein RD Distortion Combo Emulator","https://reverb.com/item/72391956-amt-electronics-rammstein-du-hast-distortion-combo-emulator","Exact-model Reverb listing identifying the first version and controls"
"Analog King","ZenTone - Harmonic Drive","https://reverb.com/item/10895015-analog-king-zentone-harmonic-drive","Exact-model Reverb listing"
"Amsterdam Cream","Original Distortion","https://brosmusic.co.kr/brands/amsterdam-cream/","Independent Korean retailer page explicitly listing Original Distortion"
"Amsterdam Cream","Original Distortion","https://www.tumgik.com/amsterdamcream","Independent Tumblr mirror preserving the original model description and specifications"
"AMT Electronics","SS-20","https://forum.seymourduncan.com/threads/fs-amt-electronics-ss-20.325126/","Exact-model independent owner listing with technical information"
"AMT Electronics","SS-20","https://en.audiofanzine.com/tube-guitar-preamp/amt-electronics/SS-20-Preamp/user_reviews/0/","Independent exact-model user review database"
"Analog Sound","Double Trouble Overdrive","https://www.effectsdatabase.com/model/analogsound","Exact Effects Database builder page explicitly listing Double Trouble Overdrive"
"Analog Sound","Smooth O' Drive","https://www.effectsdatabase.com/model/analogsound","Exact Effects Database builder page explicitly listing Smooth O' Drive"
"Analog Sound","The Boogie Man","https://www.effectsdatabase.com/model/analogsound","Exact Effects Database builder page explicitly listing The Boogie Man"
"Analog Sound","Scream For Cream OD","https://www.effectsdatabase.com/model/analogsound","Exact Effects Database builder page explicitly listing Scream For Cream OD"
"Analog Music Company","Mary Gorgias Ultra High Gain Distorter","https://www.analogmusic.company/shop","Manufacturer shop index containing exact model listing"
"Amsterdam Cream","Original Distortion","https://www.effectsdatabase.com/model/amsterdamcream/originaldistortion","Candidate exact Effects Database model endpoint; admit only if page resolves and identity verifies"
"Amsterdam Cream","Original Distortion","https://toy-love.hatenablog.com/entry/20120625/1340628332","Exact-model Japanese launch coverage identifying controls and thick harmonic-rich tone"
"Amsterdam Cream","Original Distortion","https://shineguitar.co.kr/product/detail.html?cate_no=492&display_group=1&product_no=2347","Exact-model Korean retailer page with model, origin and March 2013 release date"
"Amsterdam Cream","Original Distortion","https://m.shineguitar.co.kr/product/amsterdam-cream-original-distortion-%EC%98%A4%EB%A6%AC%EC%A7%80%EB%84%90%EB%94%94%EC%8A%A4%ED%86%A0%EC%85%98/2347/","Exact-model mobile Korean retailer page"
"Amsterdam Cream","Original Distortion","https://m.buzzbee.co.kr/board/view.php?bdId=vodreviews&page=487&sno=5277","Exact-model 2012 video-review index entry"
"Amsterdam Cream","Original Distortion","https://www.effectsdatabase.com/events/musikmesse/2012","Effects Database event page explicitly listing the exact model"
"Amsterdam Cream","Original Distortion","https://www.ksound.jp/shops/list.html","Independent Japanese retailer catalog explicitly listing model and product code"
"Analog Sound","Scream For Cream OD","https://forums.rgc.ro/topic/75516-pedale/","Independent historical owner listing with exact model and TS808-based identification"
"Anarchy Audio Australia","Baa Bzz","https://www.effectsdatabase.com/model/anarchyaudio/baabzz","Exact Effects Database model page"
"Anarchy Audio Australia","Baa Bzz","https://therockinn.com/products/anarchy-audio-baa-bzz-fuzz-pedal","Exact-model retailer page with controls and power details"
"Anarchy Audio Australia","Deadwoods - Chainsaw Fuzz","https://www.effectsdatabase.com/model/anarchyaudio/deadwoods","Exact Effects Database model page"
"Anarchy Audio Australia","Deadwoods - Chainsaw Fuzz","https://www.youtube.com/watch?v=K2lM7J0VYvQ","Candidate manufacturer demo; admit only if identity verifies"
"Anarchy Audio Australia","Sentinel","https://www.effectsdatabase.com/model/anarchyaudio/sentinel","Exact Effects Database model page"
"Anasounds","bitoun fuzz","https://anasounds.com/products/origins-pedals/bitoun-fuzz/","Exact manufacturer model page with circuit, transistor and control details"
"Anasounds","bitoun fuzz","https://anasounds.com/produit/bitoun-fuzz/","Manufacturer product page with model specifications"
"Anasounds","cerberus","https://anasounds.com/products/origins-pedals/cerberus/","Exact manufacturer model page with controls, clipping and circuit details"
"Anasounds","cerberus","https://anasounds.com/produit/cerberus/","Manufacturer product page with model specifications"
"Anasounds","ego driver","https://anasounds.com/ego-driver/","Exact manufacturer model page with circuit, controls and customization details"
"Anasounds","ego driver","https://anasounds.com/produit/ego-driver-black-full-kit/","Manufacturer product page with model history and 18V headroom details"
"Anasounds","feed me mk3","https://anasounds.com/feed-me-fx-teacher/","Exact manufacturer model page with MK1/MK2/MK3 history and controls"
"Anasounds","feed me mk3","https://anasounds.com/feed-me-fx-teacher-user-manual/","Exact manufacturer user manual with MK3 settings and history"
"Anasounds","full story","https://anasounds.com/the-full-story/","Exact manufacturer model page with Tone Card architecture and version history"
"Anasounds","full story","https://anasounds.com/full-story-origins-user-manual/","Exact manufacturer user manual describing Full Story versions and Tone Cards"
"Anasounds","high voltage","https://anasounds.com/products/origins-pedals/high-voltage/","Exact manufacturer model page with controls, clipping/voicing and power details"
"Anasounds","sandman","https://anasounds.com/sandman/","Exact manufacturer model/history page tying Sandman to Savage MkI and Ego Driver"
"Anasounds","savage","https://anasounds.com/products/origins-pedals/savage/","Exact manufacturer model page with controls, voicing and circuit details"
"Anasounds","savage","https://anasounds.com/products/origins-pedals/","Manufacturer Origins catalog explicitly listing Savage as a transparent overdrive"
"Animals Pedal","ANGEL BEAR FACE FUZZ","https://animalspedal.us/products/ap-skr-abffk","Exact-model Animals Pedal USA page with silicon fuzz and controls"
"Animals Pedal","ANGEL BEAR FACE FUZZ","https://pedalfilter.com/animals-pedal/angel-bear-face-fuzz","Independent exact-model specification page"
"Animals Pedal","Diamond Peak Hybrid Over Drive","https://animalspedal.us/products/animals-pedal-diamond-peak-hybrid-over-drive","Exact-model Animals Pedal USA page with circuit and sound details"
"Animals Pedal","FISHING IS AS FUN AS FUZZ","https://animalspedal.us/products/animals-pedal-fishing-is-as-fun-as-fuzz","Candidate exact-model USA page; admit only if URL resolves and identity verifies"
"Animals Pedal","FISHING IS AS FUN AS FUZZ","https://animalspedal.us/products/ap-fffuzz-limited-edition","Exact-model USA page with original Fishing Is As Fun As Fuzz description"
"Animals Pedal","FISHING IS AS FUN AS FUZZ LIMITED EDITION","https://animalspedal.us/products/ap-fffuzz-limited-edition","Exact-model Animals Pedal USA limited-edition page"
"Animals Pedal","FISHING IS AS FUN AS FUZZ LIMITED EDITION","https://onethousandpedals.com/pedal/animals-pedal-ap-fffuzz-limited-edition","Independent exact-model specification page"
"Animals Pedal","I Was A Wolf In The Forest Distortion","https://animalspedal.us/products/animals-pedal-i-was-a-wolf-in-the-forest-distortion","Exact-model Animals Pedal USA page with controls and specifications"
"Animals Pedal","I Was A Wolf In The Forest Distortion","https://onethousandpedals.com/pedal/animals-pedal-i-was-a-wolf-in-the-forest-distortion","Independent exact-model specification page"
"Animals Pedal","In Oct,3 Foxes talking of dreamy FUZZ","https://animalspedal.us/products/animals-pedal-in-oct-3-foxes-talking-of-dreamy-fuzz","Exact-model Animals Pedal USA page with octave-fuzz controls and specifications"
"Animals Pedal","Major Overdrive","https://animalspedal.us/products/animals-pedal-major-overdrive","Exact-model Animals Pedal USA page with circuit concept and sound details"
"Animals Pedal","Major Overdrive","https://animalspedal.us/collections/all/distortion","Animals Pedal catalog page listing the exact model"
"Analog Noir","Tone Bender MK1.5 / Tone Bender MKII","https://analognoirelectric.com/pedals","Exact builder pedal index with named Tone Bender MK1.5 / MKII entry"
"Analog Noir","Tone Bender MKI / Rangemaster Treble Booster","https://analognoirelectric.com/pedals","Exact builder pedal index with named Tone Bender MKI / Rangemaster entry"
"Anasounds","ego driver","https://www.zikinf.com/materiel/anasounds-ego-driver%2C41876","Exact-model independent review with controls, voicing, clipping, and 2019 product context"
"Anasounds","feed me mk3","https://www.effectsdatabase.com/model/anasounds/feedme/mk3","Exact Effects Database model page for independent product identity/reference"
"Anasounds","high voltage","https://anasounds.com/wp-content/uploads/2018/05/noticehighvoltageen.pdf","Exact manufacturer manual with electrical specifications"
"Anasounds","sandman","https://anasounds.com/anasounds-sandman-user-manual/","Exact manufacturer manual with controls, Ge/Si clipping, trimpots, power and headroom"
"Anasounds","savage","https://anasounds.com/produit/savage/","Exact manufacturer product page with current electrical specifications"
"Anasounds","savage","https://anasounds.com/anasounds-sandman-user-manual/","Manufacturer documentation confirming unchanged Savage MkI circuit and Ge/Si clipping in Sandman"
"Animal Factory Amplification","Baron Samedi","https://animalfactoryamps.com/products/animal-four-baron-samedi","Exact manufacturer archived product page; current discontinued status, Bosstone lineage, five-control architecture"
"Animal Factory Amplification","Baron Samedi","https://www.guitarmoderne.com/gear-2/fuzz-fuzz-fuzz-the-ultimate-fuzz-roundup","Exact-model independent coverage with control behavior and Bosstone relationship"
"Animal Factory Amplification","Godeater","https://animalfactoryamps.com/blogs/news/godeater-2020-edition-open-for-orders","Exact manufacturer 2020 Edition announcement with clipping knobs, dedicated clean output, balanced option and relay switching"
"Animal Factory Amplification","Godeater","https://animalfactoryamps.com/blogs/news/superbooth-2023-news-animal-factory-reveals-new-pedal-and-synth-prototypes","Exact manufacturer v3 announcement with balanced output and output mixer stage"
"Animal Factory Amplification","Ozymandias","https://animalfactoryamps.com/products/ozymandias-dual-overdrive-distortion-pedal","Exact manufacturer product page with CROOK/FLAIL controls, routing and 9–12V/500mA specification"
"Animal Factory Amplification","Ozymandias","https://animalfactoryamps.com/blogs/news/updating-the-firmware-on-animal-factory-godeater-ozymandias-and-dirty-mirror-pedals","Exact manufacturer firmware documentation with current Ozymandias operating modes"
"Animal Factory Amplification","Pit Viper","https://animalfactoryamps.com/en-au/products/animal-five-pit-viper","Exact manufacturer pedal page with 2015/2019 history, current discontinued v2 status and controls"
"Animal Factory Amplification","Pit Viper","https://manuals.plus/m/311fab3a8020022ff5bb9cd1cc2b73679430335ff392149e5d74553e7c3ad5a7","Exact manual transcription with power, impedance and clipping behavior"
"Animals Pedal","Diamond Peak Hybrid Over Drive","https://www.animalspedal.jp/en/products/animals-pedal-diamond-peak-hybrid-over-drive","Exact manufacturer product page with controls and electrical specifications"
"Animals Pedal","Diamond Peak Hybrid Over Drive","https://www.effectsdatabase.com/model/animals/diamondpeak","Exact-model independent database entry with Skreddy Major Overdrive lineage"
"Animals Pedal","In Oct,3 Foxes talking of dreamy FUZZ","https://www.animalspedal.jp/products/animals-pedal-in-oct-3-foxes-talking-of-dreamy-fuzz","Exact manufacturer product page and manual reference"
"Animals Pedal","PUSH & PULL DISTORTION","https://animalspedal.us/products/animals-pedal-push-pull-distortion","Exact manufacturer USA page with brown-sound target, controls and electrical specifications"
"Animals Pedal","PUSH & PULL DISTORTION","https://www.animalspedal.jp/en/products/animals-pedal-push-pull-distortion","Exact manufacturer Japan page with controls, power and specifications"
"Animals Pedal","PUSH & PULL DISTORTION LIMITED EDITION","https://animalspedal.us/products/ap-pushpuslldist-limited-edition","Exact USA limited-edition product page with edition context and shared PNPD specifications"
"Animals Pedal","PUSH & PULL DISTORTION LIMITED EDITION C","https://animalspedal.us/products/ppdist-limited-c","Exact USA limited-edition product page with bundle context and shared PNPD specification"
"Animals Pedal","Rover Fuzz","https://www.animalspedal.jp/products/animals-pedal-rover-fuzz-1","Exact manufacturer product page with controls, power and latest-version changes"
"Animals Pedal","Rover Fuzz","https://www.animalspedal.jp/en/pages/pedal-summary","Exact manufacturer product summary with Marc Ahlfs/Skreddy attribution and vintage-fuzz lineage"
"Animals Pedal","Rust Rod Fuzz","https://animalspedal.us/products/animals-pedal-rust-rod-fuzz","Exact manufacturer product page with Ram's Head lineage, controls and version refinement"
"DOD Electronics","FX76 Punkifier","https://www.effectsdatabase.com/model/dod/fx/fx76","Exact Effects Database model page"
"DOD Electronics","FX76 Punkifier","https://reverb.com/p/dod-punkifier-fx76-1997","Exact-model Reverb reference page"
"DOD Electronics","FX76 Punkifier","https://www.synthxl.com/dod-fx-76/","Exact-model service-manual/reference page"
"DOD Electronics","Grind (FX101)","https://digitech.com/product-manuals/","Official DOD/DigiTech product-manual index"
"DOD Electronics","Grind (FX101)","https://manuals.plus/dod/fx101-grind-manual","Exact-model DOD FX101 manual"
"DOD Electronics","Grunge (FX69B)","https://digitech.com/wp-content/uploads/2025/07/DOD-FX69B-Grunge-Manual.pdf","Official DOD FX69B manual"
"DOD Electronics","Grunge (FX69B)","https://device.report/m/01678c44163fb0e6286eed75788f1ff1a5dd59aef01b29bfb9af369c8c49589a","Exact-model FX69B manual mirror"
"DOD Electronics","Juice Box Overdrive (FX51)","https://digitech.com/product-manuals/","Official DOD/DigiTech product-manual index"
"DOD Electronics","Juice Box Overdrive (FX51)","https://device.report/manual/17461292","Exact-model DOD FX51 manual"
"DOD Electronics","Metal X (FX70)","https://digitech.com/product-manuals/","Official DOD/DigiTech product-manual index"
"DOD Electronics","Metal X (FX70)","https://manuals.plus/dod/fx70-metal-x-distortion-guitar-effect-pedal-manual","Exact-model DOD FX70 manual"
"DOD Electronics","Mystic Blues Overdrive (FX102)","https://digitech.com/product-manuals/","Official DOD/DigiTech product-manual index"
"DOD Electronics","Mystic Blues Overdrive (FX102)","https://device.report/manual/17461186","Exact-model DOD FX102 manual; finish-line verification"
"DOD Electronics","Supra Distortion (FX55C)","https://digitech.com/product-manuals/","Official DOD/DigiTech product-manual index"
"DOD Electronics","Supra Distortion (FX55C)","https://device.report/dod/fx55c","Exact-model DOD FX55C reference and manual index"
"EarthQuaker Devices","Barrows — Fuzz Attacker","https://www.earthquakerdevices.com/barrows","Exact manufacturer product page"
"EarthQuaker Devices","Barrows — Fuzz Attacker","https://www.effectsdatabase.com/model/earthquaker/barrows","Exact Effects Database model page"
"EarthQuaker Devices","Bellows — Fuzz Driver","https://www.earthquakerdevices.com/bellows","Exact manufacturer product page"
"EarthQuaker Devices","Bellows — Fuzz Driver","https://www.effectsdatabase.com/model/earthquaker/bellows","Exact Effects Database model page"
"EarthQuaker Devices","Black Ash — Endangered Fuzz","https://www.earthquakerdevices.com/black-ash","Exact manufacturer legacy product page"
"EarthQuaker Devices","Black Ash — Endangered Fuzz","https://www.effectsdatabase.com/model/earthquaker/blackash","Exact Effects Database model page"
"EarthQuaker Devices","Blumes — Low Signal Shredder / overdrive","https://www.earthquakerdevices.com/blumes","Exact manufacturer product page"
"EarthQuaker Devices","Blumes — Low Signal Shredder / overdrive","https://www.effectsdatabase.com/model/earthquaker/blumes","Exact Effects Database model page"
"EarthQuaker Devices","Chelsea — Low End Fuzz Driver","https://www.earthquakerdevices.com/chelsea","Exact manufacturer product page"
"EarthQuaker Devices","Chelsea — Low End Fuzz Driver","https://www.effectsdatabase.com/model/earthquaker/chelsea","Exact Effects Database model page"
"EarthQuaker Devices","Dirt Transmitter — Fuzz Driver","https://www.earthquakerdevices.com/dirt-transmitter","Exact manufacturer product page"
"EarthQuaker Devices","Dirt Transmitter — Fuzz Driver","https://www.effectsdatabase.com/model/earthquaker/dirttransmitter","Exact Effects Database model page"
"EarthQuaker Devices","Dunes — Mini Mega Ultimate Overdrive","https://www.earthquakerdevices.com/dunes","Exact manufacturer legacy product page"
"EarthQuaker Devices","Dunes — Mini Mega Ultimate Overdrive","https://www.effectsdatabase.com/model/earthquaker/dunes","Exact Effects Database model page"
"EarthQuaker Devices","Erupter — Ultimate Fuzz Tone","https://www.earthquakerdevices.com/erupter","Exact manufacturer product page"
"EarthQuaker Devices","Erupter — Ultimate Fuzz Tone","https://www.effectsdatabase.com/model/earthquaker/erupter","Exact Effects Database model page"
"EarthQuaker Devices","Fuzz Master General — Octave Fuzz Blaster","https://www.earthquakerdevices.com/fuzz-master-general","Exact manufacturer legacy product page"
"EarthQuaker Devices","Fuzz Master General — Octave Fuzz Blaster","https://www.effectsdatabase.com/model/earthquaker/fuzzmaster","Exact Effects Database model page"
"EarthQuaker Devices","Gary — Automatic Pulse Width Modulation Fuzz and Dynamic Natural Overdrive","https://www.earthquakerdevices.com/gary","Exact manufacturer product page"
"EarthQuaker Devices","Gary — Automatic Pulse Width Modulation Fuzz and Dynamic Natural Overdrive","https://www.effectsdatabase.com/model/earthquaker/gary","Exact Effects Database model page"
"EarthQuaker Devices","Gray Channel — Dynamic Dirt Doubler","https://www.earthquakerdevices.com/gray-channel","Exact manufacturer legacy product page"
"EarthQuaker Devices","Gray Channel — Dynamic Dirt Doubler","https://www.effectsdatabase.com/model/earthquaker/graychannel","Exact Effects Database model page"
"EarthQuaker Devices","Hizumitas — Fuzz Sustainar","https://www.earthquakerdevices.com/hizumitas","Exact manufacturer product page"
"EarthQuaker Devices","Hizumitas — Fuzz Sustainar","https://www.effectsdatabase.com/model/earthquaker/hizumitas","Exact Effects Database model page"
"EarthQuaker Devices","Hoof — Hybrid Fuzz","https://www.earthquakerdevices.com/hoof","Exact manufacturer product page"
"EarthQuaker Devices","Hoof — Hybrid Fuzz","https://www.effectsdatabase.com/model/earthquaker/hooffuzz","Exact Effects Database model page"
"EarthQuaker Devices","Hoof Reaper — Double Fuzz with Octave Up","https://www.earthquakerdevices.com/hoof-reaper","Exact manufacturer legacy product page"
"EarthQuaker Devices","Hoof Reaper — Double Fuzz with Octave Up","https://www.effectsdatabase.com/model/earthquaker/hoofreaper","Exact Effects Database model page"
"Dwarfcraft Devices","SheFuzz / formerly Shiva","https://www.effectsdatabase.com/model/dwarfcraft/shefuzz","Exact Effects Database model page and historical name-change record"
"Dwarfcraft Devices","SheFuzz / formerly Shiva","https://www.premierguitar.com/dwarfcraft-devices-announces-shefuzz-pedal","Exact-model historical announcement documenting SheFuzz formerly Shiva"
"DOD Electronics","Juice Box Overdrive (FX51)","https://www.effectsdatabase.com/model/dod/fx/51","Exact Effects Database DOD FX51 model family page"
"DOD Electronics","Juice Box Overdrive (FX51)","https://www.americaspedals.net/fx51.html","Exact historical/specification reference with both FX51 cosmetic versions"
"DOD Electronics","Juice Box Overdrive (FX51)","https://en.audiofanzine.com/guitar-distortion-overdrive-fuzz/dod/FX51-Juice-Box/","Exact-model independent review"
"EarthQuaker Devices","Dirt Transmitter Legacy Reissue — consolidated with Dirt Transmitter","https://www.earthquakerdevices.com/legacy","Exact EQD legacy product listing"
"EarthQuaker Devices","Dirt Transmitter Legacy Reissue — consolidated with Dirt Transmitter","https://www.effectsdatabase.com/model/earthquaker/dirttransmitter","Exact Effects Database model page"
"EarthQuaker Devices","Dirt Transmitter Legacy Reissue — Fuzz Driver","https://www.earthquakerdevices.com/legacy","Exact EQD legacy product listing"
"EarthQuaker Devices","Dirt Transmitter Legacy Reissue — Fuzz Driver","https://www.effectsdatabase.com/model/earthquaker/dirttransmitter","Exact Effects Database model page"
"EarthQuaker Devices","Fuzz Master General Legacy Reissue — consolidated with Fuzz Master General","https://www.earthquakerdevices.com/legacy","Exact EQD legacy product listing"
"EarthQuaker Devices","Fuzz Master General Legacy Reissue — consolidated with Fuzz Master General","https://www.effectsdatabase.com/model/earthquaker/fuzzmaster","Exact Effects Database model page"
"EarthQuaker Devices","Fuzz Master General Legacy Reissue — Limited Edition Octave Fuzz Blaster","https://www.earthquakerdevices.com/legacy","Exact EQD legacy product listing"
"EarthQuaker Devices","Fuzz Master General Legacy Reissue — Limited Edition Octave Fuzz Blaster","https://www.effectsdatabase.com/model/earthquaker/fuzzmaster","Exact Effects Database model page"
"EarthQuaker Devices","Palisades — Mega Ultimate Overdrive","https://www.earthquakerdevices.com/palisades","Exact EQD product page"
"EarthQuaker Devices","Palisades — Mega Ultimate Overdrive","https://www.effectsdatabase.com/model/earthquaker/palisades","Exact Effects Database model page"
"EarthQuaker Devices","Park Fuzz Sound — Vintage Germanium Fuzz Tone","https://www.earthquakerdevices.com/legacy","Exact EQD legacy product listing"
"EarthQuaker Devices","Park Fuzz Sound — Vintage Germanium Fuzz Tone","https://www.effectsdatabase.com/model/park/colby/fuzzsound","Exact Effects Database page documenting the EQD reissue"
"EarthQuaker Devices","Plumes — Small Signal Shredder / overdrive","https://www.earthquakerdevices.com/plumes","Exact EQD product page"
"EarthQuaker Devices","Plumes — Small Signal Shredder / overdrive","https://www.effectsdatabase.com/model/earthquaker/plumes","Exact Effects Database model page"
"EarthQuaker Devices","Sound Shank — Germanium Fuzz","https://www.earthquakerdevices.com/legacy","Exact EQD legacy product listing"
"EarthQuaker Devices","Sound Shank — Germanium Fuzz","https://www.effectsdatabase.com/model/earthquaker/soundshank","Exact Effects Database model page"
"EarthQuaker Devices","Speaker Cranker — Overdrive","https://www.earthquakerdevices.com/legacy","Exact EQD legacy product listing"
"EarthQuaker Devices","Speaker Cranker — Overdrive","https://www.effectsdatabase.com/model/earthquaker/speakercranker","Exact Effects Database model page"
"DOD Electronics","Juice Box Overdrive (FX51)","https://manualzz.com/doc/10785227/dod-fx51-overdrive-juice-box-user-manual","Exact-model 1996 DOD FX51 manual mirror"
"DOD Electronics","Supra Distortion (FX55C)","https://www.effectsdatabase.com/model/dod/fx/fx55c","Exact Effects Database model page for FX55C"
"DOD Electronics","Grind (FX101)","https://manualzz.com/doc/10517796/dod-fx101-guitar-effect-pedal-user-manual","Exact-model DOD FX101 manual mirror"
"Fjord Fuzz","Berserk — consolidated identity across V1/V2/V3","https://pedalfilter.com/fjord-fuzz/berserk","Exact-model PedalFilter reference"
"Fjord Fuzz","Berserk — consolidated identity across V1/V2/V3","https://reverb.com/item/54635495-fjord-fuzz-berserk-pedal","Exact-model Reverb listing"
"Fjord Fuzz","Bjørn","https://tgt11.com/products/fjord-fuzz-bjorn-fuzz","Exact-model dealer/product page"
"Fjord Fuzz","Bjørn","https://www.pedalempire.com.au/products/fjord-fuzz-bjorn","Exact-model dealer/product page"
"Fjord Fuzz","Måne","https://www.pedalempire.com.au/products/fjord-fuzz-mane-grey-white-blue","Exact-model dealer/product page"
"Fjord Fuzz","Måne","https://www.guitarpedalx.com/news/gpx-blog/fjord-fuzz-returns-to-its-roots-with-the-visceral-fuzz-rollercoaster---mane-2-x-2-dynamic-filter-fuzz","Exact-model Guitar Pedal X coverage"
"Friedman Amplification","BE-OD","https://friedmanamplification.com/shop/pedals/be-od/","Exact manufacturer product page"
"Friedman Amplification","BE-OD","https://reverb.com/p/friedman-be-od","Exact-model Reverb reference"
"Fulltone","Hi-Mu","https://www.fulltoneusa.com/pages/manuals","Manufacturer manuals index listing Hi-Mu"
"Fulltone","Hi-Mu","https://fulltone.myshopify.com/products/custom-shop-hi-mu-cs-hm","Exact manufacturer product page"
"Fjord Fuzz","Bufo","https://proghurst.co.uk/2020/06/shaman-elephant-wide-awake-but-still-asleep-review-interview/","Exact-model historical mention of Fjord Fuzz Bufo"
"Fjord Fuzz","Bufo","https://www.guitarpedalx.com/news/fjord-fuzz---daniel-thornhills-cutting-edge-futuristic-fuzz-pedals-from-the-west-coast-of-norway","Exact-model historical Fjord Fuzz range reference"
"Fjord Fuzz","Mjølner","https://guitar-fx-layouts.238.s1.nabble.com/Fjord-Fuzz-Mj-lner-td43570.html","Exact-model historical DIY/layout discussion"
"Fjord Fuzz","Mjølner","https://www.guitarpedalx.com/news/fjord-fuzz---daniel-thornhills-cutting-edge-futuristic-fuzz-pedals-from-the-west-coast-of-norway","Exact-model historical Fjord Fuzz range reference"
"Fjord Fuzz","Fjord-Fuzz Super-Fuzz","https://www.guitarpedalx.com/news/fjord-fuzz---daniel-thornhills-cutting-edge-futuristic-fuzz-pedals-from-the-west-coast-of-norway","Exact-model historical Fjord Fuzz range reference"
"Fjord Fuzz","Fjord-Fuzz Super-Fuzz","https://www.guitarpedalx.com/news/gpx-blog/fjord-fuzz-2021-range-revamp-launch---new-varieties-of-berserk-bifrost-embla-fenris-and-odin-fuzz--delay-pedals","Exact-model historical range coverage"
"EarthQuaker Devices","Special Cranker — Overdrive","https://www.earthquakerdevices.com/special-cranker","Exact manufacturer product page"
"EarthQuaker Devices","Special Cranker — Overdrive","https://www.effectsdatabase.com/model/earthquaker/specialcranker","Exact Effects Database model page"
"EarthQuaker Devices","Spires — Fuzz Doubler","https://www.earthquakerdevices.com/spires","Exact manufacturer product page; discontinued device"
"EarthQuaker Devices","Spires — Fuzz Doubler","https://www.effectsdatabase.com/model/earthquaker/spires","Exact Effects Database model page"
"EarthQuaker Devices","Talons — High Gain Overdrive","https://www.earthquakerdevices.com/talons","Exact manufacturer product page; discontinued device"
"EarthQuaker Devices","Talons — High Gain Overdrive","https://www.effectsdatabase.com/model/earthquaker/talons","Exact Effects Database model page"
"EarthQuaker Devices","Terminal — Destructive Fuzz Device","https://www.earthquakerdevices.com/terminal","Exact manufacturer product page; discontinued device"
"EarthQuaker Devices","Terminal — Destructive Fuzz Device","https://www.effectsdatabase.com/model/earthquaker/terminal","Exact Effects Database model page"
"EarthQuaker Devices","Westwood — Translucent Drive Manipulator","https://www.earthquakerdevices.com/westwood","Exact manufacturer product page"
"EarthQuaker Devices","Westwood — Translucent Drive Manipulator","https://www.effectsdatabase.com/model/earthquaker/westwood","Exact Effects Database model page"
"EarthQuaker Devices","White Light Legacy Reissue — Overdrive","https://www.earthquakerdevices.com/legacy","Exact EQD legacy device listing"
"EarthQuaker Devices","White Light Legacy Reissue — Overdrive","https://www.effectsdatabase.com/model/earthquaker/whitelight","Exact Effects Database model page"
"EarthQuaker Devices","Zoar — Dynamic Audio Grinder / distortion","https://www.earthquakerdevices.com/zoar","Exact manufacturer product page"
"EarthQuaker Devices","Zoar — Dynamic Audio Grinder / distortion","https://www.effectsdatabase.com/model/earthquaker/zoar","Exact Effects Database model page"
"EarthQuaker Devices","Rancho de la Luna Dirt Transmitter — Fuzz Driver","https://www.earthquakerdevices.com/rancho-de-la-luna-dirt-transmitter","Exact manufacturer collaboration page"
"GuitarSlinger Effects","87 MKIII High Gain Distortion","https://www.guitarslingerproducts.com/en/GuitarSlinger-Effects/Wiring-Kits-Pedals-More/Pedals/87-MKIII-High-Gain-Distortion-Pedal-Legendary-87-Guitar-Sound.html","Exact manufacturer product page"
"GuitarSlinger Effects","87 MKIII High Gain Distortion","https://reverb.com/item/47911865-guitar-slinger-87-mkiii","Exact-model Reverb listing"
"Hungry Robot","FZ","https://www.hungryrobotpedals.com/hr-fz","Exact manufacturer product page"
"Hungry Robot","FZ","https://www.effectsdatabase.com/model/hungryrobot/fz","Exact Effects Database model page"
"Hudson Electronics","Motorcycle — limited collaboration with Joe's Pedals","https://hudsonelectronicsuk.com/product/motorcycle/","Exact manufacturer product page"
"Hudson Electronics","Motorcycle — limited collaboration with Joe's Pedals","https://joespedals.com/products/motorcycle-overdrive","Exact-model Joe's Pedals collaboration page"
"IdiotBox Effects","Holy Trooper Fuzz (retired)","https://www.idiotboxeffects.com/product/retired-designs","Exact manufacturer retired-design record"
"IdiotBox Effects","Lazer Phazer (retired)","https://www.idiotboxeffects.com/product/retired-designs","Exact manufacturer retired-design record"
"Himmelstrutz Elektro Art","FETTO SC","https://www.himmelstrutz.com/downloads/himmelstrutz-fetto-sc-owners-manual-001-web.pdf","Exact manufacturer FETTO SC manual"
"Himmelstrutz Elektro Art","FETTO 9.0","https://www.himmelstrutz.com/downloads/himmelstrutz-fetto-9-owners-manual-001-web.pdf","Exact manufacturer FETTO 9.0 manual"
"Himmelstrutz Elektro Art","FETTO Jr","https://himmelstrutz.com/download/","Exact manufacturer downloads archive"
"Himmelstrutz Elektro Art","TÔNKer","https://himmelstrutz.com/download/","Exact manufacturer downloads archive"
"Greer Amps","No.9 Drive and Distortion","https://www.greeramps.com/pages/sitemap","Exact Greer Amps sitemap listing the model"
"Greer Amps","Reactor #4","https://www.greeramps.com/pages/sitemap","Exact Greer Amps sitemap listing the model"
"IdiotBox Effects","Lazer Fuzz (retired)","https://www.idiotboxeffects.com/product/retired-designs","Exact manufacturer retired-design record"
"IdiotBox Effects","No Moon 2 — coming soon","https://www.idiotboxeffects.com/category/fuzz-distortion-overdrive","Exact manufacturer category listing the No Moon 2 model"
"DOD Electronics","Metal X (FX70)","https://www.effectsdatabase.com/model/dod/fx70","Exact Effects Database DOD FX70 Metal X model page; finish-line verification; orphan-adoption pass; safe metadata gate"
"J. Rockett Audio Designs","Archer Ikon OD","https://rockettpedals.com/wp-content/uploads/2022/12/ikon-manual.pdf","Exact manufacturer Archer Ikon manual"
"J. Rockett Audio Designs","Archer Ikon OD","https://www.soundonsound.com/reviews/j-rockett-archer-archer-ikon","Independent exact Archer Ikon review"
"Jackson Audio","Classic Vintage Fuzz","https://jackson.audio/pages/fuzz-user-manual","Exact manufacturer manual documenting Classic Vintage module"
"Jackson Audio","Classic Vintage Fuzz","https://www.sweetwater.com/store/detail/FuzzJA--jackson-audio-fuzz-modular-fuzz-pedal","Independent exact FUZZ product reference documenting Classic Vintage module"
"JAM Pedals","Rattler Bass / Rattler Bass MKII","https://www.jampedals.com/rattler-bass/","Exact manufacturer Rattler Bass product page"
"JAM Pedals","Rattler Bass / Rattler Bass MKII","https://onethousandpedals.com/pedal/jam-pedals-rattler-bass","Independent exact Rattler Bass reference"
"JHS Pedals","Notadümb̈le V2","https://jhspedals.info/products/notadumble-v2","Exact manufacturer NOTADÜMBLË V2 page"
"JHS Pedals","Notadümblo V2","https://jhspedals.info/products/notadumble-v2","Manufacturer page documenting the canonical NOTADÜMBLË V2 identity; alias corroboration"
"JHS Pedals","Notadümbळë V2","https://jhspedals.info/products/notadumble-v2","Manufacturer page documenting the canonical NOTADÜMBLË V2 identity; alias corroboration"
"JHS Pedals","Steak and Eggs Overdrive/Compressor","https://jhspedals.info/products/steak-n-eggs","Exact manufacturer product page"
"JHS Pedals","The Violet / Violet","https://jhspedals.info/products/the-violet","Exact manufacturer VIOLET product page"
"JHS Pedals","Violet","https://jhspedals.info/products/the-violet","Exact manufacturer VIOLET product page"
"Keeley Electronics","Dark Side Fuzz/Phaser","https://robertkeeley.com/product/dark-side/","Exact manufacturer Dark Side product page"
"Keeley Electronics","Dark Side Fuzz/Phaser","https://robertkeeley.com/product/germanium-dark-side/","Independent exact manufacturer variant page"
"Katanasound","Super Bass Octave Fuzz","https://www.gbase.com/gear/katanasound-super-bass-fuzz","Exact-model Katanasound Super Bass Fuzz / Bass Octave Fuzz product page"
"Katanasound","Super Bass Octave Fuzz","https://reverb.com/item/3283218-katanasound-super-bass-fuzz-bass-octave-fuzz-pedal","Exact-model Reverb listing"
"DOD Electronics","Mystic Blues Overdrive (FX102)","https://www.effectsdatabase.com/model/dod/fx/fx102","Exact Effects Database FX102 model page"
"DOD Electronics","Mystic Blues Overdrive (FX102)","https://en.audiofanzine.com/overdrive-pedal/dod/FX102-Mystic-Blues/","Exact Audiofanzine FX102 model page"
"JHS Pedals","Steak and Eggs Overdrive/Compressor","https://www.effectsdatabase.com/model/jhspedals/keeley/steakeggs","Exact Effects Database JHS/Keeley Steak & Eggs page"
"JHS Pedals","The Violet / Violet","https://www.effectsdatabase.com/model/jhspedals/violet","Exact Effects Database JHS Violet model page"
"Himmelstrutz Elektro Art","FETTO 9.0","https://www.rockboard.de/en/pedalPedia/Himmelstrutz/Fetto-Nord-70/68979851/","Independent Himmelstrutz reference connecting FETTO 9.0 lineage"
"Himmelstrutz Elektro Art","FETTO SC","https://www.reverb.com/item/2756717-himmelstrutz-fetto-sc-2010-s-white","Exact-model Reverb listing"
"Fjord Fuzz","Bjørn","https://www.youtube.com/watch?v=JCMBKoDPOyU","Official Fjord Fuzz BJØRN announcement/demo identifying the model and lineage"
"Fjord Fuzz","Bjørn","https://pedalfilter.com/fjord-fuzz/bjorn","Independent exact-model reference"
"Fjord Fuzz","Bjørn","https://fr.audiofanzine.com/fuzz-guitare/fjord-fuzz/bj-rn/","Exact Audiofanzine Bjørn model page"
"Fjord Fuzz","Bjørn","https://reverb.com/item/90902381-fjord-fuzz-bjorn-fuzz-guitar-effect-pedal-made-in-norway-truetone-colors","Exact-model Reverb listing"
"Fjord Fuzz","Fjord-Fuzz Super-Fuzz","https://www.youtube.com/watch?v=L-C3bUoiUP4","Exact Fjord Fuzz-owned 2018 demo identifying the Super Fuzz based run and its controls"
"Fulltone","Hi-Mu","https://www.sweetwater.com/store/detail/HiMu--fulltone-custom-shop-hi-mu-distortion-pedal","Independent exact-model Sweetwater product page"
"Fulltone","Hi-Mu","https://onethousandpedals.com/pedal/fulltone-hi-mu","Independent exact-model technical reference"
"KMA Machines","Queequeq 2","https://www.rockboard.de/en/pedalPedia/KMA-Machines/Queequeq-2/68980943/","Exact-model RockBoard PedalPedia reference"
"KMA Machines","Queequeq 2","https://www.gbase.com/gear/kma-audio-machines-kma-37","Exact-model GBase reference with KMA product description"
"KMA Machines","Queequeq 2","https://manuals.plus/kma-machines/540653-queequeq-2-sub-generator-effect-pedal-for-electric-guitar-and-bass-manual","Exact-model KMA Queequeg 2 manual mirror"
"KMA Machines","Queequeq 2","https://www.boostguitarpedals.co.uk/products/kma-machines-queequeq-2","Exact-model dealer product page"
"KMA Machines","Queequeq 2","https://rigshare.com/products/queequeq-subgenerator-521180","Independent KMA Machines Queequeq reference page"
"Limetone Audio","funther OD/DS/FZ","https://limetoneaudio.com/prd_funther.html","Exact manufacturer page for discontinued funther"
"Limetone Audio","fuzzhog proto OD/DS/FZ","https://limetoneaudio.com/prd_fuzzhog.html","Exact manufacturer page for fuzzhog proto"
"Limetone Audio","JACKAL MIDNIGHT ADD CBF OD/DS/FZ","https://limetoneaudio.com/prd_jackalmidnightaddcbf.html","Exact manufacturer page for JACKAL MIDNIGHT ADD CBF"
"Limetone Audio","JACKAL MIDNIGHT OD/DS/FZ","https://limetoneaudio.com/prd_jackalmidnight.html","Exact manufacturer page for JACKAL MIDNIGHT"
"Limetone Audio","JACKAL OD/DS/FZ","https://limetoneaudio.com/prd_jackaldc.html","Exact manufacturer page for JACKAL / JACKAL MIDNIGHT"
"Limetone Audio","JACKAL MIDNIGHT ADD CBF OD/DS/FZ","https://reverb.com/item/91980897-limetone-audio-jackal-midnight-add-cbf","Independent exact-model Reverb listing"
"Limetone Audio","JACKAL MIDNIGHT ADD CBF OD/DS/FZ","https://limetone.theshop.jp/items/80170379","Limetone store product page"
"Limetone Audio","JACKAL MIDNIGHT OD/DS/FZ","https://www.soundhouse.co.jp/en/news/detail?NewsNo=18708","Independent exact-model Sound House announcement"
"Limetone Audio","JACKAL MIDNIGHT OD/DS/FZ","https://www.ikebe-gakki.com/Form/Product/ProductDetail.aspx?bid=ec&cat=efx002&pid=754743&shop=0","Independent exact-model Ikebe product page"
"Lovepedal","COT 50 / Church of Tone 50","https://www.premierguitar.com/lovepedal-church-of-tone-50","Independent exact-model Premier Guitar review"
"Lovepedal","COT 50 / Church of Tone 50","https://www.effectsdatabase.com/model/lovepedal/cot50","Independent exact-model Effects Database page"
"Lovepedal","COT 50 Boost / Overdrive","https://www.lovepedal.com/history/","Manufacturer history page explicitly identifying COT 50 Boost / Overdrive"
"Mad Professor Amplification","Albert's Overdrive","https://mpamp.com/product/42/alberts-overdrive","Exact manufacturer product page; discontinued"
"Mad Professor Amplification","Blueberry Bass Overdrive","https://reverb.com/p/mad-professor-blueberry-bass-overdrive","Independent exact-model Reverb product reference"
"Mad Professor Amplification","Sweet Honey Overdrive Handwired","https://mpamp.com/product/93/sweet-honey-overdrive-handwired","Exact manufacturer product page"
"Mad Professor Amplification","Sweet Honey Overdrive Handwired","https://www.youtube.com/watch?v=me26GRuCcd4","Manufacturer-owned exact-model demo"
"MadeByMike","Dist²","https://www.madebymike.co.uk/dist2.shtml","Exact manufacturer product page"
"MadeByMike","Dist²","https://www.effectsdatabase.com/model/mxr/m142","Independent Effects Database page linking MadeByMike Dist2 to MXR M-142 Distortion II"
"MadeByMike","Germanium Fuzz Face","https://www.madebymike.co.uk/germaniumfuzzface.shtml","Exact manufacturer product page"
"MadeByMike","Germanium Fuzz Face","https://www.reddit.com/r/guitarpedals/comments/1kvrb6b/fuzz_face_bc_183/","Independent community reference naming MadeByMike Germanium Fuzz Face"
"Keeley Electronics","Dark Side Fuzz/Phaser","https://robertkeeley.com/product/keeley-dark-side-custom-shop-edition/","Exact manufacturer Dark Side product page"
"Keeley Electronics","Dark Side Fuzz/Phaser","https://reverb.com/p/keeley-dark-side","Independent exact-model Reverb product reference"
"Keeley Electronics","Dark Side Fuzz/Phaser","https://www.effectsdatabase.com/model/keeley/darkside","Independent exact-model Effects Database page"
"Marshall Amplification","1959 Overdrive Pedal","https://www.marshall.com/us/en/product/1959-overdrive-pedal?color=black%2Band%2Bgold&pid=1008154","Exact Marshall manufacturer product page"
"Marshall Amplification","1959 Overdrive Pedal","https://onethousandpedals.com/pedal/marshall-1959-overdrive-pedal","Independent exact-model technical reference"
"Marshall Amplification","1959 Overdrive Pedal","https://www.sweetwater.com/store/detail/1959Ped--marshall-1959-overdrive-distortion-pedal/reviews","Independent exact-model product/review page"
"CBS-Arbiter","CBS-Arbiter Fuzz Phazer","https://www.effectsdatabase.com/model/arbiter/cbs","Effects Database CBS-Arbiter series page explicitly listing CBS-Arbiter Fuzz Phazer"
"CBS-Arbiter","CBS-Arbiter Fuzz Phazer","https://www.freestompboxes.org/viewtopic.php?t=3214","Independent vintage-stompbox discussion explicitly naming the CBS-Arbiter Fuzz Phazer"
"CBS-Arbiter","CBS-Arbiter Fuzz Phazer","https://www.effectsdatabase.com/model/arbiter/cbs/fuzzphazer","Exact-model Effects Database page already documented in the canonical research record"
"JHS Pedals","Notadümblo V2","https://www.effectsdatabase.com/model/jhspedals/notadumble/v2","Exact-model Effects Database page"
"JHS Pedals","Notadümbळë V2","https://www.effectsdatabase.com/model/jhspedals/notadumble/v2","Exact-model Effects Database page"
"Marshall Amplification","Bluesbreaker Vintage Reissue","https://www.marshall.com/us/en/product/bluesbreaker-vintage-reissue-pedal?pid=1007074","Exact Marshall manufacturer product page"
"Marshall Amplification","Bluesbreaker Vintage Reissue","https://www.musicradar.com/news/marshall-vintage-reissue-pedals","Independent exact-model launch coverage"
"Marshall Amplification","Bluesbreaker Vintage Reissue Pedal","https://www.marshall.com/us/en/product/bluesbreaker-vintage-reissue-pedal?pid=1007074","Exact Marshall manufacturer product page"
"Marshall Amplification","Bluesbreaker Vintage Reissue Pedal","https://www.guitarcenter.com/Used/Marshall/Used-Marshall-blues-breaker-vintage-reissue-Effect-Pedal.gc","Independent exact-model product page"
"Mad Professor Amplification","Sweet Honey Overdrive Custom","https://mpamp.com/product/98/sweet-honey-overdrive-custom","Exact manufacturer product page"
"Mad Professor Amplification","Sweet Honey Overdrive Custom","https://kc-music.jp/mad-professor/sweet-honey-overdrive-custom.html","Independent distributor exact-model product page"
"Keeley Electronics","Dark Side Fuzz/Phaser","https://www.perfectcircuit.com/keeley-dark-side-1.html","Exact-model dealer/product page"
"Keeley Electronics","Dark Side Fuzz/Phaser","https://www.guitarcenter.com/Keeley/Dark-Side-Workstation-Analog-Multi-Effects-Pedal.gc","Exact-model dealer/product page"
"Limetone Audio","funther OD/DS/FZ","https://limetoneaudio.com/","Manufacturer product index"
"Limetone Audio","fuzzhog proto OD/DS/FZ","https://limetoneaudio.com/","Manufacturer product index"
"Limetone Audio","JACKAL MIDNIGHT OD/DS/FZ","https://limetoneaudio.com/","Manufacturer product index"
"Limetone Audio","JACKAL OD/DS/FZ","https://limetoneaudio.com/prd_jackal.html","Exact manufacturer product page"
"Limetone Audio","JACKAL OD/DS/FZ","https://limetoneaudio.com/","Manufacturer product index"
"Fulltone","Hi-Mu","https://www.fulltoneusa.com/products/","Exact manufacturer collection listing Hi-Mu"
"Lovepedal","COT 50 / Church of Tone 50","https://www.lovepedal.com/history/","Manufacturer history page identifying COT 50 / Church of Tone 50"
"Lovepedal","COT 50 Boost / Overdrive","https://www.premierguitar.com/lovepedal-church-of-tone-50","Exact-model historical feature"
"Mad Professor Amplification","Albert's Overdrive","https://pedalfilter.com/mad-professor/alberts-overdrive","Independent exact-model reference"
"Mad Professor Amplification","Blueberry Bass Overdrive","https://www.beyers-bass.de/Mad-Professor-Blueberry-Bass-Overdrive.html?language=en","Exact-model dealer reference"
"Mad Professor Amplification","Blueberry Bass Overdrive","https://nodetone.com/gear/mad-professor-blueberry-bass-overdrive","Independent exact-model reference"
"Mad Professor Amplification","Sweet Honey Overdrive Handwired","https://pedalfilter.com/mad-professor/sweet-honey-overdrive-handwired","Independent exact-model reference"
"MadeByMike","Dist²","https://www.effectsdatabase.com/model/madebymike/dist2","Independent exact-model reference"
"MadeByMike","Germanium Fuzz Face","https://www.effectsdatabase.com/model/madebymike/germaniumfuzzface","Independent exact-model reference"
"Marshall Amplification","DSL Overdrive Pedal","https://www.marshall.com/us/en/product/dsl-overdrive-pedal?pid=1008158","Exact manufacturer product page"
"Marshall Amplification","DSL Overdrive Pedal","https://onethousandpedals.com/pedal/marshall-dsl-overdrive-pedal","Independent exact-model specification page"
"Marshall Amplification","Drivemaster Vintage Reissue","https://www.marshall.com/us/en/product/drivemaster-vintage-reissue-pedal?pid=1007077","Exact manufacturer product page"
"Marshall Amplification","Drivemaster Vintage Reissue","https://www.musicradar.com/news/marshall-vintage-reissue-pedals","Independent launch coverage identifying Drivemaster reissue"
"Marshall Amplification","Drivemaster Vintage Reissue Pedal","https://www.marshall.com/us/en/product/drivemaster-vintage-reissue-pedal?pid=1007077","Exact manufacturer product page"
"Marshall Amplification","Drivemaster Vintage Reissue Pedal","https://www.musicradar.com/news/marshall-vintage-reissue-pedals","Independent launch coverage"
"Marshall Amplification","Guv'nor Vintage Reissue","https://www.marshall.com/us/en/product/guvnor-vintage-reissue-pedal?pid=1007075","Exact manufacturer product page"
"Marshall Amplification","Guv'nor Vintage Reissue","https://www.musicradar.com/news/marshall-vintage-reissue-pedals","Independent launch coverage"
"Marshall Amplification","DSL Overdrive Pedal","https://www.marshall.com/gb/en/product/dsl-overdrive-pedal","Alternate exact manufacturer regional page"
"Fulltone","Hi-Mu","https://www.effectsdatabase.com/model/fulltone/cs/himu","Exact Effects Database model page"
"IdiotBox Effects","Holy Trooper Fuzz (retired)","https://www.effectsdatabase.com/model/idiotbox/holytrooper","Exact Effects Database model page"
"MadeByMike","Saltstorm Overdrive","https://www.madebymike.co.uk/","Manufacturer product index listing Saltstorm"
"MadeByMike","Saltstorm Overdrive","https://www.talkbass.com/threads/the-holy-trinity.716685/","Independent historical mention of MadeByMike Saltstorm"
"Fjord Fuzz","Fjord-Fuzz Super-Fuzz","https://www.guitarpedalx.com/news/gpx-blog/fjord-fuzz---daniel-thornhills-cutting-edge-futuristic-fuzz-pedals-from-the-west-coast-of-norway","Independent exact-model historical coverage; 2019 builder profile explicitly lists Fjord-Fuzz Super-Fuzz"
"Katanasound","Super Bass Octave Fuzz","https://global.fcgrtokyo.com/elements/typeId/4/seriesId/4/id/43.html","Exact Katanasound/FCGR manufacturer product record for KS-EF-06"
"Katanasound","Super Bass Octave Fuzz","https://global.fcgrtokyo.com/dl/4197/attachment/7ed0fd/SuperBassFuzzManual.pdf","Exact manufacturer manual for KS-EF-06"
"Keeley Electronics","Dark Side Fuzz/Phaser","https://manuals.plus/asin/B01LFD29EK","Exact-model manual mirror with control/routing documentation"
"Limetone Audio","funther OD/DS/FZ","https://limetoneaudio.com/news.html","Manufacturer news archive documenting funther release/discontinuation history"
"Mad Professor Amplification","Sweet Honey Overdrive Handwired","https://mpamp.com/files/manuals/shod_hw_manuaali.pdf","Exact manufacturer Sweet Honey Overdrive Handwired manual"
"Marshall Amplification","Guv'nor Vintage Reissue Pedal","https://www.marshall.com/il/en/product/guvnor-vintage-reissue-pedal?color=black%2Band%2Bred&pid=1007075","Exact Marshall product page; current Guv'nor reissue"
"Marshall Amplification","JCM800 Overdrive Pedal","https://www.marshall.com/us/en/product/jcm800-overdrive-pedal?color=black%2Band%2Bgold&pid=1008155&redirected=1","Exact Marshall product page; model PEDL-92007"
"Marshall Amplification","JCM900 Overdrive Pedal","https://www.marshall.com/us/en/product/jcm900-overdrive-pedal?pid=1008156","Exact Marshall product page; model PEDL-92005"
"Marshall Amplification","Shredmaster Vintage Reissue","https://www.marshall.com/in/en/support/amps/support-for-shredmaster-vintage-reissue-pedal","Exact Marshall support page with controls, power, and identity"
"Marshall Amplification","Shredmaster Vintage Reissue Pedal","https://www.marshall.com/in/en/support/amps/support-for-shredmaster-vintage-reissue-pedal","Exact Marshall support page with controls, power, and identity"
"Maxon","D&S","https://maxonfx.com/products/reissue-series-effects-pedals-d-s-distortion-sustainer","Exact Maxon/Godlyke product page with circuit and component details"
"Maxon","D&S II","https://maxonfx.com/products/reissue-series-effects-pedals-d-s-ii-2-distortion-sustainer","Exact Maxon/Godlyke product page with circuit and component details"
"Maxon","OD820 Overdrive Pro+","https://maxonfx.com/collections/nine-series/overdrive","Exact Maxon/Godlyke 9-Series overdrive catalog; OD820 listing"
"Maxon","OSD-9 Overdrive / Soft Distortion","https://maxonfx.com/products/overdrive-soft-distortion-osd-9","Exact Maxon/Godlyke product page with detailed circuit description"
"Maxon","SD-9 Sonic Distortion / Overdrive","https://maxonfx.com/products/sonic-distortion-sd-9","Exact Maxon/Godlyke product page with detailed circuit description"
"Keeley Electronics","Super Phat Mod Mini","https://stage.rockboard.projekt123.de/en/pedalPedia/all/","Independent pedal directory records Super Phat Mod variants; use only for identity corroboration"
"Keeley Electronics","Super Phat Mod Mini","https://www.rockboard.de/en/pedalPedia/all/","Independent current pedal directory records Super Phat Mod variants; use only for identity corroboration"
"Marshall Amplification","Guv'nor Vintage Reissue Pedal","https://www.marshall.com/gb/en/product/guvnor-vintage-reissue-pedal?color=black%2Band%2Bred&pid=1007075","Exact current Marshall page with model PEDL-00101 and controls"
"Marshall Amplification","Shredmaster Vintage Reissue Pedal","https://www.marshall.com/rs/en/product/shredmaster-vintage-reissue-pedal","Exact current Marshall product page with PEDL-00102, controls, construction, and dimensions"
"Maxon","OOD-9 Organic Overdrive","https://maxonfx.com/products/nine-series-guitar-effects-pedals-organic-overdrive-ood-9","Exact Maxon/Godlyke OOD-9 product page with NJM/JRC 4558 and circuit history"
"Maxon","ROD881 Real Overdrive / Distortion","https://maxonfx.com/collections/real-tube-ii","Maxon/Godlyke Real Tube series archive identifies ROD881 as retired"
"Maxon / Nisshin Onpa","OD-9","https://maxonfx.com/collections/nine-series/overdrive","Maxon 9-Series catalog listing OD-9"
"Maxon / Nisshin Onpa","OD-9 Pro+","https://maxonfx.com/collections/nine-series/overdrive","Maxon 9-Series catalog listing OD-9Pro+"
"Maxon / Nisshin Onpa","OSD-9 Overdrive / Soft Distortion","https://maxonfx.com/collections/nine-series/distortion","Maxon 9-Series distortion catalog listing OSD-9"
"Maxon / Nisshin Onpa","SD-9 Sonic Distortion / Overdrive","https://maxonfx.com/collections/nine-series/distortion","Maxon 9-Series distortion catalog listing SD-9"
"Maxon / Nisshin Onpa","SSD-9 Super Sonic Distortion","https://maxonfx.com/products/super-sonic-distortion-ssd-9","Exact Maxon/Godlyke SSD-9 product page; documented relationship to SD-9"
"Maxon / Nisshin Onpa","TBO-9 True Tube Booster / Overdrive","https://maxonfx.com/products/true-tube-booster-overdrive-tbo-9","Exact Maxon/Godlyke TBO-9 product page with internal voltage doubler and tube-stage architecture"
"MOOER Audio / MOOER","Black Secret","https://www.mooeraudio.com/product/Black-Secret--149.html","Exact MOOER manufacturer product page and manuals"
"MOOER Audio / MOOER","Blade","https://www.mooeraudio.com/product/Blade--148.html","Exact MOOER manufacturer product page"
"MOOER Audio / MOOER","Blues Crab","https://www.mooeraudio.com/product/Blues-Crab--141.html","Exact MOOER manufacturer product page and manual"
"MOOER Audio / MOOER","Blues Mood","https://www.mooeraudio.com/products/22.html","Exact MOOER manufacturer product page and manual"
"MOOER Audio / MOOER","Cruncher","https://www.mooeraudio.com/product/Cruncher--145.html","Exact MOOER manufacturer product page and manual"
"MOOER Audio / MOOER","Green Mile","https://www.mooeraudio.com/product/Green-Mile--153.html","Exact MOOER manufacturer product page and manual"
"MOOER Audio / MOOER","Hustle Drive","https://www.mooeraudio.com/products/147.html","Exact MOOER manufacturer product page and manual"
"MOOER Audio / MOOER","Blue Faze","https://reverb.com/p/mooer-blue-faze","Exact-model Reverb reference with product specs and identity evidence"
"NUX Audio / NUX","Ace of Tone","https://nuxaudio.com/product/aceoftone/","Exact manufacturer product page with controls, routing, bypass, voltage, and specifications"
"Mr. Black","Barbeque Fuzz","https://www.effectsdatabase.com/model/mrblack/barbeque","Exact Effects Database model page; published June 30, 2017 with manufacturer link"
"MOOER Audio / MOOER","Grey Faze","https://mooer.jp/products/greyfaze","Exact MOOER regional product page with controls, germanium transistor, bypass, power, and dimensions"
"MOOER Audio / MOOER","Solo","https://www.mooeraudio.com/product/Solo-207.html","Exact MOOER manufacturer product page with modes, controls, technical specifications, and manual"
"MOOER Audio / MOOER","Ultra Drive MKII","https://www.mooeraudio.com/product/Ultra-Drive-MK%E2%85%A1--115.html","Exact MOOER manufacturer product page with three modes, technical specifications, and manual"
"MOOER Audio / MOOER","Ultra Drive MKII","https://mooer.jp/products/ultradrivemkii","Exact MOOER regional product page confirming MKII identity, controls, modes, and power"
"NUX Audio / NUX","Fireman","https://nuxaudio.com/product/fireman/","Exact manufacturer product page with controls, bypass/voltage switching, specifications, and manuals"
"NUX Audio / NUX","Drive Core Deluxe MKII","https://nuxaudio.com/product/drivecoredeluxemkii/","Exact manufacturer product page with eight analog drive circuits, post boost, bypass, power, and dimensions"
"NUX Audio / NUX","Drive Core Deluxe","https://nuxaudio.com/product/drivecoredeluxe/","Exact NUX legacy product page confirming discontinued/legacy status and manuals"
"Mask Audio Electronics","Ears Come To Die (historical limited-edition Fuzz Lab)","https://maskaudioelectronics.com/products/ears-come-do-die-diy","Exact manufacturer page stating the fuzz was originally a limited-edition Fuzz Lab and is now offered as a DIY project"
"Mojo Hand FX","Zephyr (historical/discontinued)","https://www.effectsdatabase.com/model/mojohand/zephyr","Exact Effects Database model page with historical publication and circuit description"
"Mojo Hand FX","Zephyr (historical/discontinued)","https://reverb.com/p/mojo-hand-fx-zephyr","Exact-model Reverb reference with controls, finish, year, and manufacturer identity"
"NUX Audio / NUX","BC-2 Vintage Blues Core","https://www.effectsdatabase.com/model/nux/bc2","Exact Effects Database model page published January 23, 2008 with model identity and manufacturer links"
"NUX Audio / NUX","FZ-2 Vintage Fuzz","https://www.effectsdatabase.com/model/nux/fz2","Exact Effects Database model page published January 23, 2008 with model identity, images, and manufacturer links"
"NUX Audio / NUX","Drive Core","https://www.effectsdatabase.com/model/nux/core/drivecore","Exact Effects Database model page with analog circuit, bypass, modes, power, and dimensions"
"NUX Audio / NUX","DS-3 Classic Distortion","https://manuals.plus/m/0985d799c03096b87ed1b04e3380d8e15438eb7294ffbbf6f5e487614dfa94e3","Exact-model owner manual mirror documenting analog circuit, controls, bypass, power, dimensions, and weight"
"MOOER Audio / MOOER","Thunderball","https://www.effectsdatabase.com/model/mooer/micro/thunderball","Exact Effects Database model page with two modes, bass-focused fuzz/distortion description, true bypass, power, and specifications"
"MOOER Audio / MOOER","Rumble Drive","https://www.effectsdatabase.com/model/mooer/micro/rumbledrive","Exact Effects Database model page with controls, overdrive description, true bypass, and power"
"MOOER Audio / MOOER","Solo","https://www.effectsdatabase.com/model/mooer/micro/solo","Exact Effects Database model page with three modes, controls, technical specifications, and model identity"
"MOOER Audio / MOOER","Eight Hands","https://www.effectsdatabase.com/model/mooer/micro/eighthands","Exact Effects Database model page with Chen Lei signature identity and manufacturer link"
"MOOER Audio / MOOER","Greenwood","https://www.effectsdatabase.com/model/mooer/micro/greenwood","Exact Effects Database model page identifying the Greenwood mix overdrive and manufacturer link"
"MOOER Audio / MOOER","MooerFog / Fog","https://www.effectsdatabase.com/model/mooer/micro/fog","Exact Effects Database model page for the MOOER Fog bass fuzz model"
"MOOER Audio / MOOER","Ultra Drive","https://www.mooeraudio.com/product/Ultra-Drive-MK%E2%85%A1--115.html","Exact manufacturer page for the Ultra Drive MKII; use EDB MDS4 separately for the original Ultra Drive identity and circuit lineage"
"MOOER Audio / MOOER","Ultra Drive","https://www.effectsdatabase.com/model/mooer/micro/mds4","Exact Effects Database page for MDS4 Ultra Drive; published February 7, 2012, with three modes and TA7136 chip"
"NUX Audio / NUX","HG-5 Modern High Gain","https://www.effectsdatabase.com/model/nux/hg5","Exact Effects Database model page; 3 gain stages with discrete circuit and FET tube-amp simulation"
"NUX Audio / NUX","HG-6 High Gain Distortion","https://www.effectsdatabase.com/model/nux/2012/hg6","Exact Effects Database model page; 2012 die-cast version with 3 gain stages and active mid EQ"
"NUX Audio / NUX","Horseman","https://nuxaudio.com/product/horseman/","Exact NUX manufacturer product page documenting Gold/Silver modes, voltage converter, bypass options, controls, and specifications"
"NUX Audio / NUX","Horseman","https://www.effectsdatabase.com/model/nux/verdugo/nhb5","Exact Effects Database model page for NUX Horseman with model identity and historical publication"
"NUX Audio / NUX","Metal Core","https://www.effectsdatabase.com/model/nux/core/metalcore","Exact Effects Database model page; two-voice heavy distortion, Tone Lock, and true bypass"
"NUX Audio / NUX","Metal Core Deluxe","https://www.effectsdatabase.com/model/nux/core/metalcore/deluxe","Exact Effects Database model page; two distortion voices, noise gate, 2-band EQ, USB, and true bypass"
"NUX Audio / NUX","Mini Distortion","https://www.effectsdatabase.com/model/nux/mini/distortion","Exact Effects Database model page with model identity, controls, bypass, power, dimensions, and OEM context"
"NUX Audio / NUX","OD-3 Overdrive","https://www.effectsdatabase.com/model/nux/2012/od3","Exact Effects Database model page; Level/Tone/Drive controls, true bypass, battery/adaptor power, and dimensions"
"NUX Audio / NUX","Scream Bass / Bass Overdrive","https://www.effectsdatabase.com/model/nux/core/scream/bass","Exact Effects Database model page; analog bass overdrive with overdrive-to-fuzz range and blend control"
"NUX Audio / NUX","’59 Bassguy","https://www.effectsdatabase.com/model/nux/reissue/59bassguy","Exact Effects Database model page; NRO-7 Reissue model identity and specifications"
"NUX Audio / NUX","Drive Core Deluxe","https://www.effectsdatabase.com/model/nux/core/drivecore/deluxe","Exact Effects Database model page; clean boost plus overdrive, bass boost, true bypass, and 2015 publication"
"NUX Audio / NUX","Drive Core Deluxe MKII","https://www.effectsdatabase.com/model/nux/core/drivecore/deluxe/mk2","Exact Effects Database model page; 8-way analog OD combination with post boost and 2025 publication"
"Pettyjohn Electronics","CHIME3","https://www.pettyjohnelectronics.com/product-page/chime3","Exact Pettyjohn manufacturer product page with clipping, transformer, EQ, controls, internal switches, and specifications"
"Pettyjohn Electronics","CHIME3","https://www.effectsdatabase.com/model/pettyjohn/chime","Exact Effects Database lineage page for the CHIME circuit and prior Foundry model"
"Pettyjohn Electronics","GOLD3","https://www.pettyjohnelectronics.com/product-page/gold3","Exact Pettyjohn manufacturer product page with transformer, clipping, gain, EQ, power, and dimensions"
"Pettyjohn Electronics","IRON3","https://www.pettyjohnelectronics.com/product-page/iron3","Exact Pettyjohn manufacturer product page with JRC4558-based soft clipping, transformer, clean mix, EQ, and dimensions"
"Pettyjohn Electronics","IRON3","https://www.effectsdatabase.com/model/pettyjohn/iron","Exact Effects Database lineage page for Iron, including IRON3 relationship"
"Phaez Amplification","Alligator Overdrive","https://phaezamplification.com/pedals/","Exact manufacturer 2026 pedal lineup page announcing the new Alligator overdrive and its Fender Twin/Blackface tonestack"
"NUX Audio / NUX","DS-3 Classic Distortion","https://www.effectsdatabase.com/model/nux/2012/ds3","Exact Effects Database model page; analog circuit, Level/Gain/Tone, true bypass, 9V battery/adapter, and published 2015"
"NUX Audio / NUX","DS-3 Classic Distortion","https://manuals.plus/nux/ds-3-effects-guitar-pedal-manual.pdf","Exact-model manual with control functions, connections, power, dimensions, weight, and product interface"
"Mr. Black","Jalapeño","https://www.guitarpedalx.com/news/gpx-blog/2017-new-guitar-pedals-of-the-year","Exact-model 2017 contemporary listing for Mr Black Jalapeño Overdrive"
"Mr. Black","Jalapeño","https://reverb.com/item/83327118-mr-black-jalapeno-ltd-ed-version-jds-50-overdrive","Exact-model historical Reverb listing for a Jalapeño limited-edition JDS-50 overdrive"
"Mystic Effects Co","Driven-Parallel Overdrive","https://martelmusicstore.com/collections/mystic-effects-co","Exact retailer collection listing confirming the Driven- Parallel Overdrive as a Mystic Effects Co pedal; use only for identity/existence unless stronger product documentation is found"
"Pettyjohn Electronics","RAIL","https://www.pettyjohnelectronics.com/post/rail-info-legacy-product","Exact Pettyjohn legacy RAIL page identifying the CORE Series full-range fuzz machine and its power architecture"
"Phaez Amplification","Octopus","https://phaezamplification.com/pedals/","Exact manufacturer page identifying the Octopus as Phaez's OCD-type circuit and documenting component details for One.3"
"Pigdog Pedals","GO","https://www.pigdogpedals.com/shop/","Exact manufacturer shop page identifying GO (Germanium Overdrive) V1"
"Maxon","RTO700","https://www.gear4music.com/Guitar-and-Bass/Maxon-RTO700-Real-Tube-Overdrive-Pedal/1QYP","Exact-model retailer page with full-size tube, three gain stages, no clipping diodes, EQ, noise suppressor, and product image"
"Maxon","SM-9 Pro+","https://www.effectsdatabase.com/model/maxon/9/sm9/pro/plus","Exact Effects Database model page for SM-9Pro+ Super Metal with controls, voltage modes, identity, and product imagery"
"Radial Tonebone","Classic","https://www.radialeng.com/product/classic","Exact Radial manufacturer legacy page for Tonebone Classic tube distortion with product image and discontinued status"
"Voodoo Lab","Superfuzz","https://voodoolab.com/wp-content/uploads/2022/08/superfuzz_manual-1.pdf","Exact Voodoo Lab manual for Superfuzz with product identity and product imagery"
"TC Electronic","Honey Pot Fuzz","https://www.sweetwater.com/store/detail/HoneyPotFuzz--tc-electronic-honey-pot-fuzz-pedal","Exact-model retailer page for Honey Pot Fuzz with product identity and imagery"
"Stomp Under Foot","Halo Bender","https://stompunderfoot.com/blogs/blog/evolution-of-the-dire-wolf","Exact manufacturer history page documenting the Halo Bender Distortion origin and pedal imagery"
"VFE Pedals","The Scream","https://www.effectsdatabase.com/model/vfe/thescream","Exact Effects Database page for VFE The Scream with model identity, circuit description, controls, and imagery"
"Pigtronix","Gas Giant","https://www.pigtronix.com/pedals/gas-giant/","Exact Pigtronix manufacturer page for Gas Giant Analog Jumbo Fuzz with product imagery and technical specifications"
"Pigtronix","Octava","https://www.pigtronix.com/pedals/octava/","Exact Pigtronix manufacturer page for Octava Analog Octave Fuzz with product imagery and technical specifications"
"NUX Audio / NUX","BC-2 Vintage Blues Core","https://www.effectsdatabase.com/model/nux/bc2","Exact Effects Database model page identifying NUX BC-2 Vintage Blues Core in the Core series"
"Radial Engineering / Tonebone","Bassbone OD","https://www.radialeng.com/product/bassbone-od/","Exact manufacturer product page with overdrive, feature, and specification documentation"
"Radial Engineering / Tonebone","Bones London Dual-Mode Distortion","https://www.radialeng.com/product/bones-london","Exact manufacturer legacy product page; discontinued, dual-mode British Plexi-style distortion, 9V operation"
"Radial Engineering / Tonebone","Bones Texas Dual Mode Overdrive","https://www.effectsdatabase.com/model/radial/tonebone/bones/texas","Exact Effects Database model page with identity, controls, and historical publication"
"Radial Engineering / Tonebone","Tonebone Hot British","https://www.radialeng.com/product/hot-british-legacy","Exact manufacturer legacy product page; discontinued, 12AX7 tube distortion and control description"
"Radial Engineering / Tonebone","Regency Overdrive and Boost","https://www.radialeng.com/product/regency","Exact manufacturer legacy product page; discontinued dual-function overdrive and class-A booster"
"Radial Engineering / Tonebone","Tonebone Plexitube","https://www.radialeng.com/product/plexitube/specifications","Exact manufacturer Plexitube specification page documenting hybrid tube/proprietary circuit, dimensions, construction, and power"
"ReevesElectro","2n2FACE Silicon FuzzFace","https://reeveselectro.co.uk/products/2n2face-silicon-fuzzface","Exact manufacturer product page documenting 2n2222A transistors, point-to-point construction, FaceLift version, power, and identity"
"Radial Engineering / Tonebone","Tonebone Plexitube","https://www.radialeng.com/product/plexitube/faq","Exact manufacturer FAQ documenting 12AX7 tube role, hybrid design, 15V power, and effects-loop behavior"
"ReevesElectro","2n2FACE Silicon FuzzFace","https://reeveselectro.co.uk/pages/user-documentation","Exact manufacturer documentation index for 2N2FACE"
"ReevesElectro","Leo Twelve","https://reeveselectro.co.uk/collections/pedals","Exact manufacturer pedal collection identifying Leo Twelve as a Tweed Voiced Transistor OverDrive"
"ReevesElectro","ZO Zonk Machine MK2","https://reeveselectro.co.uk/products/zo-zonk-machine-mk2-silicon-fuzz-with-nos-transistors","Exact manufacturer product page documenting the MK2 Zonk circuit, NOS 2N2926 silicon transistors, controls, power, and construction"
"Retro Mechanical Labs","432k Rev 2.1 Distortion","https://rmlfx.com/432k-rev-2-1-b-stock/","Exact manufacturer page documenting the redesigned Rev 2.1 circuit, filter, CV control, controls, construction, and 18V power"
"Reuss Musical Instruments","Backslide Overdrive","https://www.reusseffects.com/products/backslide","Exact manufacturer product page documenting discontinued status, Tokai TOD-1 basis, vintage semiconductors, clipping options, fat switch, and power"
"RYRA","The Klone V2","https://www.long-mcquade.com/GearHunter/827338/RYRA-THE-KLONE-PEDAL.htm","Exact-model retailer record documenting RYRA Klone V2 identity, buffered bypass, 9V power, controls, and dimensions"
"SBGO Effects","Creamy Fuzz","https://sbgo-effects.com/en/","Exact manufacturer site documenting Creamy Fuzz as a silicon fuzz with soft/hard modes, gain/fuzz/volume controls, and true bypass"
"RYRA","The Klone V2","https://www.long-mcquade.com/GearHunter/827338/RYRA-THE-KLONE-PEDAL.htm","Exact-model retailer record documenting Klone V2, buffered bypass, 9V power, controls, and dimensions"
"Reuss Musical Instruments","Backslide Overdrive","https://www.reusseffects.com/products/backslide","Exact manufacturer product page documenting discontinued status, Tokai TOD-1 basis, NOS semiconductors, clipping options, fat switch, and power"
"Retro Mechanical Labs","432k Rev 2.1 Distortion","https://rmlfx.com/432k-rev-2-1-b-stock/","Exact manufacturer 432k Rev 2.1 page documenting redesigned gain stage, ladder filter, CV, controls, and 18V supply"
"Sitek Guitar Electronics","Wuffy Fuzzy Distortion","https://www.sitek.rocks/product/wuffy-distortion/","Exact manufacturer product page documenting discrete four-stage analog circuit, controls, clipping switch, true bypass, and dimensions"
"TONECAT","Brutus","https://www.tonecat.life/shop/p/tonecat-brutus-overdrive","Exact manufacturer product page documenting BRUTUS dynamic crunch overdrive, two-stage soft clipping, active 3-band EQ, +20 dB preamp gain, and controls"
"Vemuram","Myriad w/loop Fuzz Pedal","https://www.visionguitar.com/products/vemuram-myriad-josh-smith-signature-fuzz-pedal-loop-dry-mix","Exact-model retailer documentation for the Vemuram Myriad loop/mix fuzz, including hybrid germanium/silicon transistors and routing controls"
"Vemuram","Myriad w/loop Fuzz Pedal — fuzz / loop-mix identity","https://www.peachguitars.com/vemuram-myriad-josh-smith-signature-hybrid-fuzz-loop-mix-pedal.htm","Exact-model retailer documentation for the Vemuram Myriad loop/mixer/fuzz architecture and control set"
"Visual Sound / Truetone","Angry Fuzz","https://www.effectsdatabase.com/model/visualsound/angryfuzz","Exact Effects Database model page documenting Visual Sound Angry Fuzz, octave-up circuit, controls, dimensions, and historical publication"
"Visual Sound / Truetone","Jekyll & Hyde","https://www.effectsdatabase.com/model/visualsound/jekyllhyde","Exact Effects Database model page documenting Jekyll & Hyde versions, controls, circuit descriptions, and dimensions"
"Visual Sound / Truetone","Jekyll & Hyde (original)","https://www.effectsdatabase.com/model/visualsound/jekyllhyde","Exact Effects Database model page documenting the original Visual Sound Jekyll & Hyde identity and version history"
"Visual Sound / Truetone","Open Road","https://www.effectsdatabase.com/model/visualsound/openroad","Exact Effects Database model page documenting Visual Sound Open Road, controls, dimensions, and current draw"
"Visual Sound / Truetone","Son of Hyde","https://truetone.com/wp-content/uploads/2017/10/V2-Son-of-Hyde-Sample-Settings.pdf","Exact manufacturer PDF documenting Son of Hyde controls, noise gate, internal bass control, power, and relationship to Jekyll & Hyde distortion channel"
"Visual Sound / Truetone","V2 Jekyll & Hyde","https://www.truetone.com/MANUALS/V3JH-Instructions-rev-2.pdf","Manufacturer manual documenting Jekyll & Hyde history and V2/V3 control architecture"
"Visual Sound / Truetone","VS-XO","https://www.effectsdatabase.com/model/visualsound/xo","Exact Effects Database model page documenting VS-XO dual-overdrive identity and controls"
"Visual Sound / Truetone","VS-XO","https://www.bax-shop.nl/downloads/products/9000-0007-0767/visual_sound_vs_xo_premium_dual_overdrive_manual.pdf","Exact-model manufacturer manual mirror documenting both overdrive channels, clipping options, bass switches, clean mix, and power"
"Walrus Audio","Ages Five-State Overdrive — Overdrive","https://www.walrusaudio.com/collections/all-effect-pedals/products/ages-five-state-overdrive","Exact manufacturer product page documenting five gain/clipping states, dry blend, bass pre-EQ, true bypass, power, and dimensions"
"Walrus Audio","Eons Five-State Fuzz — Fuzz","https://www.walrusaudio.com/collections/overdrive-fuzz-distortion/products/eons-five-state-fuzz","Exact manufacturer product page documenting five clipping configurations, voltage starvation from 3V to 18V, EQ, true bypass, power, and dimensions"
"Visual Sound / Truetone","V2 Son of Hyde","https://www.effectsdatabase.com/model/visualsound/sonofhyde","Exact Effects Database model page identifying Visual Sound Son of Hyde as the single-pedal Hyde distortion and documenting controls, dimensions, and current draw"
"Visual Sound / Truetone","V2 Son of Hyde","https://www.guitarcenter.com/Visual-Sound/V2-Series-V2SOH-Son-of-Hyde-Distortion-Guitar-Effects-Pedal-1274115035989.gc","Exact-model retailer archive documenting V2SOH identity, controls, dimensions, noise reduction, and discontinued retail status"
"Vemuram","Myriad — fuzz / hybrid fuzz + loop identity","https://allthepedals.com/pedals/vemuram-myriad","Exact-model archival reference describing Myriad as a Josh Smith fuzz with germanium/silicon transistors, loop, mixer, and routing functions"
"Stomp Under Foot","La Scatola Nero","https://www.guitarpedalx.com/news/gpx-blog/guitar-pedal-directory---favourite-pedals-by-preferred-pedal-makers","Exact-model independent directory reference identifying La Scatola Nero as a Fuzz + Octave pedal"
"Tone Hungry Effects","Hot Molasses Mini Overdrive","https://www.guitarpedalx.com/news/gpx-blog/best-of-canadian-guitar-pedals-and-pedal-builders","Exact-model independent directory reference identifying Hot Molasses Mini Overdrive in the Tone Hungry Effects range"
"Smallsound/Bigsound","Year of the Rat","https://www.templeplanner.com/","Exact-model pedal-planning database entry naming Smallsound/Bigsound Year of the Rat"
"Visual Sound / Truetone","V2 Son of Hyde","https://www.effectsdatabase.com/model/visualsound/sonofhyde","Exact Effects Database model page documenting V2 Son of Hyde identity, Hyde-channel relationship, controls, dimensions, and current draw"
"Visual Sound / Truetone","V2 Son of Hyde","https://truetone.com/wp-content/uploads/2017/10/V2-Son-of-Hyde-Sample-Settings.pdf","Manufacturer PDF documenting V2 Son of Hyde controls, internal bass/noise-gate settings, and 9V power"
"Vemuram","Myriad — fuzz / hybrid fuzz + loop identity","https://allthepedals.com/pedals/vemuram-myriad","Exact-model archival reference documenting the Josh Smith Myriad as fuzz + loop + mixer with germanium/silicon transistor choices and dual-output routing"
"Pigtronix","Gas Giant","https://www.pigtronix.com/pedals/gas-giant/","Exact manufacturer product page documenting Gas Giant analog jumbo fuzz, controls, switching, power, and specifications"
"Pigtronix","Octava","https://www.pigtronix.com/pedals/octava/","Exact manufacturer product page documenting Octava analog octave fuzz, controls, filter, drive, bypass, power, and specifications"
"Pigtronix","Philosopher's Gold","https://www.pigtronix.com/pedals/philosophers-gold/","Exact manufacturer product page documenting Philosopher's Gold compressor plus germanium distortion, controls, bypass, power, and dimensions"
"Radial Engineering / Tonebone","Tonebone Classic","https://www.radialeng.com/product/classic","Exact manufacturer legacy product page documenting discontinued Tonebone Classic identity, 12AX7 tube circuit, controls, bypass, and specifications"
"Suhr","Rufus Fuzz","https://www.suhr.com/product-archive/archived-pedals/suhr-rufus-fuzz/","Exact manufacturer archive page documenting Rufus Fuzz, two modes, three-band EQ, true bypass, FX Link, and specifications"
"Tech 21 NYC","Bass Boost Fuzz","https://www.tech21nyc.com/archive/bassboost-fuzz/","Exact manufacturer archive page documenting Bass Boost Fuzz identity, analog Boost Series circuit, components, controls, and power"
"Tech 21 NYC","Hot-Rod Plexi","https://www.tech21nyc.com/archive/hot-rod-plexi/","Exact manufacturer archive page documenting Hot-Rod Plexi identity, Plexi-inspired circuit, Punch control, power, dimensions, and weight"
"Voodoo Lab","Superfuzz","https://voodoolab.com/product/superfuzz/","Exact manufacturer product page documenting Superfuzz identity, Jordan Electronics Bosstone basis, controls, bypass, power, dimensions, and weight"
"Walrus Audio","Kangra Filter Fuzz","https://www.effectsdatabase.com/model/walrus/kangra","Exact Effects Database model page documenting Kangra Filter Fuzz identity, octave fuzz/filter architecture, controls, and historical publication"
"Wampler Pedals","cataPulp","https://www.wamplerpedals.com/downloads/","Exact manufacturer downloads index listing cataPulp manual and documentation"
"Wampler Pedals","The Doctor","https://www.wamplerpedals.com/downloads/","Exact manufacturer downloads index listing The Doctor manual and documentation"
"Wampler Pedals","Thirty Something","https://www.wamplerpedals.com/wp-content/uploads/2019/11/thirty_something.pdf","Exact manufacturer manual documenting Thirty Something identity, controls, British-voiced circuit, and product imagery"
"Wampler Pedals","Triple Wreck","https://www.wamplerpedals.com/wp-content/uploads/2019/11/Triple_Wreck.pdf","Exact manufacturer manual documenting Triple Wreck identity, controls, distortion/fuzz architecture, true bypass, and product imagery"
"VFE Pedals","The Scream","https://www.effectsdatabase.com/model/vfe/thescream","Exact Effects Database model page documenting The Scream identity, TS808 relationship, added FAT/FILTER controls, and historical publication"
"Suhr","Rufus Fuzz","https://www.suhr.com/product-archive/archived-pedals/suhr-rufus-fuzz/","Exact manufacturer archive page with Rufus identity, two modes, 3-band EQ, true bypass, FX Link, power, and specifications"
"Voodoo Lab","Superfuzz","https://voodoolab.com/product/superfuzz/","Exact manufacturer product page with Superfuzz identity, Bosstone basis, controls, true bypass, power, dimensions, and weight"
"Tech 21 NYC","Bass Boost Fuzz","https://www.tech21nyc.com/archive/bassboost-fuzz/","Exact manufacturer archive page with Bass Boost Fuzz identity, analog Boost Series construction, 21dB clean boost, and control architecture"
"Wampler Pedals","Triple Wreck","https://www.wamplerpedals.com/wp-content/uploads/2019/11/Triple_Wreck.pdf","Exact manufacturer manual documenting Triple Wreck identity, three-band EQ, voicing switch, boost contour, modern rectified distortion, and product image"
"Copper Gear","Brontide Device","https://www.effectsdatabase.com/model/coppergear/brontide/device","Exact Effects Database model page documenting Brontide Device controls, diode-swapping design, bypass, power, construction, and historical publication"
"Compulsive Audio","Face-Off Fuzz","https://www.effectsdatabase.com/model/compulsive/faceoff","Exact Effects Database model page for Compulsive Audio Face-Off Fuzz with exact-model identity and archived imagery"
"Compulsive Audio","Tone Oracle","https://www.effectsdatabase.com/model/compulsive/toneoracle","Exact Effects Database model page documenting Tone Oracle Plexi emulation, JFET discrete circuit, controls, and power"
"Copilot FX","Terra","https://www.copilotfx.com/terra.html","Exact manufacturer product page documenting Terra dual fuzz voices, controls, CV/Expression, construction, and power"
"Copilot FX","Trek","https://www.copilotfx.com/trek.html","Exact manufacturer product page documenting Trek pulse-width fuzz, oscillator, controls, CV/Expression, construction, and power"
"Columbus","OVD-5 Overdrive","https://www.effectsdatabase.com/model/columbus/ovd5","Exact Effects Database model page documenting Columbus OVD-5 identity and historical reference"
"Crazy Rock'n'Roll Effecter","TONE BENDER M.K Ⅰ. Ⅴ","https://www.c-r-effecter.com/tone-bender","Exact manufacturer page documenting TONE BENDER M.K I.V, Mullard OC72 transistor, Level/Attack controls, true bypass, and battery power"
"DeadastronautFX","EasyDriver","https://deadastronaut.wixsite.com/effects","Exact manufacturer site listing EasyDriver Overdrive among its pedal designs and PCB projects"
"Critter Electronics","CRR Klone","https://critterelectronics.com/shop","Exact manufacturer shop listing CRR Klone identity and product imagery"
"CBS-Arbiter","CBS-Arbiter Fuzz Phazer","https://www.effectsdatabase.com/model/arbiter/cbs","Exact Effects Database CBS-Arbiter catalog page listing CBS-Arbiter Fuzz Phazer as a 1975-1979 product"
"Vemuram","Oz","https://intl.ishibashi.co.jp/products/03-2800005251807","Exact-model retailer listing with Vemuram Oz identity and visible product documentation; use as secondary corroboration"
"Vemuram","SHANKS ODS-1 — overdrive","https://www.effectsdatabase.com/model/vemuram/shanks/ods1","Exact Effects Database model page documenting Vemuram Shanks ODS-1, John Shanks collaboration, controls and trimmers"
"Vertex Effects","Steel String","https://www.vertexeffects.com/steel-string-ii","Exact manufacturer page documenting Steel String family; MKII is based on Dumble Steel String Singer #001 and uses Gain, Filter, Level and Jazz/Rock controls"
"VOX","Cutting Edge","https://voxamps.com/product/cutting-edge/","Exact manufacturer product page documenting VOX Cutting Edge Valvenergy Nutube distortion, outputs, cabinet simulator, controls, power, dimensions, and weight"
"Wampler Pedals","cataPulp","https://www.wamplerpedals.com/downloads/","Exact manufacturer downloads index listing cataPulp documentation"
"Wampler Pedals","Triple Wreck","https://www.wamplerpedals.com/wp-content/uploads/2019/11/Triple_Wreck.pdf","Exact manufacturer manual documenting Triple Wreck modern rectified distortion, controls, voicing, boost contour, power, and product image"
"Maxon","RTO700","https://www.gear4music.com/Guitar-and-Bass/Maxon-RTO700-Real-Tube-Overdrive-Pedal/1QYP","Exact-model retailer archive documenting RTO700 Real Tube Overdrive, full-size vacuum tube, three gain stages, 3-band EQ, noise suppressor, and heater in-rush control"
"Maxon","SM-9 Pro+","https://www.muziker.com/maxon-sm-9-pro-plus-super-metal","Exact-model retailer reference documenting SM-9 Pro+ Super Metal identity and control panel"
"Outlaw Effects","Cactus Juice 2-Mode Overdrive","https://www.outlaweffects.com/cactusjuice","Exact manufacturer product page documenting Cactus Juice Normal/Juiced modes, Level/Gain/Tone controls, and product imagery"
"Pettyjohn Electronics","RAIL","https://www.pettyjohnelectronics.com/v3demos","Exact manufacturer demo/archive page with RAIL identity and multiple exact-model demos"
"Phaez Amplification","Octopus","https://phaezamplification.com/pedals/","Exact manufacturer product page documenting The Octopus OCD-type circuit and current One.3 version details"
"Pigtronix","Philosopher's Gold","https://www.guitarcenter.com/Pigtronix/Philosophers-Gold-Compression-Effects-Pedal-Gold-1500000362803.gc","Exact-model retailer page documenting Philosopher's Gold optical compressor plus germanium distortion and visible product imagery"
"Pigtronix","Philosopher’s Tone 2","https://www.pigtronix.com/pedals/philosophers-tone-2/","Exact manufacturer product page documenting Philosopher's Tone 2 compressor/sustainer with footswitchable Grit and germanium/silicon modes"
"VFE Pedals","The Scream","https://www.effectsdatabase.com/model/vfe/thescream","Exact Effects Database model page documenting The Scream, TS808 relationship, FAT/FILTER controls, and extended gain range"
"Vemuram","Shanks 4K — fuzz","https://www.effectsdatabase.com/model/vemuram/shanks/4k","Exact Effects Database model page documenting Vemuram Shanks 4K fuzz identity and controls"
"Vemuram","SHANKS ODS-1 — overdrive","https://www.effectsdatabase.com/model/vemuram/shanks/ods1","Exact Effects Database model page documenting Shanks ODS-1 and John Shanks collaboration"
"Stomp Under Foot","La Scatola Nero","https://www.chicagomusicexchange.com/products/stomp-under-foot-la-scatola-nera-octave-fuzz-pedal-1124057","Exact-model retailer archive identifying La Scatola Nera as an octave-fuzz pedal with visible exact product photographs"
"Outlaw Effects","Cactus Juice 2-Mode Overdrive","https://www.outlaweffects.com/_files/ugd/ad44d6_278626782e86465a883440294a4300b8.pdf","Manufacturer manual documenting Cactus Juice Normal/Juiced modes, controls, true bypass, 9V power, and exact product illustration"
"Pettyjohn Electronics","RAIL","https://www.pettyjohnelectronics.com/v3demos","Manufacturer demo archive documenting the RAIL fuzz and exact-model video/image references"
"Phaez Amplification","Octopus","https://phaezamplification.com/pedals/","Manufacturer pedal page documenting The Octopus as the current name for the OCD-type circuit and listing multiple Octopus versions"
"Xotic Effects","BB Preamp V1.5 — Boost / Overdrive","https://xotic.us/effects/bb-preamp/","Exact manufacturer product page documenting BB Preamp V1.5, 30dB+ boost, active ±15dB EQ, true bypass, power, dimensions, and weight"
"MadeByMike","Dist²","https://www.madebymike.co.uk/dist2.shtml","Exact manufacturer product page documenting Dist² as a modern interpretation of the MXR Distortion II, with Volume, Drive, Filter, Resonance, true bypass, and 9V operation"
"Mad Professor Amplification","Fire Red Fuzz","https://www.effectsdatabase.com/model/madprofessor/fireredfuzz","Exact Effects Database model page documenting Fire Red Fuzz, BJF design, Volume/Fuzz/Tone controls, power range, true bypass, and factory/handwired records"
"Pigdog Pedals","GO","https://www.pigdogpedals.com/shop/","Exact manufacturer shop page documenting GO as a Germanium Overdrive V1 and its germanium-transistor design intent"
"Phaez Amplification","Octopus","https://phaezamplification.com/pedals/","Exact manufacturer page documenting The Octopus as the current name for the OCD-type overdrive circuit and listing One.3 version details"
"Stomp Under Foot","La Scatola Nero","https://www.chicagomusicexchange.com/products/stomp-under-foot-la-scatola-nera-octave-fuzz-pedal-1124057","Exact-model retailer archive documenting La Scatola Nero identity and exact enclosure/control layout"
"Rocktron","Rampage","https://www.rocktron.com/rocktron-rampage-distortion/","Exact manufacturer product page documenting Rampage distortion, Scoop/Bass/Treble/Level/Sustain controls, gain range, low noise, and chassis"
"Walrus Audio","Kangra Filter Fuzz","https://www.sweetwater.com/store/detail/KangraFuzz--walrus-audio-kangra-filter-fuzz-pedal","Exact-model retailer archive documenting Kangra octave fuzz/filter, Modern/Vintage fuzz modes, envelope filter, and exact product imagery"
"Visual Sound / Truetone","Route 66","https://pedalfilter.com/visual-sound/route-66","Exact-model reference documenting Route 66 dual overdrive/compressor identity, TS808-style OD, JRC4558, controls, and historical continuity"
"Voodoo Lab","Superfuzz","https://voodoolab.com/superfuzz-faq/","Exact manufacturer FAQ documenting Superfuzz Bosstone basis, Tone/Resonance/Attack functions, bypass, power variations, and dimensions"
"Collins","CSD-1 Pro Super Dust","https://www.effectsdatabase.com/model/collins/1pro/csd1","Exact Effects Database model page identifying Collins CSD-1 Pro Super Dust as a fuzz pedal and linking historical retailer sources"
"Columbus","OVD-5 Overdrive","https://www.effectsdatabase.com/model/columbus/ovd5","Exact Effects Database model page identifying Columbus OVD-5 Overdrive and its vintage Japanese OVD-5 family context"
"Compulsive Audio","Face-Off Fuzz","https://www.effectsdatabase.com/blog/discofreq?page=104","Effects Database historical index entry explicitly listing Compulsive Audio Face-Off Fuzz among the company's 2010 releases"
"Compulsive Audio","Tone Oracle","https://www.effectsdatabase.com/model/compulsive/toneoracle","Exact Effects Database model page documenting Tone Oracle Plexi/JMP emulation, JFET discrete circuit, controls, and power"
"Copilot FX","Terra","https://www.copilotfx.com/terra.html","Exact manufacturer product page documenting Terra dual fuzz voices, controls, CV input, 9V power, and dimensions"
"Copilot FX","Trek","https://www.copilotfx.com/trek.html","Exact manufacturer product page documenting Trek pulse-width fuzz/oscillator, parallel dry path, controls, CV input, and power"
"Copper Gear","Brontide Device","https://www.effectsdatabase.com/model/coppergear/brontide/device","Exact Effects Database model page documenting the handmade diode-customizable Brontide distortion, controls, diode options, power, and construction"
"Crazy Rock'n'Roll Effecter","TONE BENDER M.K Ⅰ. Ⅴ","https://www.c-r-effecter.com/tone-bender","Exact manufacturer page documenting TONE BENDER M.K I.V, Mullard OC72 germanium transistor, Level/Attack controls, true bypass, and 9V battery"
"Critter Electronics","CRR Klone","https://critterelectronics.com/shop","Exact manufacturer shop page identifying CRR Klone by Critter Electronics and showing current product listing/finish state"
"DeadastronautFX","EasyDriver","https://deadastronaut.wixsite.com/effects","Exact manufacturer site listing EASYDRIVER OVERDRIVE among DeadastronautFX designs"
"Mystic Effects Co","Driven-Parallel Overdrive","https://mysticeffectsco.com/","Manufacturer site links to the exact Mystic Effects Co Reverb shop and current pedal range; use retailer product listing for exact model details"
"NUX Audio / NUX","BC-2 Vintage Blues Core","https://www.effectsdatabase.com/model/nux/bc2","Exact Effects Database model page identifying NuX BC-2 Vintage Blues Core in the Core series"
"Vick Audio","V2 Violet Ram","https://reverb.com/p/vick-audio-violet-rams-head-fuzz","Exact Reverb product reference for Vick Audio Violet Ram's Head Fuzz with product gallery, finish, era, and model identity"
"Vick Audio","V2 Violet Ram","https://reverb.com/p/vick-audio-violet-rams-head-fuzz","Exact Reverb model reference for Vick Audio Violet Ram's Head Fuzz with product gallery, finish, era, and model identity"
"VOX","Cutting Edge","https://voxamps.com/product/cutting-edge/","Exact VOX manufacturer product page documenting VECE Cutting Edge valve distortion, Nutube, controls, modes, power, dimensions, and specifications"
"Collins","CSD-1 Pro Super Dust","https://www.effectsdatabase.com/model/collins/1pro/csd1","Exact Effects Database model page documenting Collins CSD-1 Pro Super Dust identity and fuzz classification"
"Columbus","OVD-5 Overdrive","https://www.effectsdatabase.com/model/columbus/ovd5","Exact Effects Database model page documenting Columbus OVD-5 Overdrive identity and related OVD-5 family records"
"Mad Professor Amplification","Fire Red Fuzz","https://mpamp.com/product/25/fire-red-fuzz","Exact Mad Professor manufacturer product page documenting discontinued Fire Red Fuzz, controls, power, current draw, bypass, and construction/origin"
"Voodoo Lab","Superfuzz","https://voodoolab.com/product/superfuzz/","Exact manufacturer product page documenting Superfuzz identity, Bosstone basis, controls, power, dimensions, and weight"
"Walrus Audio","Kangra Filter Fuzz","https://www.walrusaudio.com/pages/kangrafilterfuzz","Exact Walrus Audio product page documenting Kangra Filter Fuzz identity and product presentation"
